id, area

YAL068W-A,11037.893038
YAL068C,3126.29090909
YAL067W-A,1698.51818182
YAL067C,17941.2011364
YAL066W,3763.377
YAL065C,1817.31666667
YAL064W-B,3289.475
YAL064C-A,2369.125
YAL064W,10234.9713158
YAL063C-A,1321.7
YAL063C,1999.25833333
YAL062W,9608.04
YAL061W,27154.988147
YAL060W,28427.8854004
YAL059W,4209.36904762
YAL059C-A,4801.2421875
YAL058W,3918.47307692
YAL056C-A,15245.9706522
YAL056W,10456.1592593
YAL055W,2401.13571429
YAL054C,29153.3710938
YAL053W,28182.3243067
YAL051W,21582.689199
YAL049C,13626.1215976
YAL047W-A,4804.80652174
YAL048C,12083.85625
YAL047C,4657.74615385
YAL046C,8526.38777778
YAL044W-A,4938.61987952
YAL045C,10494.9206633
YAL044C,18792.1226674
YAL043C,18507.4811456
YAL042W,19373.4759947
YAL042C-A,7454.88451327
YAL041W,22018.7883549
YAL040C,30762.0012385
YAL039C,24648.3671353
YAL038W,35103.5949948
YAL037C-B,6623.06285714
YAL037C-A,4982.76126761
YAL037W,6244.51141304
YAL036C,23584.1794664
YAL035W,22659.2568132
YAL034W-A,3142.90657895
YAL034C-B,3211.31931818
YAL034C,17982.375283
YAL033W,16106.7916667
YAL032C,6918.89184783
YAL031W-A,13141.6565502
YAL031C,22368.5222704
YAL030W,22137.8512821
YAL029C,4089.10789474
YAL028W,4129.92321429
YAL027W,5358.721875
YAL026C-A,2679.27142857
YAL026C,20662.5073171
YAL025C,1837.46
YAL024C,4477.68679245
YAL023C,8527.21371951
YAL022C,4997.1738806
YAL021C,19687.9510393
YAL019W-A,5890.52787611
YAL020C,20860.6456679
YAL019W,20633.4992424
YAL018C,25380.7806362
YAL017W,25155.6572456
YAL016C-B,18136.8986159
YAL016W,19319.6958984
YAL016C-A,6911.9715
YAL015C,8621.18522727
YAL014C,19141.1142468
YAL013W,19063.3146465
YAL012W,28425.3827708
YAL011W,7835.47983871
YAL010C,7408.30979381
YAL009W,5739.84671053
YAL008W,7357.40738255
YAL007C,20094.6304009
YAL004W,2193.48
YAL005C,35257.390793
YAL003W,35846.1806908
YAL002W,12396.3577922
YAL001C,21569.4927273
YAR002W,2814.1
YAR002C-A,5033.54552239
YAR003W,5907.322
YAR007C,19703.7892351
YAR008W,19415.4990251
YAR014C,25040.7145701
YAR015W,24920.8282677
YAR018C,4179.61285714
YAR019W-A,5852.4825
YAR019C,11756.4
YAR020C,8043.52279412
YAR023C,7238.49269663
YAR027W,9971.41911765
YAR028W,23660.9989529
YAR029W,8178.47428571
YAR031W,2052.23863636
YAR030C,2311.52586207
YAR033W,7944.38465347
YAR035W,21157.0319296
YAR035C-A,15493.9726316
YAR042W,17035.0245968
YAR047C,3958.44489796
YAR050W,3836.97717391
YAR053W,2727.19615385
YAR060C,0
YAR064W,0
YAR066W,0.0
YAR068W,0
YAR069C,375.0
YAR070C,0
YAR071W,0
YAR073W,13591.8497283
YAR075W,823.4
YJL225W-A,0
YJL225C,0
YJL223C,0
YJL222W-B,0
YJL222W-A,0
YJL222W,0
YJL220W,0
YJL221C,4634.625
YJL219W,1474.9
YJL218W,16593.7253817
YJL217W,22452.6821885
YJL216C,21318.9594082
YJL215C,3824.35384615
YJL214W,21081.0792035
YJL213W,22516.5915842
YJL212C,37516.3523097
YJL210W,37487.3682623
YJL211C,14318.237069
YJL209W,16995.0059375
YJL208C,8327.34207921
YJL207C,21147.9251786
YJL206C,16246.4768966
YJL205C,14381.6830508
YJL204C,4524.31363636
YJL203W,4584.95338983
YJL202C,9101.1423913
YJL201W,15418.375
YJL200C,8457.40942623
YJL199C,24014.5289368
YJL198W,23904.6119576
YJL197W,5771.071875
YJL197C-A,1766.17142857
YJL196C,22942.9586758
YJL194W,22800.2458459
YJL195C,4708.56315789
YJL193W,16347.8730415
YJL192C,8524.46875
YJL191W,8908.09098837
YJL190C,22133.2778419
YJL189W,22228.5675603
YJL188C,4715.6425
YJL187C,12112.5882353
YJL186W,15666.8709231
YJL185C,20649.5930887
YJL184W,20856.0533101
YJL183W,7673.28139535
YJL181W,21911.718865
YJL182C,3191.97727273
YJL180C,3903.36486486
YJL179W,3677.66428571
YJL178C,33452.09
YJL177W,33415.7070053
YJL175W,2445.27931034
YJL176C,18283.6959016
YJL174W,18273.0793478
YJL173C,14741.8866071
YJL172W,26884.9198499
YJL171C,29436.3973341
YJL170C,2989.98
YJL169W,7168.49464286
YJL168C,20499.9752778
YJL167W,20442.8838504
YJL166W,28276.0448179
YJL165C,35741.2469129
YJL164C,30158.3564963
YJL163C,10184.2890909
YJL162C,10595.064878
YJL161W,17093.434555
YJL160C,29737.5205686
YJL159W,33156.145503
YJL158C,26167.1180364
YJL157C,21403.0014946
YJL156W-A,9114.723
YJL156C,7529.17245763
YJL155C,13003.4887701
YJL154C,16665.0051282
YJL153C,23468.4121457
YJL152W,8015.91465517
YJL151C,20872.0810952
YJL150W,21049.7478061
YJL149W,20752.7374016
YJL148W,17086.4183486
YJL147C,18687.3909326
YJL146W,18759.2985
YJL145W,19775.9300699
YJL144W,28294.5838035
YJL143W,24279.2092105
YJL142C,6163.23
YJL141C,26405.83906
YJL140W,26231.2464029
YJL139C,5490.91875
YJL138C,25594.5785714
YJL137C,20528.0891566
YJL136W-A,7480.59452055
YJL136C,26549.2757767
YJL135W,26549.2757767
YJL134W,23353.7631496
YJL133C-A,31088.154927
YJL133W,31141.655667
YJL132W,17800.0225543
YJL131C,11293.35
YJL130C,20292.2423954
YJL129C,26231.4173585
YJL128C,27515.2103749
YJL127W-A,5603.11111111
YJL127C-B,25422.8241445
YJL127C,9723.72096774
YJL126W,7680.1807377
YJL125C,11630.7820588
YJL124C,21338.5416792
YJL123C,24000.7054781
YJL122W,23773.4047059
YJL120W,8443.48343558
YJL121C,15347.466537
YJL118W,15162.3523256
YJL119C,25799.8990443
YJL117W,25759.6111446
YJL116C,27878.8720826
YJL115W,32049.773962
YJL112W,21330.3158009
YJL111W,15439.2010453
YJL110C,19044.219837
YJL109C,3317.77741935
YJL108C,2879.67
YJL107C,34979.7841057
YJL106W,7520.216
YJL105W,14112.2144444
YJL104W,5184.63688525
YJL103C,27588.8497124
YJL102W,27528.4337305
YJL101C,39188.0896541
YJL100W,34094.1944128
YJL099W,10692.6009934
YJL098W,20437.8423358
YJL097W,6047.20764706
YJL096W,24923.9772879
YJL095W,20079.3371359
YJL094C,22368.2908367
YJL093C,19970.7718338
YJL092W,19826.2412698
YJL091C,15211.9344828
YJL090C,19067.259873
YJL089W,21951.9646091
YJL088W,38957.1368957
YJL087C,22882.3131783
YJL085W,21556.8987028
YJL086C,2868.35909091
YJL084C,16434.7937117
YJL083W,21905.1229364
YJL082W,30248.3202636
YJL081C,7585.81538462
YJL080C,20966.4200704
YJL079C,32110.461166
YJL078C,35464.4802985
YJL077W-B,8024.01442308
YJL077W-A,37087.7233476
YJL077C,17523.8967568
YJL076W,29900.7331658
YJL075C,4523.29148936
YJL074C,13369.4714932
YJL073W,12933.0376623
YJL072C,12072.7830508
YJL071W,11206.2023316
YJL070C,4737.503125
YJL069C,4230.23863636
YJL068C,20331.6988055
YJL067W,18742.4896926
YJL066C,10391.6563107
YJL064W,13509.5352273
YJL065C,9344.49661017
YJL063C,26421.6515253
YJL062W-A,26456.7708015
YJL062W,15459.8788793
YJL061W,15784.1120879
YJL060W,28786.8466564
YJL059W,3870.65217391
YJL058C,13315.0875
YJL057C,4356.13125
YJL056C,29046.6220322
YJL055W,26553.1003947
YJL054W,16077.4072848
YJL053W,12110.7508065
YJL052C-A,32065.56559
YJL052W,40524.4488567
YJL051W,10986.2448529
YJL050W,5725.872
YJL049W,13347.6378505
YJL048C,33997.4503389
YJL047C-A,14529.2348485
YJL047C,6197.93678571
YJL046W,7045.85331325
YJL045W,21077.5956175
YJL044C,16419.9660907
YJL043W,17118.7840909
YJL042W,32639.2328478
YJL041W,24566.9363958
YJL039C,22473.660828
YJL038C,13168.995614
YJL037W,13582.2009434
YJL036W,25616.1419187
YJL035C,30624.7803417
YJL034W,31386.9318792
YJL033W,9717.98305785
YJL032W,3029.93780488
YJL031C,6344.17674419
YJL030W,3690.24512195
YJL029C,12904.3906542
YJL028W,11755.4986842
YJL027C,8088.40808824
YJL026W,30060.2961843
YJL026C-A,6141.65421687
YJL025W,5734.018
YJL024C,11972.2040816
YJL022W,3822.39473684
YJL023C,10417.4859375
YJL020W-A,6155.26595745
YJL020C,12236.5940299
YJL019W,13395.5546512
YJL016W,33937.7037736
YJL015C,15400.4885559
YJL014W,18841.4576858
YJL013C,15194.9477941
YJL012C,30464.3491126
YJL011C,16975.7743842
YJL010C,5719.36458333
YJL009W,5759.8247191
YJL008C,12593.3507246
YJL007C,6447.49615385
YJL006C,29464.9071065
YJL005W,10012.6845133
YJL004C,11209.8255682
YJL003W,10603.9576471
YJL002C,23208.0582555
YJL001W,22983.438872
YJR001W,9324.30147059
YJR002W,18028.8405738
YJR003C,24391.9614518
YJR004C,28810.7264842
YJR005W,24094.7066138
YJR005C-A,5473.725
YJR006W,5002.75632911
YJR007W,23230.822649
YJR008W,24684.0429758
YJR009C,37126.252565
YJR010W,34769.5876473
YJR010C-A,10131.1437931
YJR011C,6634.37970297
YJR013W,8974.8112782
YJR012C,4175.57727273
YJR014W,9064.64414062
YJR015W,23005.1596087
YJR016C,35676.8024833
YJR018W,35546.5605735
YJR017C,15784.8739336
YJR020W,8603.31136364
YJR019C,20931.9196101
YJR021C,8538.17889908
YJR022W,11261.1840314
YJR023C,7878.94927007
YJR024C,9690.98901099
YJR025C,35669.5126836
YJR030C,7356.76027397
YJR031C,4025.36315789
YJR032W,4650.35769231
YJR033C,12303.8018182
YJR034W,13599.6248031
YJR035W,5112.70227273
YJR037W,3870.84418605
YJR036C,23689.0421296
YJR039W,22404.1949458
YJR038C,6812.84482759
YJR040W,18009.746281
YJR041C,24525.1150805
YJR042W,24875.248209
YJR043C,11008.7283582
YJR044C,8404.34618644
YJR045C,27085.4835373
YJR046W,27089.393151
YJR047C,24346.5392523
YJR048W,23842.2708167
YJR049C,20233.1231068
YJR050W,20287.5641584
YJR051W,12153.3779762
YJR052W,9283.93125
YJR053W,4802.9975
YJR054W,19943.0172598
YJR055W,16621.9718004
YJR056C,12251.4363436
YJR057W,20667.6009693
YJR058C,30802.3832031
YJR059W,30903.6624448
YJR060W,27382.4300149
YJR061W,16685.9621813
YJR062C,4883.89615385
YJR063W,4628.91190476
YJR064W,8288.20042373
YJR065C,28706.4656186
YJR066W,28212.6584763
YJR067C,8772.51
YJR068W,8771.33035714
YJR069C,4801.01304348
YJR071W,4825.64025974
YJR070C,10952.5465909
YJR072C,9961.7725
YJR073C,33074.1934647
YJR074W,24722.3757921
YJR075W,15527.2212025
YJR076C,21005.9936351
YJR077C,18650.4114754
YJR078W,20919.6842105
YJR079W,8617.5125
YJR080C,17874.4087121
YJR082C,6661.155
YJR083C,3274.87959184
YJR084W,5696.74411765
YJR085C,23599.3696194
YJR086W,23447.6740068
YJR087W,21383.691334
YJR088C,10159.8592593
YJR089W,9862.57350993
YJR090C,20460.8262626
YJR091C,27110.2802671
YJR092W,26838.0307473
YJR093C,25561.9510147
YJR094C,6000.7325
YJR094W-A,23540.2562762
YJR095W,21562.8545031
YJR096W,19331.0845088
YJR097W,15565.3751582
YJR098C,14536.3974922
YJR099W,15138.8515464
YJR100C,12136.8008621
YJR101W,20375.5031423
YJR102C,3745.17
YJR103W,25244.8446701
YJR104C,31931.4430383
YJR105W,32085.1637432
YJR106W,23020.3020263
YJR107W,17916.5633459
YJR108W,12787.0292683
YJR109C,29033.8151459
YJR110W,29007.9126984
YJR111C,19329.4731638
YJR112W,20202.1783871
YJR112W-A,18845.7216279
YJR114W,12521.5640078
YJR113C,33833.2523111
YJR115W,32616.8615886
YJR116W,33000.8847029
YJR117W,17036.0802111
YJR118C,15468.870524
YJR119C,25960.9826303
YJR120W,25543.1784173
YJR121W,20844.7046809
YJR122W,14287.9007547
YJR123W,31019.0801664
YJR124C,12298.8495349
YJR125C,21332.9625
YJR126C,18673.7145161
YJR128W,20740.7737443
YJR127C,35234.3517183
YJR129C,6767.64473684
YJR130C,15780.9572368
YJR131W,15978.9567108
YJR132W,11841.2026087
YJR133W,7876.30068493
YJR134C,14345.2325431
YJR135C,9289.78206522
YJR135W-A,8910.06792453
YJR136C,4155.29482759
YJR137C,31229.7453065
YJR138W,5968.27990654
YJR139C,26713.8291078
YJR140W-A,27110.7398077
YJR140C,3238.16707317
YJR141W,2682.9
YJR142W,5753.76044776
YJR143C,3910.44722222
YJR144W,4966.83333333
YJR145C,26111.2072086
YJR146W,29729.9097676
YJR147W,30875.6046004
YJR148W,29183.9622115
YJR149W,7430.72297297
YJR150C,17793.438
YJR151C,25445.8275
YJR151W-A,15921.1024752
YJR152W,21099.51133
YJR153W,1560.14
YJR154W,19619.0775641
YJR155W,5868.75494505
YJR156C,0
YJR157W,0
YJR158W,0
YJR159W,0
YJR160C,0
YJR161C,0
YJR162C,7501.84814815
YKL225W,16020.1360778
YKL224C,375.0
YKL223W,0.0
YKL222C,8402.934
YKL221W,8044.68072289
YKL220C,5122.25943396
YKL219W,16512.8254839
YKL218C,14106.0240196
YKL217W,29195.6791577
YKL216W,29903.8578526
YKL215C,12935.8828877
YKL214C,6501.19177215
YKL213C,29608.6698242
YKL212W,29227.7546667
YKL211C,26115.6721719
YKL210W,25057.8695445
YKL209C,11065.0635246
YKL208W,10685.5338129
YKL207W,16957.8673295
YKL206C,12070.2626374
YKL205W,11610.8255282
YKL204W,4865.07894737
YKL203C,5186.04677419
YKL202W,6138.52582418
YKL201C,24772.8330571
YKL198C,30740.8448958
YKL197C,10172.025
YKL196C,21894.6570883
YKL195W,22457.1777506
YKL194C,9578.43274648
YKL193C,13505.1433884
YKL192C,27436.1888397
YKL191W,27242.0809224
YKL190W,22136.0436396
YKL189W,12425.2125
YKL188C,13931.9990196
YKL187C,19085.9151639
YKL186C,30462.348467
YKL185W,21311.9697561
YKL184W,25989.3464639
YKL183C-A,24570.326547
YKL183W,11081.0224138
YKL182W,28832.7771267
YKL181W,22204.9579747
YKL180W,25963.6601236
YKL179C,5986.15449438
YKL177W,3314.64545455
YKL178C,28934.8170557
YKL176C,26948.4758389
YKL175W,27014.3448511
YKL174C,25752.2275916
YKL173W,25710.9366359
YKL172W,6446.55
YKL171W,21677.449537
YKL170W,24791.8762397
YKL169C,3465.06627907
YKL168C,17492.0649153
YKL167C,20852.9503743
YKL166C,19932.3664251
YKL165C-A,12659.3655125
YKL165C,4296.97340426
YKL164C,29591.0685098
YKL163W,12649.7359375
YKL162C-A,7698.11153846
YKL162C,15742.2883117
YKL161C,16802.8018248
YKL160W,10640.0908333
YKL159C,19839.5486667
YKL157W,20404.0576566
YKL156W,12068.4697959
YKL156C-A,3723.94285714
YKL155C,5074.76803279
YKL154W,3249.77272727
YKL153W,10446.298913
YKL152C,36156.5729045
YKL151C,32946.0371393
YKL150W,32999.793337
YKL149C,18872.0077621
YKL148C,26280.6968296
YKL146W,26350.1848187
YKL147C,9879.47292576
YKL145W,18176.7487358
YKL145W-A,6407.5368932
YKL144C,8416.79617834
YKL143W,8558.05545455
YKL142W,28340.8887263
YKL141W,25694.7045772
YKL140W,5317.625
YKL139W,3941.69090909
YKL138C-A,5075.74354839
YKL138C,8115.83114754
YKL137W,8870.87
YKL136W,4805.31982759
YKL135C,4879.73219178
YKL134C,11818.5121951
YKL133C,15872.2977477
YKL131W,4833.02954545
YKL132C,19988.7378299
YKL130C,7438.21486486
YKL129C,20713.0260956
YKL128C,26872.5216684
YKL127W,22254.7229592
YKL126W,28439.5517375
YKL125W,23727.3810185
YKL124W,27626.055119
YKL123W,3378.57083333
YKL122C,21465.1782297
YKL121W,5943.935625
YKL120W,31541.955572
YKL118W,5915.045625
YKL119C,9923.22397959
YKL117W,27546.6300933
YKL116C,10261.3139665
YKL115C,5042.54259259
YKL114C,8758.19045455
YKL113C,24969.4248757
YKL112W,24856.8731808
YKL111C,13024.9554217
YKL110C,27061.4450988
YKL109W,35074.9243179
YKL108W,3972.31071429
YKL107W,6618.92323944
YKL106C-A,11156.8705584
YKL106W,25412.5595096
YKL105C,16408.8389098
YKL104C,29931.7883778
YKL103C,20998.0674524
YKL102C,21660.730814
YKL101W,24420.4554286
YKL100W-A,3444.39375
YKL100C,21187.2972103
YKL099C,18528.4201657
YKL098W,18619.0679666
YKL097C,20795.7889302
YKL096C-B,16735.2659443
YKL096W-A,27009.3180965
YKL096W,23261.7900362
YKL095W,18546.5011111
YKL094W,27191.2345437
YKL093W,27669.8461245
YKL092C,7470.50322581
YKL091C,6300.77058824
YKL090W,8544.48785047
YKL089W,5545.56944444
YKL088W,8350.50416667
YKL087C,26917.8698201
YKL086W,27827.0892517
YKL085W,27590.27125
YKL084W,25860.5655446
YKL083W,23268.2458797
YKL082C,24210.4695652
YKL081W,24126.4850822
YKL080W,21619.2028184
YKL079W,4436.67567568
YKL078W,5832.23028169
YKL077W,13079.5666667
YKL076C,4262.52065217
YKL075C,5342.51712329
YKL074C,18363.9969231
YKL073W,17781.6291367
YKL072W,25012.337069
YKL071W,8591.29396552
YKL070W,4740.42045455
YKL069W,8543.31022727
YKL068W-A,39322.7943801
YKL068W,25616.1737212
YKL067W,25585.7298347
YKL066W,4461.50067568
YKL065W-A,10322.3122222
YKL065C,33180.2404332
YKL064W,32460.9837142
YKL063C,31272.6230951
YKL062W,29711.8370089
YKL061W,23131.8709459
YKL060C,39102.2316071
YKL059C,3967.82142857
YKL058W,7583.61
YKL057C,5970.26052632
YKL056C,14420.4368919
YKL055C,13977.5166667
YKL054C,25592.3041699
YKL053C-A,17477.15
YKL053W,22647.3327907
YKL052C,27785.5259919
YKL051W,26154.4939815
YKL050C,5630.49051724
YKL049C,15509.46
YKL048C,6194.31071429
YKL047W,6658.02765957
YKL046C,21085.0672234
YKL045W,19783.2913146
YKL044W,37803.0191327
YKL043W,29836.4306825
YKL042W,13583.3721818
YKL041W,13264.1524096
YKL040C,25811.6513265
YKL039W,26390.354644
YKL038W,10843.6889831
YKL037W,23790.3807042
YKL035W,35509.591394
YKL036C,10005.148125
YKL034W,18307.6207746
YKL033W-A,23862.0520073
YKL033W,6129.736
YKL032C,37620.9460018
YKL031W,36491.0859931
YKL030W,37501.0382043
YKL029C,25977.4787768
YKL028W,24425.2328838
YKL027W,4773.52734375
YKL026C,19012.3592756
YKL025C,8060.82107143
YKL024C,10856.8920502
YKL023C-A,14211.9190299
YKL023W,10493.0419149
YKL022C,6036.75759494
YKL021C,4003.34651163
YKL020C,22403.4096296
YKL019W,21812.9530481
YKL018C-A,6557.120625
YKL018W,5524.11101695
YKL017C,8870.96333333
YKL016C,29835.9946585
YKL015W,29928.6335632
YKL014C,3557.35769231
YKL013C,17705.3682505
YKL012W,18437.4705446
YKL011C,4571.41184211
YKL010C,22222.5748538
YKL009W,21768.3934659
YKL008C,29212.6126145
YKL007W,28781.7738108
YKL006C-A,10846.562069
YKL006W,29558.1831952
YKL005C,21178.3057208
YKL004W,19204.907027
YKL003C,15435.5888672
YKL002W,15445.6296358
YKL001C,31646.431834
YKR001C,27104.4362978
YKR002W,26725.2874494
YKR003W,25674.7675781
YKR004C,5343.28071429
YKR005C,4904.03409091
YKR006C,27379.6140297
YKR007W,26218.7522956
YKR008W,15042.1316418
YKR009C,19118.5703757
YKR010C,7940.5021978
YKR011C,28042.2710765
YKR013W,26928.3586353
YKR012C,7234.65338346
YKR014C,28568.3284351
YKR015C,18459.7023305
YKR016W,20618.9741667
YKR017C,19777.6826582
YKR018C,18418.7237037
YKR019C,21862.8461143
YKR020W,22374.4189933
YKR021W,7793.305
YKR022C,9449.05348837
YKR023W,8952.46541096
YKR024C,4928.24785714
YKR025W,4223.13046875
YKR026C,8859.15821918
YKR027W,16102.5561905
YKR028W,9664.44798387
YKR029C,6568.07
YKR030W,3680.4
YKR031C,24981.819126
YKR032W,10401.3542553
YKR034W,25084.7125285
YKR033C,14156.1375847
YKR035W-A,13923.9159502
YKR035C,5922.62361111
YKR036C,7857.86637931
YKR037C,4912.86486486
YKR038C,11257.9236842
YKR039W,28503.3132685
YKR041W,15773.0021505
YKR040C,34294.8215372
YKR042W,28663.769633
YKR043C,4919.8326087
YKR044W,7033.38289474
YKR045C,8062.90321101
YKR046C,16149.742474
YKR047W,16016.8262943
YKR048C,15419.9154098
YKR049C,18214.0508789
YKR050W,18200.4339731
YKR051W,7311.83448276
YKR052C,26799.4893603
YKR053C,23036.760109
YKR054C,19206.4595697
YKR055W,19832.213558
YKR056W,2539.84038462
YKR057W,4433.27181818
YKR058W,25078.660089
YKR059W,18451.0884726
YKR060W,3378.42391304
YKR061W,2834.50416667
YKR062W,27898.3391534
YKR063C,10107.9201613
YKR064W,10199.2006211
YKR065C,6512.85818182
YKR066C,28362.9575227
YKR067W,28111.0592231
YKR068C,16984.9978045
YKR069W,16251.8621813
YKR070W,13527.972973
YKR071C,5404.3975
YKR072C,26589.8404713
YKR073C,10637.5770642
YKR074W,12258.9569444
YKR075W-A,7990.50572519
YKR075C,23788.0759684
YKR076W,13518.0322476
YKR077W,15148.3532189
YKR078W,4183.47421875
YKR079C,19354.3332604
YKR080W,10096.8148515
YKR081C,6960.2475
YKR082W,5698.47407407
YKR083C,2690.5625
YKR084C,7745.71983471
YKR085C,7027.82908163
YKR086W,5948.8875
YKR087C,4729.70238095
YKR088C,10031.0146789
YKR089C,6064.30217391
YKR090W,6089.99104478
YKR091W,17316.2090551
YKR092C,25825.2272254
YKR093W,31199.4785142
YKR094C,22732.6414286
YKR095W,23120.759375
YKR095W-A,22540.2343694
YKR096W,25124.7702331
YKR097W,26840.8275641
YKR098C,10874.9988142
YKR099W,10911.8285156
YKR100C,23340.7873574
YKR101W,23363.1769962
YKR102W,3671.10789474
YKR103W,1219.775
YKR104W,1805.89090909
YKR105C,7277.87019231
YKR106W,610.4
YLL067W-A,0
YLL067C,0
YLL066W-B,0
YLL066W-A,5990.93709677
YLL066C,0
YLL065W,5012.6325
YLL064C,11876.2073529
YLL063C,4969.05234375
YLL062C,20767.8775641
YLL061W,21180.3019956
YLL060C,10910.828453
YLL059C,23894.1424779
YLL058W,23999.6098475
YLL057C,5259.52846154
YLL056C,14150.5936957
YLL055W,31753.5266806
YLL054C,6250.55472973
YLL053C,6378.20730337
YLL052C,26897.1093891
YLL051C,24596.5538102
YLL050C,21817.7733488
YLL049W,22463.5129851
YLL048C,19197.0374065
YLL047W,19440.273038
YLL046C,14140.34
YLL044W,12982.3017857
YLL045C,8702.40697674
YLL043W,26949.5273387
YLL042C,4071.34655172
YLL041C,23043.8759504
YLL040C,14691.8126645
YLL039C,25381.6346618
YLL038C,8888.742
YLL037W,16088.3076923
YLL036C,16393.3445783
YLL035W,16014.615283
YLL034C,20753.0380896
YLL033W,21017.709375
YLL032C,5032.405
YLL031C,19571.3438679
YLL030C,18808.9963023
YLL029W,18652.0741706
YLL028W,24457.8965561
YLL027W,24743.3448399
YLL026W,26497.2322549
YLL025W,12498.7063291
YLL024C,33091.8793425
YLL023C,14340.4216535
YLL022C,28449.2238095
YLL021W,28675.8319642
YLL020C,8046.61681034
YLL019W-A,5804.84264706
YLL019C,38230.4327359
YLL018C-A,25979.0528393
YLL018C,12697.2212389
YLL015W,20402.3051522
YLL014W,9886.1
YLL013C,16119.0672414
YLL012W,15521.6509975
YLL011W,16219.5356187
YLL010C,20134.802093
YLL009C,6670.40816327
YLL008W,6734.95817308
YLL007C,8367.42874016
YLL006W-A,3784.50849057
YLL006W,8176.66565217
YLL005C,5642.01388889
YLL004W,5625.82978723
YLL003W,9791.15285714
YLL002W,7706.48378378
YLL001W,23811.6388179
YLR001C,21043.2044882
YLR002C,15450.062069
YLR003C,7831.94070796
YLR004C,16560.3695231
YLR005W,16524.1946429
YLR006C,17130.7762611
YLR007W,17195.1767964
YLR008C,19927.6583916
YLR009W,19873.1938356
YLR010C,13265.7364407
YLR011W,22159.2075
YLR012C,16101.8193277
YLR013W,4405.49680851
YLR014C,5040.07075472
YLR015W,2754.07758621
YLR016C,8654.48305785
YLR017W,9946.9993007
YLR018C,9967.79298246
YLR019W,10421.764
YLR020C,6044.20263158
YLR021W,5698.79347826
YLR022C,3548.30581395
YLR023C,29733.809867
YLR024C,25308.154418
YLR025W,14042.5718623
YLR026C,27090.3207907
YLR027C,28416.8896388
YLR028C,16087.2502941
YLR029C,11129.9480769
YLR030W,11013.4452381
YLR031W,5633.914
YLR032W,19886.6972612
YLR033W,7953.25221239
YLR034C,27816.8198141
YLR035C,8827.82828571
YLR036C,17001.0987931
YLR037C,4100.59453125
YLR038C,23813.6155956
YLR039C,11170.11
YLR041W,5706.35483871
YLR040C,19727.4590372
YLR042C,25228.134057
YLR043C,20413.4471831
YLR044C,26603.6254144
YLR045C,8241.97067308
YLR046C,30790.1138728
YLR047C,22975.9497826
YLR048W,24687.4965031
YLR049C,18057.899564
YLR050C,6316.94797297
YLR051C,11694.2940945
YLR052W,10428.9918367
YLR053C,20070.902322
YLR054C,15343.7273438
YLR055C,22533.8123928
YLR056W,22659.7206554
YLR057W,8887.84693878
YLR058C,20996.3242021
YLR059C,7667.39891304
YLR060W,7791.39693878
YLR061W,13834.8837989
YLR062C,9841.53651316
YLR063W,8780.1347561
YLR064W,6981.74108911
YLR065C,15532.7608163
YLR066W,15041.1089286
YLR067C,6037.615
YLR068W,6482.74259259
YLR069C,13192.3240385
YLR070C,5167.81415094
YLR071C,22267.2085066
YLR072W,22740.2602941
YLR073C,14150.1894231
YLR074C,10916.3074627
YLR075W,11014.8828125
YLR076C,11117.3595745
YLR077W,8141.66727273
YLR078C,21914.5858362
YLR079W,21834.9179032
YLR080W,4934.20384615
YLR081W,26371.3919749
YLR082C,16797.7732955
YLR083C,16048.5487668
YLR084C,15248.4897163
YLR085C,6701.84579439
YLR086W,7203.22903226
YLR087C,13264.7833333
YLR088W,13342.9240099
YLR089C,30672.1010309
YLR090W,31504.6590661
YLR091W,13230.2146552
YLR092W,36135.3745062
YLR093C,26019.6297794
YLR094C,29542.3507513
YLR095C,23257.8306373
YLR096W,22877.7800159
YLR097C,15823.8984
YLR098C,13318.6093373
YLR099C,31096.5683731
YLR099W-A,29696.0720628
YLR100W,27970.1215093
YLR101C,7211.35991379
YLR102C,3193.67142857
YLR103C,10983.4797619
YLR104W,10749.05625
YLR105C,8885.82857143
YLR106C,9856.65
YLR107W,5900.58134328
YLR108C,28902.3223132
YLR109W,29047.1094098
YLR110C,36632.5616337
YLR111W,31456.9869345
YLR112W,36826.2206407
YLR113W,27053.3496236
YLR114C,25423.666752
YLR115W,23291.9010932
YLR116W,10779.5258523
YLR117C,10739.0596154
YLR118C,3554.49
YLR119W,5582.86363636
YLR120C,37964.3031949
YLR120W-A,38632.5714982
YLR121C,25768.0392359
YLR122C,8838.29900662
YLR123C,8448.18243243
YLR124W,9597.79508671
YLR125W,9366.2925
YLR126C,20233.4707521
YLR127C,6852.2205
YLR128W,4299.85909091
YLR129W,13408.353125
YLR130C,19984.7488498
YLR131C,10778.79
YLR132C,22418.8281925
YLR133W,22581.9818713
YLR134W,21417.112782
YLR135W,2483.00892857
YLR136C,31838.1783496
YLR137W,29510.2774164
YLR138W,26428.4642773
YLR139C,22721.8267267
YLR140W,6019.28315217
YLR141W,8121.30444444
YLR142W,25615.4206652
YLR143W,8836.5369863
YLR144C,4742.445
YLR145W,5893.6109589
YLR146C,5266.46142857
YLR146W-A,8207.90294118
YLR147C,3962.609375
YLR148W,5331.10909091
YLR149C,17696.2862989
YLR149C-A,7038.57772277
YLR150W,17734.966875
YLR151C,5427.57089552
YLR152C,25047.4306507
YLR153C,24175.3954545
YLR154C,13541.5688811
YLR154W-A,0
YLR154W-B,0
YLR154W-C,0
YLR154W-E,0
YLR154W-F,0
YLR154C-G,0
YLR154C-H,0
YLR155C,0
YLR156W,0
YLR156C-A,0
YLR157C,0
YLR157W-D,0
YLR157W-E,0
YLR157C-C,0
YLR158C,0
YLR159W,0
YLR159C-A,0
YLR160C,0
YLR161W,0
YLR162W,24325.9162209
YLR162W-A,7851.77238806
YLR163W-A,5232.96956522
YLR163C,18629.3598485
YLR164W,18688.0759542
YLR165C,2080.92272727
YLR166C,3819.29615385
YLR167W,18942.1281341
YLR168C,22618.6739326
YLR169W,9863.95947867
YLR171W,22262.4488147
YLR170C,18446.04
YLR172C,9268.48432836
YLR173W,9408.06315789
YLR174W,26444.8142857
YLR175W,7907.2740458
YLR176C,26251.9301278
YLR177W,27778.3281483
YLR178C,18128.0318695
YLR179C,28149.4837469
YLR180W,28108.5717391
YLR181C,5723.6704918
YLR182W,4809.83055556
YLR183C,26464.9496871
YLR184W,3404.66707317
YLR185W,26501.6673278
YLR186W,11151.5606897
YLR187W,22888.6683784
YLR188W,16039.2930894
YLR189C,11128.0446108
YLR190W,9205.12153846
YLR191W,18541.9600858
YLR192C,18467.3939024
YLR193C,22659.7394687
YLR194C,30018.53946
YLR195C,12170.5633333
YLR196W,12459.7586207
YLR197W,5273.17377049
YLR198C,5578.01363636
YLR199C,6088.85192308
YLR200W,6238.654
YLR201C,5228.01842105
YLR202C,3844.23510638
YLR203C,24496.8768539
YLR204W,24137.3259239
YLR205C,23770.9790487
YLR206W,24963.3461039
YLR207W,20633.0377193
YLR208W,23318.4936969
YLR209C,12940.9776596
YLR210W,12834.6102041
YLR211C,11883.5328125
YLR212C,14677.2748687
YLR213C,11995.6151786
YLR214W,12336.6806122
YLR215C,7975.56141732
YLR217W,5376.98043478
YLR216C,16306.9090643
YLR218C,10468.95
YLR219W,21061.239959
YLR220W,24227.8360133
YLR221C,13359.0265823
YLR222C,14292.0095318
YLR222C-A,5049.39919355
YLR223C,11653.4313158
YLR224W,16091.4324324
YLR225C,10207.7869565
YLR226W,10417.4124277
YLR227C,15706.3023227
YLR228C,26743.9654098
YLR230W,26065.1247292
YLR229C,19964.6501101
YLR232W,5072.49375
YLR231C,23649.1616732
YLR233C,11437.3040201
YLR234W,11631.8430723
YLR235C,16574.9954407
YLR236C,5369.6326087
YLR237W,20651.7756906
YLR238W,5191.9326087
YLR239C,10121.6658228
YLR240W,10632.0414397
YLR241W,11621.5566667
YLR242C,9287.03407643
YLR243W,9367.56128049
YLR244C,10715.7769841
YLR245C,18830.7161972
YLR246W,18405.3370332
YLR247C,39650.1611356
YLR248W,17684.846129
YLR249W,30717.2924419
YLR250W,25930.4040312
YLR251W,23998.9600304
YLR252W,4886.65277778
YLR253W,14226.7881579
YLR254C,26077.5303585
YLR255C,27014.5475865
YLR256W,31333.2276027
YLR257W,36051.6869506
YLR258W,38653.7076446
YLR259C,23702.7300578
YLR260W,24869.8714286
YLR261C,25339.5792553
YLR262C,25119.5464531
YLR262C-A,13966.2988235
YLR263W,14064.5018987
YLR264W,16457.2972727
YLR264C-A,23272.0237907
YLR265C,16303.5162338
YLR266C,38816.9804872
YLR267W,40755.1502643
YLR268W,5614.22215909
YLR270W,29582.9436917
YLR269C,9942.153125
YLR271W,5393.435
YLR272C,2621.6390625
YLR273C,20414.7407813
YLR274W,20491.0113208
YLR275W,12177.2492806
YLR276C,1643.15833333
YLR277C,18604.9478469
YLR278C,32843.5952164
YLR279W,18619.7244472
YLR280C,18052.7639423
YLR281C,18101.7465402
YLR283W,20148.1509167
YLR282C,2393.79193548
YLR284C,23115.6943966
YLR285W,23772.1510181
YLR285C-A,6801.63520408
YLR286W-A,8169.46363636
YLR286C,21123.4058293
YLR287C,17104.5858407
YLR287C-A,13298.1215217
YLR288C,4605.56875
YLR289W,4754.19069767
YLR290C,7381.84848485
YLR291C,13098.3296371
YLR292C,4532.17788462
YLR293C,26773.6280851
YLR294C,16897.6264557
YLR295C,17597.3923729
YLR296W,17809.4393502
YLR297W,32549.3967506
YLR298C,26665.5867085
YLR299W,26656.3266433
YLR299C-A,30615.7054825
YLR300W,32096.3969892
YLR301W,26542.5271672
YLR303W,10828.053629
YLR302C,0
YLR304C,29467.3868386
YLR305C,21130.4034965
YLR306W,20290.0490099
YLR307W,8166.87857143
YLR307C-A,20496.8993802
YLR308W,24314.9538934
YLR309C,7853.86235294
YLR310C,25969.1103744
YLR311C,8532.21847826
YLR312C,25245.78125
YLR312W-A,25283.7785551
YLR313C,958.1
YLR314C,17824.7666667
YLR315W,18501.6315265
YLR317W,7817.8606383
YLR316C,4628.703125
YLR318W,3005.16
YLR319C,11904.6885906
YLR320W,11949.0735669
YLR322W,4767.08307692
YLR321C,7467.92932331
YLR323C,14859.3995192
YLR324W,14459.5022472
YLR325C,26554.7079884
YLR326W,23712.2143278
YLR327C,35487.4334828
YLR328W,34922.3551102
YLR329W,3321.35172414
YLR330W,28168.6721397
YLR332W,30112.7098958
YLR331C,4391.22142857
YLR333C,22900.8765556
YLR334C,13597.2804878
YLR335W,13926.9704453
YLR336C,4777.69545455
YLR338W,6392.34663462
YLR337C,18993.2743421
YLR340W,17606.2641851
YLR339C,4173.48679245
YLR341W,4693.83947368
YLR342W,24920.5217359
YLR342W-A,3935.27222222
YLR343W,9365.45769231
YLR344W,23673.5659533
YLR345W,27024.8821935
YLR346C,30551.0240103
YLR347W-A,3617.754
YLR347C,30770.8664647
YLR349W,10671.6336585
YLR348C,34134.4170166
YLR350W,36574.0867977
YLR351C,21851.2004751
YLR352W,22195.09875
YLR353W,12686.4178571
YLR354C,36197.902401
YLR355C,40070.2998463
YLR356W,31866.0665309
YLR357W,24084.8029028
YLR358C,16905.3636
YLR359W,18744.3993197
YLR360W,2790.70833333
YLR361C,7172.37115385
YLR361C-A,11043.5503846
YLR362W,10877.9142857
YLR363C,3408.41538462
YLR363W-A,4738.26465517
YLR364W,7414.90639535
YLR365W,5795.3030303
YLR366W,6340.77110092
YLR364C-A,11545.7175439
YLR367W,2879.51341463
YLR368W,2811.47142857
YLR369W,15757.7068
YLR370C,25424.6631171
YLR371W,25915.46002
YLR372W,19328.6494624
YLR373C,24952.5702062
YLR375W,26078.259058
YLR374C,9293.07241379
YLR376C,10088.1548077
YLR377C,26773.741625
YLR379W,4977.16086957
YLR378C,31821.4907081
YLR380W,27631.754531
YLR381W,6598.1925
YLR382C,13396.3404459
YLR383W,13080.5294118
YLR384C,7684.27063953
YLR385C,14366.7190813
YLR386W,14499.2838645
YLR387C,27697.8081224
YLR388W,15901.791039
YLR389C,28645.7346234
YLR390W,29154.7884164
YLR390W-A,16369.5898256
YLR392C,24026.5839416
YLR393W,24068.7552632
YLR394W,4316.58688525
YLR395C,26040.3451271
YLR396C,5057.95169492
YLR397C,5456.28097826
YLR398C,12518.2328025
YLR399W-A,5323.52391304
YLR399C,32340.4103277
YLR400W,32256.1218728
YLR401C,28029.9106587
YLR402W,27803.9169896
YLR403W,13539.9398437
YLR404W,2984.04827586
YLR405W,11240.655
YLR406C,30702.7139776
YLR406C-A,22565.6208232
YLR407W,22114.4167897
YLR408C,4198.26578947
YLR409C,5546.89453125
YLR410W,5567.853
YLR411W,1499.3
YLR412W,21242.7408
YLR412C-A,30590.4268636
YLR413W,31158.2944781
YLR414C,34987.9307814
YLR415C,38701.1618577
YLR416C,34435.7888252
YLR417W,38134.6588063
YLR418C,20689.0476038
YLR419W,21167.6777961
YLR420W,19497.0087629
YLR421C,15248.3567916
YLR422W,15480.1238636
YLR423C,3945.81774194
YLR424W,4387.21928571
YLR425W,9790.24580153
YLR426W,8906.20942623
YLR427W,15866.4642173
YLR429W,8475.294
YLR428C,5318.76590909
YLR430W,2223.0125
YLR431C,13748.2595745
YLR432W,15816.4604494
YLR433C,6194.45492958
YLR435W,4970.82589286
YLR434C,5561.36311475
YLR436C,24155.85898
YLR437C,26526.2902874
YLR438W,26907.8618842
YLR437C-A,14808.1718182
YLR438C-A,23380.5642857
YLR439W,20113.4763757
YLR440C,4483.8
YLR441C,23414.9388037
YLR442C,6849.67682927
YLR443W,4262.99673913
YLR444C,4802.50636364
YLR445W,4522.91803279
YLR446W,7232.51648936
YLR447C,19325.2432864
YLR448W,30101.9905512
YLR449W,11006.7621212
YLR450W,20922.5048969
YLR451W,24289.0974857
YLR452C,13890.6464029
YLR453C,16959.621673
YLR454W,19766.6166964
YLR455W,5465.86415094
YLR456W,14318.4391304
YLR458W,3336.50384615
YLR457C,6997.34325843
YLR459W,7210.67647059
YLR460C,8199.95263158
YLR461W,16235.2261062
YLR462W,4124.93823529
YLR464W,0
YLR463C,0
YLR466W,0
YLR465C,0
YLR466C-A,0
YLR466C-B,5955.31595745
YLR467W,0
YLR467C-A,0
YML133W-B,0
YML133W-A,0
YML133C,0
YML132W,0
YML131W,14240.456068
YML130C,25711.0727654
YML129C,21626.9460366
YML128C,25620.7809524
YML127W,26141.2514803
YML126C,17061.8077751
YML125C,7153.67938144
YML124C,24372.136771
YML123C,34378.695659
YML122C,16154.7332512
YML121W,21897.2532178
YML120C,22256.9023687
YML119W,18100.481314
YML118W,12823.4263514
YML117W,31056.5594984
YML116W-A,5152.65375
YML116W,26643.8578982
YML115C,11444.6777473
YML114C,7765.58571429
YML113W,9101.14717742
YML112W,2595.08382353
YML111W,23191.7461679
YML110C,21549.0376277
YML109W,21646.1654804
YML108W,5731.16333333
YML107C,12595.8100962
YML106W,12776.9905405
YML105C,5924.86909091
YML104C,4917.69545455
YML103C,22027.0009695
YML102W,27269.5537088
YML101C-A,32732.4202895
YML101C,33815.844743
YML100W-A,30218.281817
YML100W,34012.8850574
YML099W-A,7805.59310345
YML099C,21244.9198339
YML098W,20753.7934426
YML097C,8486.82166667
YML096W,8352.66077586
YML095C,4171.39921875
YML094W,6369.19090909
YML094C-A,8102.7509434
YML093W,7946.41352459
YML092C,17884.572973
YML091C,23840.3702247
YML090W,7092.45731707
YML089C,22202.1965753
YML088W,25156.1120823
YML087C,16787.7149425
YML086C,22639.0105053
YML085C,20739.3072474
YML084W,5440.15631068
YML083C,21730.8082363
YML082W,22706.4065104
YML081C-A,22559.1144401
YML081W,22383.5516457
YML080W,4119.6
YML079W,4069.07844828
YML078W,5335.52
YML077W,8594.50594406
YML076C,26144.0022936
YML075C,28953.8543941
YML074C,13191.0256881
YML073C,27560.9607784
YML072C,23970.7267986
YML071C,12001.779878
YML070W,23428.0659431
YML069W,21564.8940789
YML068W,3850.65375
YML067C,15250.7819277
YML066C,5858.48644068
YML065W,6004.72265625
YML064C,27502.6519002
YML063W,27453.8812944
YML062C,3992.91428571
YML061C,5764.2254717
YML060W,5811.15714286
YML059C,13606.6936255
YML058W-A,13761.3836066
YML058W,21710.3401662
YML057W,20831.0613806
YML057C-A,5657.48924051
YML056C,10340.5184659
YML055W,10373.9271429
YML054C,22071.8821552
YML054C-A,11678.0979866
YML053C,28556.8352909
YML052W,28590.1037716
YML051W,21731.9238889
YML050W,9800.02894737
YML049C,15236.2166667
YML048W,26118.8739961
YML047W-A,5271.555
YML047C,13060.9506849
YML046W,13646.925
YML043C,6411.11907216
YML042W,13701.300885
YML041C,13989.852907
YML038C,27303.5500812
YML037C,5034.08157895
YML036W,5798.16
YML035C,28162.7820671
YML034W,28047.4896324
YML034C-A,3195.33375
YML032C,24142.2374532
YML031W,24061.6726562
YML031C-A,6213.31969697
YML030W,23721.705807
YML029W,10290.5397727
YML028W,30918.7186312
YML027W,24191.1531027
YML026C,27347.619469
YML025C,27759.9245104
YML024W,27776.2317114
YML023C,13730.4747012
YML022W,14151.323029
YML021C,12559.9621118
YML020W,17282.8677378
YML019W,7122.253125
YML018C,24263.391858
YML017W,23780.2156883
YML016C,7009.41730769
YML015C,8855.15
YML014W,6954.54663462
YML013W,14295.9259322
YML012C-A,19265.6948827
YML012W,19820.5468447
YML011C,18280.0375
YML010W,18384.8814085
YML009W-B,6875.02116788
YML009C-A,11493.4942446
YML009C,19993.1801706
YML008C,21625.3864359
YML007C-A,23105.139863
YML007W,23650.2004054
YML006C,30884.8964654
YML005W,11459.8745614
YML004C,15235.4572482
YML003W,17760.9124528
YML002W,4065.5625
YML001W,28053.2260541
YMR001C,19974.7481626
YMR001C-A,29036.3336724
YMR002W,29028.0857908
YMR003W,25435.5195408
YMR004W,23991.6956217
YMR005W,18670.4794677
YMR006C,25540.4851103
YMR007W,15088.3911654
YMR008C,36987.4981643
YMR009W,28454.6033351
YMR010W,16648.4830529
YMR011W,40437.4966824
YMR012W,19496.9804348
YMR013C-A,23281.9414649
YMR013C,23982.2632692
YMR013W-A,9510.97329545
YMR014W,19990.1985542
YMR015C,28976.8097718
YMR016C,36056.4186817
YMR017W,20894.6565644
YMR018W,19102.9988496
YMR019W,22309.4313167
YMR020W,25306.4733173
YMR021C,31595.476509
YMR022W,31152.8905512
YMR023C,9714.57226415
YMR024W,23686.9174089
YMR025W,3244.61142857
YMR026C,24354.5539588
YMR027W,24331.4711039
YMR028W,6847.93255814
YMR029C,18042.7790875
YMR030W,17986.7089792
YMR031W-A,7072.99329897
YMR031C,25118.7353033
YMR032W,25114.0258368
YMR030W-A,4236.7233871
YMR033W,11160.7552239
YMR034C,30329.2049191
YMR035W,30281.4170518
YMR036C,8613.81090226
YMR037C,9560.87663551
YMR038C,8984.38074324
YMR039C,28592.4489967
YMR040W,28415.5964745
YMR041C,25522.5938995
YMR042W,25831.2561377
YMR043W,34662.2559346
YMR044W,19750.0177165
YMR046W-A,11321.0402655
YMR047C,12035.6796729
YMR048W,12613.306903
YMR049C,4019.805
YMR052W,22279.1907178
YMR052C-A,1531.21764706
YMR053C,25133.7599057
YMR054W,24845.9130368
YMR055C,20590.1625645
YMR056C,36508.143458
YMR057C,15002.15625
YMR058W,36986.2870406
YMR059W,16771.099
YMR060C,7181.28185841
YMR061W,6994.575
YMR062C,26315.7964907
YMR063W,24474.1875293
YMR064W,19277.2815436
YMR065W,5734.83809524
YMR066W,14322.0801724
YMR067C,8681.26041667
YMR068W,9691.20505618
YMR069W,17026.1696341
YMR070W,30290.6158038
YMR071C,19356.5169065
YMR072W,20434.6799342
YMR073C,11408.5922652
YMR074C,21222.1074841
YMR075W,20968.6187225
YMR075C-A,5280.70363636
YMR076C,20099.8836045
YMR077C,15791.0039474
YMR078C,18038.8271523
YMR079W,17538.3652381
YMR080C,22657.6899884
YMR081C,26551.9630081
YMR082C,14502.4181586
YMR083W,36771.1377556
YMR084W,31863.8212306
YMR085W,6077.068
YMR086W,25419.9349445
YMR086C-A,10101.2848921
YMR087W,10738.8041339
YMR088C,22560.6811951
YMR089C,13968.3899054
YMR090W,13146.2163934
YMR091C,6572.89805825
YMR092C,16930.4545775
YMR093W,16909.3924429
YMR094W,9912.52941176
YMR095C,27819.6919636
YMR096W,27961.0979472
YMR097C,11230.4090909
YMR098C,3135.225
YMR099C,25038.7169343
YMR100W,23579.0430324
YMR101C,6815.80352113
YMR102C,30494.0137553
YMR103C,22479.0370828
YMR104C,17618.809306
YMR105C,36974.1726841
YMR105W-A,35714.7697565
YMR106C,17224.7937031
YMR107W,35130.6235041
YMR108W,31815.3253695
YMR109W,26096.9807384
YMR110C,8503.5705
YMR111C,5369.23706897
YMR112C,9285.05820896
YMR113W,9640.34075342
YMR114C,14177.7570312
YMR115W,15464.6923913
YMR116C,21817.5309249
YMR117C,26284.3781807
YMR118C,1344.38181818
YMR119W,22733.7902913
YMR119W-A,1972.89375
YMR120C,13720.4684211
YMR121C,34399.0030018
YMR122C,18320.5709016
YMR122W-A,36848.3251332
YMR123W,23948.8203675
YMR124W,15935.3451705
YMR125W,7076.05945946
YMR126C,20365.6883094
YMR127C,16268.3160714
YMR128W,15417.7053525
YMR129W,6311.46206897
YMR130W,10182.6794776
YMR131C,12295.6508772
YMR132C,1743.575
YMR133W,1735.95
YMR134W,18894.9746011
YMR135W-A,8238.3
YMR135C,36398.5598235
YMR136W,32157.9187751
YMR137C,4790.89090909
YMR138W,3727.89568966
YMR139W,29948.0166425
YMR140W,21117.7384091
YMR141C,5975.02402597
YMR141W-A,6263.26329114
YMR142C,31287.0084472
YMR143W,30625.0439036
YMR144W,25950.7709726
YMR145C,30424.5128305
YMR146C,15246.7279553
YMR147W,15215.1553156
YMR148W,15047.9390323
YMR149W,26404.3093641
YMR151W,6010.34407895
YMR150C,15380.8594937
YMR152W,15292.0361925
YMR153W,9406.88333333
YMR153C-A,3069.19864865
YMR154C,6202.02058824
YMR155W,5508.41964286
YMR156C,5297.03307692
YMR157C,17216.6393728
YMR158W,17229.2967949
YMR158C-A,2618.83888889
YMR158W-B,2964.55862069
YMR159C,8879.40148515
YMR160W,10188.1254717
YMR161W,20259.934765
YMR162C,23395.6676874
YMR163C,8549.64058442
YMR164C,22889.0850746
YMR165C,26559.6278878
YMR166C,21125.1018672
YMR167W,20850.3934077
YMR168C,16332.3368182
YMR169C,23162.5313653
YMR170C,10503.1301471
YMR171C,10876.726943
YMR172W,10374.6914634
YMR172C-A,34931.537931
YMR173W,34774.3830476
YMR173W-A,34360.2963112
YMR174C,11158.1791045
YMR175W,11012.2103365
YMR175W-A,23101.2161538
YMR176W,21850.7028713
YMR177W,19362.8966507
YMR178W,23007.61515
YMR179W,15151.9063745
YMR180C,3743.10697674
YMR181C,22694.9249042
YMR182C,19848.2606422
YMR182W-A,20295.418984
YMR183C,24239.4022829
YMR184W,24338.4586957
YMR185W,12758.2528302
YMR186W,21901.9459551
YMR187C,7778.8725
YMR188C,20175.7933623
YMR189W,20144.1289442
YMR190C,23360.3423588
YMR191W,23130.8815991
YMR192W,4014.41037736
YMR193W,21204.237299
YMR194W,9284.33310811
YMR193C-A,15928.7238722
YMR194C-B,39039.3364891
YMR194C-A,40309.7997899
YMR195W,39326.6014188
YMR196W,29259.2119369
YMR197C,9590.985
YMR198W,9209.32714286
YMR199W,32191.8826841
YMR200W,11668.1488152
YMR201C,21649.2425223
YMR202W,21519.2764381
YMR203W,24219.8404281
YMR204C,2713.19444444
YMR205C,27558.2822684
YMR206W,26359.3044058
YMR207C,23351.9076602
YMR208W,23916.519447
YMR209C,7155.9285
YMR210W,7477.15588235
YMR211W,11113.4957746
YMR212C,13748.7211027
YMR213W,13744.4007692
YMR214W,22153.0372047
YMR215W,9696.41306533
YMR216C,18092.4156627
YMR217W,17944.7988048
YMR218C,11120.5817518
YMR219W,10588.2957237
YMR220W,15128.8641509
YMR221C,5127.83571429
YMR222C,3218.49642857
YMR223W,5666.45833333
YMR224C,5662.73461538
YMR225C,19547.5134146
YMR226C,12251.6157895
YMR227C,4141.93043478
YMR228W,4127.24021739
YMR229C,24394.6675159
YMR230W,21653.0181818
YMR230W-A,4196.47941176
YMR231W,8787.4125
YMR232W,19140.067663
YMR233W,6151.08202247
YMR234W,1814.57
YMR235C,13992.446748
YMR236W,14260.0328691
YMR237W,18143.2651685
YMR238W,19335.4654167
YMR239C,11476.7533493
YMR240C,29665.1643258
YMR241W,29194.6393051
YMR242C,29859.7524291
YMR242W-A,8768.726
YMR243C,24609.8797078
YMR244W,9442.83428571
YMR245W,16696.713964
YMR244C-A,32654.5429076
YMR246W,31210.745535
YMR247C,5792.84318182
YMR247W-A,4526.78289474
YMR250W,21876.3020408
YMR251W,15163.3839286
YMR251W-A,36924.4447503
YMR252C,26047.3832006
YMR253C,27383.6730539
YMR254C,15707.837395
YMR255W,24357.6600168
YMR256C,29797.9628755
YMR257C,3623.19418605
YMR258C,6426.37741935
YMR259C,8850.2016129
YMR260C,4925.85441176
YMR261C,30029.5951104
YMR262W,28775.5903087
YMR263W,19419.2835443
YMR264W,21240.986319
YMR265C,36315.2411164
YMR266W,36287.0708575
YMR267W,7641.31569767
YMR268C,4834.096
YMR269W,4675.47291667
YMR270C,5685.41769231
YMR271C,16624.2247788
YMR272W-A,5137.20967742
YMR272C,24467.3730769
YMR272W-B,24356.6905961
YMR273C,17042.2562977
YMR274C,1645.5
YMR275C,19893.9666075
YMR276W,19961.9230616
YMR277W,18314.3792839
YMR278W,6580.85185185
YMR279C,18456.0067568
YMR280C,25543.4523973
YMR281W,27302.4318557
YMR282C,15135.7892744
YMR283C,14257.422067
YMR284W,13688.4699482
YMR285C,10888.7040865
YMR286W,10716.9681818
YMR287C,15518.4465116
YMR288W,16807.5760976
YMR289W,4076.3525
YMR290W-A,3819.15365854
YMR290C,31714.4118234
YMR291W,34728.1926139
YMR292W,23113.7333659
YMR293C,3426.86944444
YMR294W,5417.97421875
YMR294W-A,6166.01117647
YMR295C,26148.7381854
YMR296C,16740.194697
YMR297W,28160.4448336
YMR298W,5161.98863636
YMR299C,3564.12972973
YMR300C,10624.5366667
YMR301C,23092.0518293
YMR302C,10619.0509728
YMR303C,26807.689486
YMR304W,26785.9879813
YMR304C-A,4251.65
YMR305C,24227.5361702
YMR306W,22726.5047489
YMR306C-A,26482.2760519
YMR307W,27669.801421
YMR307C-A,4462.44827586
YMR308C,4954.19210526
YMR309C,17866.3324934
YMR310C,7059.95503597
YMR311C,20682.8628866
YMR312W,6831.06
YMR313C,17980.6689076
YMR314W,16784.7684874
YMR315W,26192.4374735
YMR315W-A,26668.2267857
YMR316W,33315.3173239
YMR316C-A,25452.0532391
YMR317W,22221.7402116
YMR316C-B,6036.55397727
YMR318C,28228.4340386
YMR319C,29071.9633578
YMR320W,3810.85813953
YMR321C,2087.74615385
YMR322C,3516.93529412
YMR323W,678.12
YMR324C,500.0
YMR325W,1035.6
YMR326C,12834.7065789
YNL339W-B,0
YNL339W-A,0
YNL339C,0.0
YNL338W,0
YNL337W,7767.4754717
YNL336W,0.0
YNL335W,0
YNL334C,521.85
YNL333W,521.85
YNL332W,0
YNL331C,6088.33888889
YNL330C,3882.12818182
YNL329C,20076.0237857
YNL328C,22580.7147152
YNL327W,23263.6907251
YNL326C,3467.89883721
YNL324W,1816.81666667
YNL325C,16993.8277108
YNL323W,17076.2685484
YNL322C,17653.399345
YNL321W,19214.6664369
YNL320W,10511.188835
YNL319W,4091.16428571
YNL318C,6107.31283784
YNL317W,5542.08333333
YNL316C,6330.4609375
YNL315C,13594.0193772
YNL314W,13511.9185096
YNL313C,16170.5478261
YNL312W,15799.1494792
YNL311C,23174.325
YNL310C,11929.941
YNL309W,12652.4302326
YNL308C,18028.3167339
YNL307C,21498.4982428
YNL306W,21470.8339001
YNL305C,21643.7697619
YNL304W,21838.73523
YNL303W,4295.29909091
YNL302C,30422.3921854
YNL301C,18616.6390547
YNL300W,18639.1181488
YNL299W,14908.4141921
YNL298W,21120.7298713
YNL296W,5654.11851852
YNL297C,25181.9798328
YNL295W,25738.8773034
YNL294C,14801.0663386
YNL293W,14397.1438914
YNL292W,3189.69230769
YNL291C,4983.76918605
YNL290W,4580.25
YNL289W,16568.2995833
YNL288W,20638.03125
YNL287W,27137.5975678
YNL286W,4270.621875
YNL285W,14465.9633858
YNL284C,21829.4979911
YNL283C,17540.7973615
YNL282W,19472.0555267
YNL281W,26707.3888283
YNL280C,20970.860625
YNL279W,20712.2741273
YNL278W,35359.0254195
YNL277W-A,17444.937619
YNL277W,28697.5405703
YNL276C,14650.1307292
YNL275W,12656.025
YNL274C,14459.234858
YNL273W,14473.7791193
YNL272C,23610.9192434
YNL271C,22273.3479483
YNL270C,28249.985662
YNL269W,4685.26206897
YNL268W,30109.0325982
YNL267W,4412.87867647
YNL266W,5020.34722222
YNL265C,10701.7671875
YNL264C,4327.6125
YNL263C,14162.728125
YNL262W,14410.9446429
YNL261W,5245.788
YNL260C,21403.7396501
YNL259C,20459.1535714
YNL258C,5370.58353659
YNL257C,17232.8863095
YNL256W,16359.852993
YNL255C,17109.2634518
YNL254C,17150.8700326
YNL253W,20483.1313953
YNL252C,5107.5375
YNL251C,25287.2570122
YNL250W,10826.5100985
YNL249C,3684.32142857
YNL248C,23715.6132251
YNL247W,24395.6815217
YNL246W,14205.9071429
YNL245C,8560.30243902
YNL244C,15779.0256219
YNL243W,15884.1965719
YNL242W,17844.2747899
YNL241C,36491.7164112
YNL240C,28947.1851299
YNL239W,28998.8354545
YNL238W,6225.58880597
YNL237W,8834.46830357
YNL236W,13975.0629442
YNL235C,26055.8232916
YNL234W,26573.8636364
YNL233W,18530.08307
YNL232W,13174.1849345
YNL231C,30058.9271195
YNL230C,20929.0340491
YNL229C,26864.4825068
YNL228W,27563.8259597
YNL226W,2496.63571429
YNL227C,2564.025
YNL225C,20547.0322738
YNL224C,21758.3017724
YNL223W,21631.2485876
YNL222W,10981.0814286
YNL221C,28607.3091736
YNL220W,28358.1429802
YNL219C,18113.9060575
YNL218W,18038.303681
YNL217W,31121.4664781
YNL216W,27996.0076142
YNL215W,5106.28090909
YNL214W,8534.19823009
YNL213C,11275.2342105
YNL212W,12014.0662791
YNL211C,4915.98
YNL210W,4855.05
YNL209W,9855.70434783
YNL208W,34977.4740031
YNL207W,12068.7573333
YNL206C,16441.3047739
YNL205C,6749.34
YNL204C,18976.9243243
YNL202W,18981.5927928
YNL203C,14816.6387868
YNL201C,11554.4064356
YNL200C,18702.0191729
YNL199C,24209.8572727
YNL198C,3268.57727273
YNL197C,26303.9590909
YNL196C,10107.3378151
YNL195C,6446.49868421
YNL194C,30322.9875877
YNL193W,29981.4657903
YNL192W,32173.9992174
YNL191W,21920.340107
YNL190W,33787.7240868
YNL189W,23059.3027539
YNL188W,2393.60714286
YNL187W,13925.5315068
YNL186W,22670.3156528
YNL185C,14567.3561135
YNL184C,5800.9962963
YNL183C,24500.4990528
YNL182C,8593.1186747
YNL181W,8580.26160714
YNL180C,23557.7461498
YNL179C,33417.2321786
YNL178W,23431.093807
YNL177C,21575.755814
YNL176C,9002.29256757
YNL174W,4526.834
YNL175C,25014.4998489
YNL173C,28350.6473148
YNL172W,28367.1304082
YNL170W,1453.6875
YNL171C,3856.63
YNL169C,25641.5790615
YNL168C,21491.085086
YNL167C,24693.8390657
YNL166C,15530.3807292
YNL165W,14794.6020767
YNL164C,14083.1434132
YNL163C,6282.64384615
YNL162W-A,6362.2078125
YNL162W,29076.4661972
YNL161W,28494.5985697
YNL160W,31679.405586
YNL159C,13204.3453767
YNL158W,13461.1773994
YNL157W,26484.335642
YNL156C,28282.7169679
YNL155W,28118.3396414
YNL154C,14518.3995614
YNL153C,26893.0449647
YNL152W,26024.1913333
YNL151C,15106.6316176
YNL150W,12896.0802198
YNL149C,29074.6032796
YNL148C,25256.1140725
YNL147W,23177.6523196
YNL146C-A,5001.33913043
YNL146W,12071.9372093
YNL145W,4291.73365385
YNL144W-A,10520.8757812
YNL144C,34488.794275
YNL143C,6157.52391304
YNL142W,21398.1441176
YNL141W,19823.2187279
YNL140C,3304.65441176
YNL139C,24672.0754707
YNL138W-A,26197.2646018
YNL138W,18527.9325
YNL137C,29554.9829776
YNL136W,29585.5910695
YNL135C,28410.9375386
YNL134C,25237.1228046
YNL133C,18358.5700237
YNL132W,18629.8218978
YNL131W,21557.6052165
YNL130C,21124.1257371
YNL130C-A,10874.4576
YNL129W,21209.6983436
YNL128W,5415.15849057
YNL127W,5867.96584158
YNL126W,9022.11020408
YNL125C,28059.0242236
YNL124W,29574.6935019
YNL123W,7526.57715517
YNL122C,18795.627027
YNL121C,14322.5872423
YNL119W,14188.58325
YNL120C,2775.29375
YNL118C,26547.6282337
YNL117W,27093.5565517
YNL116W,27534.7535601
YNL115C,12887.5534483
YNL113W,10929.3237374
YNL114C,3856.9265625
YNL112W,4158.51774194
YNL111C,23634.6686688
YNL110C,23530.6179423
YNL109W,23537.3598507
YNL108C,15918.5139175
YNL107W,15557.2269231
YNL105W,4615.22535211
YNL106C,18681.5937363
YNL103W-A,6723.69056604
YNL104C,39263.0028386
YNL103W,36330.1034583
YNL102W,4935.97058824
YNL101W,24069.377521
YNL100W,23112.4252345
YNL099C,15314.998875
YNL098C,41109.2704075
YNL097C-B,38589.8494461
YNL097W-A,39864.2879351
YNL097C,17164.1564103
YNL096C,33122.0704395
YNL095C,25608.8088275
YNL094W,25471.0223816
YNL093W,19523.35
YNL092W,21335.5553991
YNL091W,29416.6226145
YNL090W,24792.6778421
YNL089C,22181.6391256
YNL088W,22358.0151584
YNL087W,19595.6623779
YNL086W,8003.58660714
YNL085W,17347.5438017
YNL084C,4445.58272727
YNL083W,3451.67763158
YNL082W,4842.33
YNL081C,5813.51896552
YNL080C,27748.7452206
YNL079C,21993.5123677
YNL078W,21993.5123677
YNL077W,29147.6932596
YNL076W,21618.3182759
YNL075W,9054.14181818
YNL074C,29833.5034884
YNL073W,30053.0955941
YNL072W,4651.36875
YNL071W,32029.8695314
YNL070W,19719.5752688
YNL069C,29703.8316305
YNL068C,31176.5138067
YNL067W-A,5418.41012658
YNL067W-B,14000.6409348
YNL067W,16900.0202663
YNL066W,21801.1435976
YNL065W,28677.7762537
YNL064C,18445.6802083
YNL063W,19137.2290952
YNL062C,6846.85941176
YNL061W,5641.31136364
YNL059C,6968.60547945
YNL057W,4593.37333333
YNL058C,18217.1247649
YNL056W,18313.4012658
YNL055C,29363.3955696
YNL054W,23419.8191667
YNL053W,20575.5782392
YNL052W,26341.8152948
YNL051W,6173.18333333
YNL050C,3454.41363636
YNL049C,11362.6147059
YNL048W,10098.7982143
YNL047C,25076.8592459
YNL046W,24146.4597421
YNL045W,27324.0453906
YNL044W,30412.4730382
YNL043C,13155.8017021
YNL042W-B,11997.512594
YNL042W,31871.7674544
YNL041C,15121.0301948
YNL040W,3397.608
YNL039W,5136.95377358
YNL038W,17140.6762963
YNL037C,23170.8470553
YNL036W,23238.0726967
YNL035C,11644.3178082
YNL034W,10974.3942149
YNL033W,8629.70070423
YNL032W,23604.2004124
YNL031C,36748.6351687
YNL030W,36743.9054409
YNL028W,6453.51
YNL029C,27077.3959499
YNL027W,25388.3228407
YNL026W,13330.640678
YNL025C,10253.5354839
YNL024C-A,28647.0506232
YNL024C,14977.1439914
YNL023C,6713.45357143
YNL022C,22190.5256868
YNL021W,21684.0315789
YNL020C,28581.9576246
YNL019C,8599.05
YNL018C,14508.2680203
YNL017C,14576.4739796
YNL016W,20107.2599481
YNL015W,31909.4821378
YNL014W,23887.4196353
YNL013C,2836.10735294
YNL012W,4824.63461538
YNL011C,14874.8954545
YNL010W,15283.5870787
YNL009W,8414.85512821
YNL008C,26401.1679416
YNL007C,27858.5066769
YNL006W,26944.3541529
YNL005C,18386.4047431
YNL004W,18487.2225892
YNL003C,26522.344125
YNL002C,18512.8329044
YNL001W,18452.0813187
YNR001C,32284.6970073
YNR001W-A,11882.5307882
YNR002C,20288.427478
YNR003W-A,20256.9531289
YNR003C,6697.07142857
YNR004W,6474.61016949
YNR006W,23065.2317419
YNR005C,5222.11304348
YNR007C,13431.0319005
YNR008W,6922.04294118
YNR009W,29668.6350843
YNR010W,15692.4393443
YNR011C,6907.64620253
YNR012W,7275.5235
YNR013C,32671.3152557
YNR014W,32899.8973114
YNR015W,19865.922873
YNR016C,18615.2476531
YNR017W,24826.9031178
YNR018W,31914.2874771
YNR019W,24798.6854803
YNR020C,14492.6205224
YNR021W,16545.7814655
YNR022C,5164.92034884
YNR023W,5780.39081633
YNR024W,8668.59327731
YNR025C,5306.92758621
YNR026C,4857.34918033
YNR027W,4178.898
YNR028W,9284.79625
YNR029C,13023.2719298
YNR030W,13194.2219653
YNR031C,28549.655804
YNR032W,28603.6260569
YNR032C-A,19496.3926445
YNR033W,20723.1265574
YNR034W,18967.5427291
YNR034W-A,33258.6499154
YNR035C,12538.1927336
YNR036C,24611.6737634
YNR037C,27111.3541751
YNR038W,26344.8010629
YNR039C,23021.322055
YNR040W,23633.3193878
YNR042W,6581.33108108
YNR041C,24586.0261765
YNR043W,23659.2151351
YNR044W,10350.7511719
YNR045W,5777.84032258
YNR046W,14346.4107692
YNR047W,25581.3765644
YNR048W,7872.9962963
YNR049C,7803.89222222
YNR050C,17101.1440848
YNR051C,3478.5
YNR052C,25082.6650641
YNR053C,14350.9436798
YNR054C,7494.14111842
YNR055C,20190.4794643
YNR056C,12927.1135274
YNR057C,7357.5135
YNR058W,18126.0937063
YNR059W,22368.408794
YNR060W,33181.4133749
YNR061C,3625.12105263
YNR062C,3624.35384615
YNR063W,6963.12236842
YNR064C,20654.9694379
YNR065C,4212.66375
YNR066C,2442.68
YNR067C,20759.4072016
YNR068C,2868.785
YNR069C,30604.6703859
YNR070W,5628.56440678
YNR071C,13869.8428571
YNR072W,10545.0361607
YNR073C,16508.0543478
YNR074C,9626.28292683
YNR075W,26819.2615602
YNR075C-A,2932.8
YNR076W,14627.5070225
YNR077C,11090.7759657
YOL166W-A,11898.8921397
YOL166C,389.85
YOL165C,1779.58571429
YOL164W-A,4254.1125
YOL164W,14808.9725979
YOL163W,4744.04516129
YOL162W,8709.97947761
YOL161C,17623.6931507
YOL160W,3293.37
YOL159C-A,16206.6727099
YOL159C,7201.19861111
YOL158C,28405.0839723
YOL157C,7964.47405063
YOL156W,7706.60185185
YOL155W-A,375.0
YOL155C,17654.6174518
YOL154W,25539.7966695
YOL152W,17979.2298913
YOL151W,11610.1267857
YOL150C,2912.25428571
YOL149W,4531.16904762
YOL148C,20158.9012225
YOL147C,21187.5539024
YOL146W,21139.4449029
YOL145C,7661.8125
YOL144W,9236.48690476
YOL143C,27306.3644419
YOL142W,26987.9529683
YOL141W,5884.56851852
YOL140W,27312.2123353
YOL139C,14104.0720755
YOL138C,6189.703125
YOL137W,7588.990625
YOL136C,29769.893099
YOL135C,13684.7745928
YOL133W,13358.7934343
YOL134C,3897.58333333
YOL132W,7912.70585106
YOL131W,12459.0475446
YOL130W,22522.8603691
YOL129W,15233.0564103
YOL128C,26636.1787671
YOL127W,32453.8331126
YOL126C,36517.5035431
YOL125W,33075.3884045
YOL124C,14694.6324
YOL123W,23960.2806985
YOL122C,17601.2346
YOL121C,25948.5572284
YOL120C,26055.1216157
YOL119C,30398.8157908
YOL118C,12222.4435294
YOL117W,12407.3075949
YOL116W,6780.7030303
YOL115W,8279.24552239
YOL114C,26882.1192157
YOL113W,25592.7020906
YOL112W,8691.18320611
YOL111C,37468.4749363
YOL110W,24650.0853568
YOL109W,37039.3093359
YOL108C,33111.1816334
YOL107W,32619.7296412
YOL106W,4757.15816327
YOL105C,19791.6235385
YOL104C,12711.1695822
YOL103W,15430.9983871
YOL102C,19188.4840909
YOL101C,24240.3757614
YOL100W,20820.6871345
YOL099C,3427.9546875
YOL098C,8080.97702703
YOL097W-A,7341.3483871
YOL097C,4893.424
YOL096C,4406.16521739
YOL095C,4368.70982143
YOL094C,7094.76428571
YOL093W,5483.38806818
YOL092W,6527.2314433
YOL091W,4395.93
YOL090W,6452.45217391
YOL089C,4424.55625
YOL088C,17235.7663823
YOL087C,27806.1637097
YOL086W-A,28125.0648165
YOL086C,40002.0547595
YOL085W-A,31927.407211
YOL085C,13676.307971
YOL084W,30862.6553633
YOL083W,16931.0950495
YOL083C-A,13611.1173333
YOL082W,30993.1726939
YOL081W,32493.2468885
YOL079W,5091.71612903
YOL080C,3856.16428571
YOL078W,4094.74071429
YOL077W-A,24087.352027
YOL077C,18710.1103352
YOL076W,19190.418083
YOL075C,5185.46329787
YOL073C,5285.60547945
YOL072W,5819.25806452
YOL071W,5473.36041667
YOL070C,10797.8632979
YOL069W,10514.0941748
YOL068C,11624.3599576
YOL067C,19574.9911483
YOL066C,6815.95434783
YOL065C,6585.08902439
YOL064C,23829.0692857
YOL063C,6140.77857143
YOL062C,14977.3793201
YOL061W,13614.9652824
YOL060C,35741.8117125
YOL059W,36442.1094262
YOL058W,36697.6848571
YOL057W,17793.6681429
YOL056W,4174.8225
YOL055C,8904.95240964
YOL054W,12787.2837017
YOL053W,7765.4516129
YOL052C-A,31174.5870164
YOL052C,22707.2111562
YOL051W,29120.6673619
YOL050C,26485.9830247
YOL049W,26701.1346395
YOL048C,16469.7049323
YOL047C,24121.1546729
YOL045W,21585.7876106
YOL046C,3358.1
YOL044W,25273.9161937
YOL043C,9569.36530612
YOL042W,9392.295
YOL041C,7865.28
YOL040C,32107.9668326
YOL039W,32369.9395976
YOL038C-A,17303.9600629
YOL038W,18090.6332564
YOL036W,18649.8847826
YOL037C,10577.3331522
YOL035C,11758.8964865
YOL034W,19438.6967573
YOL033W,6701.49863014
YOL032W,9921.39907407
YOL031C,23263.2166058
YOL030W,23260.5267922
YOL029C,4941.87531646
YOL028C,24672.2984
YOL027C,28677.8124588
YOL026C,16232.1746772
YOL025W,16237.9731105
YOL024W,3196.62222222
YOL023W,3668.35135135
YOL022C,2160.6
YOL021C,35478.0530666
YOL020W,35007.004067
YOL019W-A,21743.0916134
YOL019W,32103.4723214
YOL018C,8724.58969466
YOL017W,8699.52945205
YOL016C,36605.0451039
YOL015W,24386.5198036
YOL014W,31119.6631858
YOL013W-B,3543.34166667
YOL013W-A,5922.07394366
YOL013C,27882.5100391
YOL012C,31412.0125737
YOL011W,36640.5610117
YOL010W,15532.1475265
YOL009C,6321.68333333
YOL008W,6758.00769231
YOL007C,21670.7116822
YOL006C,18400.4524668
YOL005C,27545.6161965
YOL004W,28353.0800213
YOL003C,7874.47987013
YOL002C,23166.5692068
YOL001W,24841.4300181
YOR001W,5145.94342105
YOR002W,13114.960274
YOR003W,22451.0469231
YOR004W,11043.9921196
YOR005C,8411.10815217
YOR006C,6612.36097561
YOR007C,17435.9084906
YOR008C,33875.1139216
YOR008C-A,26743.1647208
YOR008W-B,26279.502182
YOR009W,25700.1781381
YOR010C,25673.6106218
YOR011W,26389.3655571
YOR011W-A,2740.65
YOR012W,5009.63490566
YOR013W,4181.10978261
YOR014W,27231.3237659
YOR015W,3030.834375
YOR016C,14680.1275424
YOR017W,14742.324477
YOR018W,18896.8638626
YOR019W,26748.3330265
YOR020C,20527.2096085
YOR020W-A,27897.2140662
YOR021C,19923.4016899
YOR022C,4737.45461538
YOR023C,32878.394109
YOR024W,21490.1985342
YOR025W,32798.9512306
YOR026W,12275.6868664
YOR027W,21868.4903551
YOR028C,21145.1316944
YOR029W,3581.06590909
YOR030W,9683.58257143
YOR032C,28275.2273769
YOR032W-A,29395.7451667
YOR033C,14448.9449393
YOR034C,25698.0261905
YOR034C-A,4705.28913043
YOR035C,25007.1195431
YOR036W,24551.7856635
YOR037W,9768.66
YOR038C,15943.273506
YOR039W,15923.7335907
YOR040W,14892.9130952
YOR042W,19021.1838
YOR041C,9050.25514286
YOR043W,30549.9271654
YOR044W,21826.2620588
YOR045W,16720.9367898
YOR046C,7887.69947368
YOR047C,28369.4226855
YOR048C,17136.6559932
YOR049C,26721.5324739
YOR050C,15595.0087287
YOR051C,20711.7483471
YOR052C,31658.7131037
YOR053W,31636.2774234
YOR055W,5079.31849315
YOR054C,28925.3951486
YOR056C,11516.36
YOR057W,11516.4305172
YOR058C,5579.21162791
YOR059C,10363.1944444
YOR060C,25822.6356383
YOR061W,24708.6860558
YOR062C,29267.3793179
YOR063W,20936.552093
YOR064C,26080.9962385
YOR065W,25440.6702913
YOR066W,20995.9959641
YOR067C,6999.65045455
YOR069W,10977.0474093
YOR068C,4811.28688525
YOR070C,27177.9529833
YOR071C,25513.155261
YOR072W,7396.25204082
YOR072W-A,25299.5600967
YOR072W-B,9404.8764
YOR073W,22549.3527445
YOR073W-A,5699.20540541
YOR074C,16706.6943983
YOR075W,16218.1888446
YOR076C,21726.7212551
YOR077W,21446.7647098
YOR078W,26644.2974916
YOR079C,7813.1480315
YOR080W,7351.12411765
YOR081C,16727.1212934
YOR083W,17266.645539
YOR082C,18706.4253275
YOR084W,16982.0088431
YOR085W,25208.8354775
YOR086C,24803.5866412
YOR087W,15807.3690341
YOR089C,19485.2656667
YOR090C,16827.5003906
YOR091W,16827.5003906
YOR092W,30397.7573716
YOR093C,19581.6250568
YOR094W,19517.0044532
YOR095C,20893.5247017
YOR096W,30123.2967268
YOR097C,16641.8389752
YOR098C,29935.1325307
YOR099W,29903.6792329
YOR100C,28626.4984405
YOR101W,31587.3247679
YOR102W,4564.52019231
YOR103C,11114.1573034
YOR104W,11001.5372596
YOR105W,4085.088
YOR106W,11145.51
YOR107W,30026.9733013
YOR108W,28569.7932965
YOR108C-A,21222.634638
YOR109W,21245.4053254
YOR110W,20083.7185714
YOR111W,6470.80253165
YOR112W,14303.1771635
YOR113W,20722.2606218
YOR114W,5857.74344262
YOR115C,16340.7891892
YOR116C,8392.38254717
YOR117W,14015.6754266
YOR118W,18634.5318328
YOR119C,26313.6653179
YOR120W,30859.1252412
YOR121C,5132.29180328
YOR122C,21822.4821159
YOR123C,7968.42619048
YOR124C,7673.15897436
YOR125C,8045.13793103
YOR126C,16139.9207944
YOR127W,15542.370524
YOR128C,3798.8625
YOR129C,5386.36534091
YOR130C,34945.3943159
YOR131C,22346.7528721
YOR132W,22599.3900856
YOR133W,11575.7295181
YOR134W,27615.8494012
YOR136W,22962.1657895
YOR135C,5143.65986842
YOR137C,30076.4297135
YOR138C,23517.9480183
YOR140W,23923.1408271
YOR139C,16322.8534351
YOR141C,26853.2335443
YOR142W,26459.3264851
YOR143C,10062.4581522
YOR144C,12070.5675
YOR146W,6778.12674419
YOR145C,9789.52754237
YOR147W,9687.75174419
YOR148C,18968.0703593
YOR149C,11979.6940541
YOR150W,11813.4246032
YOR151C,16272.3289286
YOR152C,23195.9483029
YOR153W,28837.930013
YOR154W,3597.58875
YOR155C,17048.0145051
YOR156C,5501.66612903
YOR157C,18227.4751716
YOR158W,18202.9372973
YOR159C,2906.42647059
YOR160W,5106.50681818
YOR161W-A,11567.5338235
YOR161W-B,6009.702
YOR161C,31930.9991647
YOR161C-C,20421.7219697
YOR162C,18574.4159046
YOR163W,19277.1582927
YOR164C,3976.49224138
YOR165W,4937.95352113
YOR166C,7458.46726619
YOR167C,18700.6310651
YOR168W,18380.1025187
YOR169C,3612.57916667
YOR170W,3146.9925
YOR171C,25476.0639823
YOR172W,26427.3469466
YOR173W,20158.3010695
YOR174W,13310.6261538
YOR175C,25074.7787565
YOR176W,26082.3862389
YOR177C,15485.8664835
YOR178C,14234.6887795
YOR179C,9180.11800948
YOR180C,16964.6566059
YOR181W,16945.2409091
YOR182C,30418.2320737
YOR183W,3677.00113636
YOR184W,30437.311597
YOR185C,28126.4797297
YOR186W,16544.1344203
YOR186C-A,31336.4989786
YOR187W,30685.9246988
YOR188W,15538.531903
YOR189W,23744.3669535
YOR190W,18410.6290598
YOR191W,26024.7412228
YOR192C,27877.6716173
YOR192C-C,0
YOR193W,13203.7477612
YOR194C,11673.3316901
YOR195W,11757.5814159
YOR196C,25550.2822266
YOR197W,25922.2977839
YOR198C,29140.9083282
YOR199W,8838.21106195
YOR200W,27370.8643674
YOR201C,8286.22682927
YOR202W,19725.0439252
YOR203W,0
YOR204W,9293.60859375
YOR205C,7403.63076923
YOR206W,7821.81778846
YOR207C,28784.1700326
YOR208W,29036.5658806
YOR209C,22479.8714509
YOR210W,22399.0586314
YOR211C,9683.89945055
YOR212W,35385.3687944
YOR213C,29583.3905172
YOR214C,7756.0452
YOR215C,19555.6154179
YOR216C,7444.4439759
YOR217W,7683.60192308
YOR218C,1950.89
YOR219C,31111.6635011
YOR220W,31425.6218212
YOR221C,27028.1424742
YOR222W,20902.8943425
YOR223W,11509.6490506
YOR224C,11503.3416309
YOR225W,7993.17397959
YOR226C,30380.9548835
YOR227W,27197.0999449
YOR228C,31923.1790875
YOR229W,31788.2322617
YOR230W,34409.5909065
YOR231W,25672.9460978
YOR231C-A,3993.84642857
YOR232W,21551.3848837
YOR233W,9439.76
YOR234C,35547.7847347
YOR235W,37096.3552611
YOR236W,26167.0715232
YOR237W,23350.622298
YOR238W,4753.99596774
YOR239W,21881.4462838
YOR241W,3910.1472973
YOR242C,5982.25178571
YOR243C,26877.6480198
YOR244W,26238.2579327
YOR245C,10545.4475806
YOR246C,16996.6177852
YOR247W,17368.6104962
YOR248W,4537.57075472
YOR249C,6242.57962963
YOR250C,5619.05506329
YOR251C,6382.65865385
YOR252W,6686.90274725
YOR253W,3243.09
YOR254C,25859.0056485
YOR255W,25571.8329452
YOR256C,5507.86153846
YOR257W,3938.38448276
YOR258W,8361.6516129
YOR259C,20151.7046512
YOR260W,20148.6562105
YOR261C,13178.8189474
YOR262W,13535.8616667
YOR264W,28111.9793384
YOR263C,6918.871875
YOR265W,16917.8645756
YOR266W,7205.44514563
YOR267C,27138.0142233
YOR268C,21487.7003759
YOR269W,26907.8891183
YOR270C,19335.4382175
YOR271C,28672.8680982
YOR272W,25795.243253
YOR273C,31673.516844
YOR274W,32093.9377577
YOR275C,17103.036
YOR276W,16891.856
YOR277C,23831.1591376
YOR278W,23589.1916091
YOR279C,4834.32253521
YOR280C,12424.5186207
YOR282W,3882.90405405
YOR281C,5712.44010989
YOR283W,5317.67378049
YOR284W,3012.64714286
YOR285W,15089.8087983
YOR286W,17116.1105206
YOR287C,13225.2932862
YOR288C,29778.5927443
YOR289W,29840.4055891
YOR290C,22185.2447876
YOR291W,15443.8664134
YOR292C,27591.0435083
YOR293W,27531.2826606
YOR293C-A,12308.5432099
YOR294W,15829.8775093
YOR295W,4756.54444444
YOR296W,9108.89898649
YOR297C,12784.3467857
YOR298W,12970.7473214
YOR298C-A,32761.7102443
YOR299W,32711.2966695
YOR300W,5446.63170732
YOR301W,29930.5207461
YOR302W,34711.6384252
YOR303W,32289.9140433
YOR304W,14831.5964286
YOR304C-A,5869.38520408
YOR305W,5740.3455
YOR306C,33137.2069549
YOR307C,8984.21204819
YOR308C,6973.52045455
YOR309C,2894.11395349
YOR310C,3348.12073171
YOR311C,19572.4669091
YOR312C,28134.9375912
YOR313C,18394.4630769
YOR314W,5022.1575
YOR314W-A,26026.3060369
YOR315W,26024.533743
YOR316C,29846.2971896
YOR316C-A,23641.4002994
YOR317W,34432.826062
YOR318C,28783.10756
YOR319W,27241.51047
YOR320C,19886.5930189
YOR321W,20359.6430769
YOR322C,22815.0485062
YOR323C,17519.6381041
YOR325W,7410.37438017
YOR324C,29219.6082934
YOR326W,29283.0346431
YOR327C,33670.1287892
YOR328W,31713.2514817
YOR329W-A,4419.72589286
YOR329C,3263.23064516
YOR330C,25241.1944
YOR332W,25554.8444037
YOR331C,12426.8456522
YOR334W,10311.999375
YOR333C,5472.490625
YOR335W-A,5167.88513514
YOR335C,20954.8383403
YOR336W,20922.258
YOR337W,24235.3772021
YOR338W,16329.2388535
YOR339C,7163.89318182
YOR340C,9752.1452381
YOR341W,4905.68365385
YOR342C,30470.7039783
YOR343C,23467.6773148
YOR344C,38308.4303571
YOR346W,3910.68913043
YOR345C,4887.27890625
YOR347C,13323.1935315
YOR348C,24817.5853043
YOR349W,26814.2254832
YOR350C,5429.99237288
YOR351C,22791.0448598
YOR352W,22513.7910064
YOR353C,5496.9362069
YOR354C,25077.0258675
YOR355W,957.2
YOR356W,17288.0643123
YOR357C,13978.023467
YOR358W,12446.3591743
YOR359W,19493.9469512
YOR360C,19316.3777344
YOR361C,7281.7744898
YOR362C,22297.4016256
YOR363C,20624.2868802
YOR364W,11546.4169355
YOR366W,4342.74545455
YOR365C,15851.140082
YOR367W,15745.9809179
YOR368W,5537.11544118
YOR369C,15813.2958841
YOR370C,26765.042394
YOR371C,19852.7420792
YOR372C,17804.5725182
YOR373W,18563.1512953
YOR374W,30366.3238451
YOR375C,34824.0644107
YOR376W,7465.5140625
YOR376W-A,21771.1555708
YOR377W,16201.9271104
YOR378W,20402.0768182
YOR379C,6668.37717391
YOR380W,12618.5744395
YOR381W,9338.97943548
YOR381W-A,4458.2027027
YOR382W,23294.8579404
YOR383C,19286.0808206
YOR384W,19171.0978302
YOR385W,27182.1179775
YOR386W,21183.8746324
YOR387C,6615.20454545
YOR388C,7249.39576271
YOR389W,7139.01904762
YOR390W,5834.8875
YOR391C,0
YOR392W,747.1875
YOR393W,0
YOR394W,0
YOR394C-A,0
YOR396W,0
YOR396C-A,0
YPL283W-B,0
YPL283W-A,0
YPL283C,0
YPL282C,0
YPL281C,0
YPL280W,1233.025
YPL279C,8243.82089552
YPL278C,1076.65
YPL277C,15919.3927757
YPL274W,37057.5941303
YPL273W,29829.2889919
YPL272C,19126.4792763
YPL271W,15132.5798137
YPL270W,14099.4997238
YPL269W,7015.02669903
YPL268W,16634.2461864
YPL267W,21086.3116216
YPL266W,13399.7281955
YPL265W,38311.0358337
YPL264C,12767.4949782
YPL263C,16128.4605042
YPL262W,17036.9064935
YPL260W,22804.3086555
YPL261C,10151.9488827
YPL259C,10834.7116438
YPL258C,5655.12672414
YPL257W,8597.50766871
YPL256C,21599.9270665
YPL255W,16717.7213163
YPL254W,12751.6906627
YPL253C,10523.4138462
YPL251W,10516.5901554
YPL252C,27017.9181105
YPL250C,37422.9635778
YPL250W-A,37982.491644
YPL249C-A,32554.4583988
YPL249C,7652.95344828
YPL248C,14517.898913
YPL247C,23660.6464286
YPL246C,17534.8176591
YPL245W,17487.7646186
YPL244C,6394.93941176
YPL243W,6302.085
YPL242C,12037.1155022
YPL241C,17167.1875796
YPL240C,25009.8491789
YPL239W,23655.4533457
YPL237W,27170.47704
YPL238C,4237.034375
YPL236C,12190.3428571
YPL235W,11743.7901316
YPL234C,24909.0532007
YPL233W,27844.6487712
YPL232W,34637.324075
YPL231W,34979.9338059
YPL230W,33102.4443068
YPL229W,19389.81
YPL228W,12247.9391129
YPL227C,9074.1122093
YPL226W,9074.1122093
YPL225W,14730.9015228
YPL224C,27480.6650127
YPL223C,7565.686
YPL222W,20413.7646853
YPL222C-A,36264.7379934
YPL221W,34216.30053
YPL220W,23895.8834687
YPL219W,29170.7811972
YPL218W,26339.1039199
YPL217C,4689.005
YPL216W,4382.755
YPL215W,28245.9547091
YPL214C,11342.6970443
YPL213W,11446.7712766
YPL212C,3641.20333333
YPL211W,4997.9961039
YPL210C,6898.18081395
YPL209C,5967.85970149
YPL208W,5943.46071429
YPL207W,20414.2108581
YPL206C,24695.3788889
YPL205C,5752.98539326
YPL204W,24734.1664604
YPL203W,24783.8374475
YPL202C,27576.1232829
YPL201C,5929.51478873
YPL200W,5789.7
YPL199C,24569.3558442
YPL198W,23806.4498674
YPL197C,19330.7579137
YPL196W,20322.2697674
YPL195W,6840.95934066
YPL194W,8904.36
YPL193W,14025.0939759
YPL192C,20021.5572414
YPL191C,16135.516171
YPL190C,20410.1247619
YPL189C-A,18420.5176415
YPL189W,18262.0634579
YPL188W,7810.46883117
YPL187W,18075.4575824
YPL185W,12919.4151515
YPL186C,22558.7741573
YPL184C,3916.46842105
YPL183W-A,15311.3215232
YPL183C,21189.7679012
YPL181W,25743.0958647
YPL182C,3270.37325581
YPL180W,26274.179265
YPL179W,26934.0325
YPL178W,6115.56627907
YPL177C,32725.4865978
YPL176C,12820.3489437
YPL175W,11938.2885093
YPL174C,10295.7391892
YPL173W,9624.90739437
YPL172C,21786.7822294
YPL171C,24890.6729839
YPL170W,27657.6974646
YPL169C,11509.3915541
YPL168W,11334.6634615
YPL167C,9575.35467626
YPL166W,9501.2335443
YPL165C,15472.841716
YPL164C,14275.8155172
YPL163C,17218.8435714
YPL162C,17218.4354489
YPL161C,22178.5928856
YPL160W,20310.6449132
YPL159C,19964.3728519
YPL158C,20588.4193916
YPL157W,20519.3034091
YPL156C,33726.7588301
YPL155C,26110.9793635
YPL154C,24774.5464176
YPL153C,17195.9649635
YPL152W-A,17492.5444238
YPL152W,14689.8737288
YPL151C,13673.2520979
YPL150W,13373.1010101
YPL149W,33684.3234666
YPL148C,19976.6434256
YPL147W,20182.2587302
YPL146C,14856.41
YPL145C,32642.8346224
YPL144W,33094.1576454
YPL143W,37218.1772002
YPL142C,15050.3637931
YPL141C,12980.0337054
YPL140C,3980.27093023
YPL139C,22269.7469457
YPL138C,6686.81964286
YPL136W,12197.3204947
YPL137C,27217.4407037
YPL135W,30135.9461538
YPL135C-A,7932.07034483
YPL134C,22769.1251926
YPL133C,19851.0962338
YPL132W,20438.0622973
YPL131W,23076.2585106
YPL130W,4873.40357143
YPL129W,8595.03074534
YPL128C,16634.3980456
YPL127C,21852.50938
YPL126W,21865.5804936
YPL125W,6386.04210526
YPL124W,4453.26666667
YPL123C,5206.32972973
YPL122C,3209.71607143
YPL121C,13460.5007246
YPL120W,14007.012
YPL119C-A,4244.22236842
YPL119C,6987.9199115
YPL118W,7492.4034965
YPL117C,27201.1125817
YPL116W,23189.327833
YPL115C,22730.3444606
YPL114W,22481.2798711
YPL113C,19089.0737113
YPL112C,14065.3217066
YPL111W,30529.7091246
YPL110C,8670.58728814
YPL109C,4769.48275862
YPL108W,14003.5409341
YPL107W,9615.89647059
YPL106C,14188.8778075
YPL105C,18266.2358407
YPL104W,23655.0983083
YPL103C,8668.34318182
YPL101W,20328.1649123
YPL102C,4815.14104478
YPL100W,25196.0370579
YPL099C,7636.74964286
YPL098C,11187.13125
YPL097W,11595.2692857
YPL096C-A,12871.6333333
YPL096W,14141.4267327
YPL095C,19687.8322755
YPL094C,22740.8149554
YPL093W,22057.3198152
YPL092W,28545.0655945
YPL091W,22162.7614437
YPL090C,31222.2950948
YPL089C,29106.3575791
YPL088W,30698.4167947
YPL087W,30359.0925595
YPL086C,17110.0657343
YPL085W,17227.7968085
YPL084W,29094.2503741
YPL083C,8324.54240506
YPL082C,24259.5803077
YPL081W,19392.8532924
YPL080C,20152.4134204
YPL079W,30435.0104416
YPL078C,25712.3372914
YPL077C,14801.4330882
YPL076W,14282.4715278
YPL075W,34774.058468
YPL074W,21725.904291
YPL072W,4492.87142857
YPL073C,2299.01428571
YPL071C,19313.7906593
YPL070W,19345.8558453
YPL069C,15549.9869863
YPL068C,34041.7406183
YPL067C,24960.2537253
YPL066W,30928.3564091
YPL065W,10246.2827103
YPL064C,9520.49904459
YPL063W,9575.79270833
YPL062W,36413.2051593
YPL061W,37043.0303885
YPL060W,4043.39693878
YPL059W,19627.0566815
YPL058C,34031.5199397
YPL057C,36728.2561481
YPL056C,37263.4172616
YPL055C,33875.1523313
YPL054W,34498.7086258
YPL053C,23935.5568892
YPL052W,23495.8900826
YPL051W,2298.57692308
YPL050C,11935.5788265
YPL049C,35149.1899042
YPL048W,35267.2385406
YPL047W,24263.9971548
YPL046C,4642.01015625
YPL045W,6360.41043956
YPL043W,11488.5830097
YPL044C,5783.30073529
YPL042C,18473.4043307
YPL041C,20013.3918462
YPL040C,15086.575
YPL039W,14562.4323913
YPL038W-A,6167.12763158
YPL038W,4723.47272727
YPL037C,24923.9782484
YPL036W,23406.767558
YPL034W,20588.6555825
YPL035C,4560.9606383
YPL033C,16022.6939732
YPL032C,35608.8657493
YPL031C,16643.2521866
YPL030W,16722.8557803
YPL029W,7270.70117647
YPL028W,27310.9695402
YPL027W,25219.50144
YPL026C,35981.9493708
YPL025C,24658.7499643
YPL024W,27427.3494508
YPL023C,28588.1405738
YPL022W,28866.3076415
YPL021W,21726.8125
YPL020C,25684.4527778
YPL019C,34309.3881748
YPL018W,34248.0674281
YPL017C,29572.4635842
YPL016W,30585.7632184
YPL015C,38289.8183162
YPL014W,37360.9114012
YPL013C,7693.23118812
YPL012W,9500.65870787
YPL011C,28672.0137615
YPL010W,28562.8548387
YPL009C,12736.6074866
YPL008W,12979.997541
YPL007C,10905.8787234
YPL006W,15805.2344178
YPL005W,21314.4449002
YPL004C,33588.3231047
YPL003W,33544.3478495
YPL002C,5810.53915663
YPL001W,7600.82171053
YPR001W,19982.3592437
YPR002W,29185.1919435
YPR002C-A,10518.0835227
YPR003C,14746.8650391
YPR004C,20402.0464623
YPR005C,33116.0320109
YPR006C,12964.9645833
YPR007C,3393.39230769
YPR008W,35656.6035057
YPR009W,27178.5150759
YPR010C,26299.9482651
YPR010C-A,22009.9509677
YPR011C,10689.4442584
YPR012W,10324.4751152
YPR013C,32185.0355474
YPR014C,23899.8371394
YPR015C,28142.2441441
YPR016C,20405.723617
YPR016W-A,13492.1442073
YPR017C,22239.7437593
YPR018W,22173.7606509
YPR019W,18478.6008772
YPR020W,14572.8965035
YPR021C,17538.2174757
YPR022C,6735.95344828
YPR023C,31924.0637792
YPR024W,31948.6641603
YPR025C,27322.2270855
YPR026W,17314.8801802
YPR027C,4748.71090909
YPR028W,29687.7758726
YPR029C,13452.0604918
YPR030W,25471.8660846
YPR031W,9348.60287081
YPR032W,3437.96707317
YPR033C,13874.0191525
YPR034W,13811.2104235
YPR035W,38987.1378875
YPR036W,29389.116485
YPR036W-A,37717.9501679
YPR038W,28047.6737305
YPR039W,25223.1903659
YPR037C,25178.0702046
YPR040W,26539.5646052
YPR041W,9176.04276316
YPR042C,25682.0713483
YPR043W,25813.849041
YPR044C,8424.96944444
YPR045C,20045.0602377
YPR046W,24197.0164398
YPR047W,7654.3173913
YPR048W,5194.43235294
YPR049C,24689.2910714
YPR051W,25229.5011236
YPR050C,17331.4557692
YPR052C,23995.5862934
YPR053C,7559.85629371
YPR054W,23986.9913462
YPR055W,15089.4822335
YPR056W,9382.18571429
YPR057W,17418.7471084
YPR058W,24576.6856295
YPR059C,4445.71388889
YPR060C,5926.38043478
YPR061C,25711.5755715
YPR062W,26272.9832258
YPR063C,26121.7022808
YPR064W,27533.2234057
YPR065W,30891.3589681
YPR066W,3883.70769231
YPR067W,25113.0311506
YPR068C,3484.32083333
YPR069C,6070.18770492
YPR070W,8324.8109375
YPR071W,10293.8003049
YPR072W,13316.0181338
YPR073C,13900.7543919
YPR074C,33635.7333951
YPR074W-A,13373.054321
YPR076W,6563.39858491
YPR075C,17899.0874286
YPR077C,8657.56615385
YPR078C,23291.9650424
YPR079W,23291.9650424
YPR080W,29122.2541463
YPR081C,4884.91363636
YPR082C,21540.5219231
YPR083W,20831.4915633
YPR084W,6073.76688312
YPR085C,4426.52205882
YPR086W,6486.25408163
YPR087W,2845.6359375
YPR088C,9703.46464968
YPR089W,6715.70660377
YPR092W,3853.61875
YPR091C,11841.0549738
YPR093C,6162.15174419
YPR094W,8489.92379032
YPR095C,15088.2258803
YPR096C,4275.07653061
YPR097W,15387.7144737
YPR098C,22126.965481
YPR100W,21898.8752874
YPR099C,15297.1223214
YPR101W,15362.5497
YPR102C,28643.1872871
YPR103W,28643.1872871
YPR104C,12839.9725424
YPR105C,11590.2968127
YPR106W,11060.7988636
YPR107C,24304.426087
YPR108W,24532.9699507
YPR108W-A,3353.52321429
YPR109W,12541.7355596
YPR110C,16125.3545455
YPR111W,14301.9829412
YPR112C,11733.7375
YPR113W,12083.5162055
YPR114W,19615.8791759
YPR115W,30905.5029958
YPR116W,24178.7338889
YPR117W,25176.8957824
YPR118W,24525.4073333
YPR119W,8353.21229508
YPR120C,25572.4934579
YPR121W,6856.36923077
YPR122W,27865.3317804
YPR124W,13757.2631799
YPR123C,5101.83552632
YPR125W,22136.6877551
YPR126C,28477.3910777
YPR127W,28514.4059735
YPR128C,24190.4865261
YPR129W,24394.7872191
YPR130C,5695.75764706
YPR131C,32519.1865028
YPR132W,32672.3792527
YPR133C,16210.4393728
YPR133W-A,16134.4608
YPR134W,11082.7948276
YPR135W,6976.35989011
YPR137W,22482.2524518
YPR136C,4740.77068966
YPR138C,28752.7542657
YPR139C,12657.2821101
YPR140W,12884.7184091
YPR141C,6785.14347826
YPR143W,5185.37903226
YPR142C,6592.42909091
YPR144C,14940.2662281
YPR145W,34837.4518612
YPR145C-A,35723.7125571
YPR146C,6710.88033708
YPR147C,23958.4375546
YPR148C,27869.5483603
YPR149W,34290.0926586
YPR150W,24717.6998328
YPR151C,13869.1225155
YPR152C,9560.9425
YPR153W,11101.1840237
YPR154W,24379.5061668
YPR155C,14896.0008772
YPR156C,32259.5685209
YPR157W,31633.8967424
YPR158W,24802.8833681
YPR159W,32582.2452499
YPR159C-A,35271.513995
YPR160W,32342.1569712
YPR160W-A,5308.92176471
YPR160C-A,3064.25689655
YPR161C,22981.3784148
YPR162C,2715.84473684
YPR163C,20832.529552
YPR164W,18015.3533693
YPR165W,30776.89367
YPR166C,28057.9128837
YPR167C,13328.1809322
YPR168W,12580.479878
YPR169W,11033.6206349
YPR169W-A,19895.1983308
YPR170W-B,19895.1983308
YPR170C,5344.00588235
YPR170W-A,19519.7422759
YPR171W,11294.3686047
YPR172W,14402.8907012
YPR173C,5664.14642857
YPR174C,13213.5983871
YPR175W,13047.4849741
YPR176C,9829.25
YPR178W,8810.35467626
YPR177C,6286.99736842
YPR179C,4264.2
YPR180W,2881.97068966
YPR181C,18167.0723422
YPR182W,17864.5860938
YPR183W,15215.4344961
YPR184W,23175.9345436
YPR185W,10577.2209677
YPR186C,7505.7252809
YPR187W,6841.44310345
YPR188C,3682.52195122
YPR189W,4456.85833333
YPR190C,22642.3494875
YPR191W,23122.7403659
YPR192W,20539.62
YPR193C,7119.27777778
YPR194C,9886.41044776
YPR195C,11745.6024064
YPR196W,10596.4478049
YPR198W,20051.4660772
YPR197C,4144.10833333
YPR199C,17866.1273519
YPR200C,5069.19519231
YPR201W,6852.15762712
YPR202W,6373.681875
YPR203W,0
YPR204W,0
YPR204C-A,0
Q0010,