,id,max(TATA_distFromORF)
0,YAL001C,567
1,YAL002W,551
2,YAL003W,582
3,YAL005C,166
4,YAL008W,63
5,YAL009W,412
6,YAL011W,156
7,YAL012W,35
8,YAL013W,590
9,YAL015C,34
10,YAL016W,361
11,YAL017W,564
12,YAL018C,141
13,YAL021C,224
14,YAL022C,589
15,YAL024C,318
16,YAL025C,365
17,YAL026C,418
18,YAL026C-A,199
19,YAL027W,147
20,YAL028W,570
21,YAL030W,247
22,YAL031C,176
23,YAL032C,264
24,YAL033W,282
25,YAL034C,478
26,YAL034W-A,214
27,YAL037C-A,448
28,YAL037C-B,451
29,YAL037W,593
30,YAL038W,199
31,YAL041W,227
32,YAL042W,146
33,YAL043C,123
34,YAL044C,211
35,YAL044W-A,568
36,YAL045C,122
37,YAL046C,533
38,YAL047C,593
39,YAL048C,187
40,YAL051W,308
41,YAL053W,147
42,YAL054C,139
43,YAL055W,8
44,YAL056W,228
45,YAL058W,503
46,YAL059C-A,357
47,YAL060W,360
48,YAL061W,179
49,YAL062W,449
50,YAL063C,127
51,YAL063C-A,178
52,YAL064W,68
53,YAL066W,426
54,YAL067C,140
55,YAL068C,100
56,YAR002C-A,183
57,YAR003W,103
58,YAR008W,443
59,YAR014C,382
60,YAR015W,146
61,YAR018C,480
62,YAR020C,108
63,YAR023C,361
64,YAR027W,467
65,YAR028W,379
66,YAR030C,376
67,YAR031W,136
68,YAR033W,275
69,YAR035W,93
70,YAR050W,97
71,YAR053W,11
72,YAR064W,145
73,YAR066W,513
74,YAR069C,555
75,YAR070C,479
76,YAR071W,124
77,YAR073W,460
78,YBL002W,514
79,YBL003C,564
80,YBL006W-A,369
81,YBL007C,93
82,YBL008W-A,523
83,YBL011W,47
84,YBL014C,141
85,YBL015W,571
86,YBL016W,529
87,YBL019W,232
88,YBL021C,492
89,YBL022C,274
90,YBL025W,355
91,YBL026W,430
92,YBL028C,518
93,YBL029C-A,113
94,YBL029W,150
95,YBL030C,462
96,YBL031W,369
97,YBL032W,410
98,YBL033C,484
99,YBL034C,271
100,YBL035C,109
101,YBL036C,444
102,YBL037W,304
103,YBL039W-B,89
104,YBL040C,441
105,YBL041W,18
106,YBL042C,139
107,YBL043W,225
108,YBL044W,471
109,YBL045C,16
110,YBL046W,438
111,YBL047C,572
112,YBL048W,452
113,YBL049W,276
114,YBL052C,483
115,YBL053W,199
116,YBL057C,574
117,YBL058W,46
118,YBL059C-A,231
119,YBL059W,585
120,YBL060W,203
121,YBL061C,415
122,YBL062W,24
123,YBL063W,452
124,YBL064C,595
125,YBL066C,233
126,YBL067C,509
127,YBL068W,257
128,YBL068W-A,54
129,YBL069W,306
130,YBL071C,104
131,YBL071W-A,91
132,YBL072C,337
133,YBL074C,517
134,YBL075C,95
135,YBL077W,528
136,YBL078C,301
137,YBL081W,336
138,YBL082C,408
139,YBL084C,297
140,YBL086C,253
141,YBL087C,15
142,YBL088C,399
143,YBL091C-A,127
144,YBL094C,131
145,YBL095W,69
146,YBL097W,567
147,YBL098W,399
148,YBL099W,169
149,YBL100W-C,139
150,YBL101C,322
151,YBL102W,452
152,YBL103C,115
153,YBL104C,380
154,YBL105C,434
155,YBL106C,330
156,YBL107C,280
157,YBL107W-A,253
158,YBL108C-A,336
159,YBL109W,294
160,YBR001C,220
161,YBR006W,127
162,YBR008C,420
163,YBR009C,590
164,YBR010W,565
165,YBR013C,461
166,YBR014C,248
167,YBR015C,157
168,YBR016W,116
169,YBR017C,444
170,YBR018C,86
171,YBR019C,527
172,YBR020W,583
173,YBR021W,99
174,YBR022W,535
175,YBR023C,560
176,YBR024W,335
177,YBR025C,589
178,YBR026C,313
179,YBR028C,365
180,YBR029C,516
181,YBR030W,39
182,YBR031W,104
183,YBR032W,229
184,YBR033W,553
185,YBR034C,91
186,YBR035C,469
187,YBR036C,221
188,YBR037C,239
189,YBR038W,379
190,YBR040W,375
191,YBR041W,322
192,YBR042C,97
193,YBR043C,594
194,YBR044C,428
195,YBR045C,512
196,YBR048W,463
197,YBR049C,369
198,YBR050C,515
199,YBR052C,319
200,YBR053C,355
201,YBR054W,442
202,YBR055C,547
203,YBR056C-B,452
204,YBR056W,475
205,YBR056W-A,350
206,YBR057C,393
207,YBR058C-A,276
208,YBR059C,469
209,YBR060C,136
210,YBR061C,240
211,YBR062C,297
212,YBR063C,568
213,YBR066C,140
214,YBR067C,142
215,YBR068C,140
216,YBR069C,599
217,YBR070C,444
218,YBR071W,128
219,YBR072C-A,514
220,YBR072W,154
221,YBR073W,322
222,YBR074W,280
223,YBR076C-A,357
224,YBR076W,599
225,YBR078W,329
226,YBR079C,248
227,YBR080C,312
228,YBR081C,485
229,YBR083W,172
230,YBR085C-A,112
231,YBR087W,554
232,YBR088C,311
233,YBR089C-A,479
234,YBR089W,211
235,YBR090C,65
236,YBR091C,209
237,YBR092C,96
238,YBR093C,437
239,YBR096W,142
240,YBR097W,359
241,YBR098W,287
242,YBR099C,307
243,YBR101C,337
244,YBR102C,566
245,YBR103C-A,69
246,YBR104W,437
247,YBR105C,139
248,YBR106W,557
249,YBR107C,182
250,YBR108W,88
251,YBR109W-A,66
252,YBR110W,330
253,YBR111C,54
254,YBR111W-A,217
255,YBR113W,387
256,YBR114W,146
257,YBR115C,398
258,YBR117C,494
259,YBR118W,581
260,YBR120C,420
261,YBR121C,463
262,YBR123C,291
263,YBR125C,443
264,YBR126C,178
265,YBR126W-A,287
266,YBR126W-B,364
267,YBR127C,231
268,YBR128C,244
269,YBR129C,232
270,YBR132C,345
271,YBR133C,42
272,YBR135W,547
273,YBR136W,193
274,YBR138C,260
275,YBR139W,73
276,YBR140C,354
277,YBR143C,559
278,YBR144C,79
279,YBR145W,506
280,YBR146W,404
281,YBR147W,399
282,YBR148W,29
283,YBR149W,253
284,YBR150C,367
285,YBR151W,477
286,YBR152W,311
287,YBR153W,215
288,YBR154C,412
289,YBR155W,448
290,YBR156C,258
291,YBR157C,140
292,YBR158W,337
293,YBR159W,466
294,YBR160W,314
295,YBR161W,594
296,YBR162C,309
297,YBR162W-A,491
298,YBR163W,429
299,YBR164C,597
300,YBR165W,134
301,YBR166C,403
302,YBR167C,543
303,YBR169C,499
304,YBR170C,371
305,YBR172C,243
306,YBR174C,552
307,YBR176W,521
308,YBR177C,348
309,YBR179C,309
310,YBR181C,412
311,YBR182C,175
312,YBR182C-A,489
313,YBR183W,196
314,YBR184W,283
315,YBR185C,469
316,YBR186W,144
317,YBR187W,62
318,YBR190W,122
319,YBR191W,426
320,YBR191W-A,518
321,YBR192W,440
322,YBR193C,272
323,YBR194W,18
324,YBR195C,235
325,YBR196C,261
326,YBR197C,412
327,YBR200W,477
328,YBR200W-A,270
329,YBR201C-A,453
330,YBR203W,270
331,YBR207W,244
332,YBR208C,65
333,YBR209W,342
334,YBR210W,249
335,YBR212W,353
336,YBR213W,239
337,YBR214W,154
338,YBR215W,235
339,YBR217W,326
340,YBR219C,538
341,YBR220C,314
342,YBR221C,413
343,YBR222C,112
344,YBR223C,310
345,YBR223W-A,263
346,YBR225W,23
347,YBR227C,84
348,YBR228W,374
349,YBR229C,276
350,YBR230C,539
351,YBR230W-A,216
352,YBR233W-A,455
353,YBR238C,145
354,YBR239C,413
355,YBR240C,207
356,YBR241C,297
357,YBR242W,327
358,YBR243C,77
359,YBR244W,597
360,YBR246W,7
361,YBR247C,312
362,YBR249C,522
363,YBR250W,522
364,YBR252W,437
365,YBR253W,208
366,YBR255C-A,588
367,YBR256C,415
368,YBR257W,592
369,YBR258C,221
370,YBR259W,116
371,YBR260C,173
372,YBR261C,149
373,YBR263W,590
374,YBR266C,350
375,YBR267W,202
376,YBR268W,566
377,YBR269C,191
378,YBR271W,556
379,YBR272C,109
380,YBR274W,467
381,YBR275C,506
382,YBR276C,23
383,YBR279W,438
384,YBR280C,277
385,YBR285W,575
386,YBR286W,324
387,YBR287W,114
388,YBR290W,202
389,YBR291C,106
390,YBR293W,383
391,YBR294W,200
392,YBR295W,495
393,YBR296C,137
394,YBR296C-A,469
395,YBR298C,488
396,YBR299W,393
397,YBR301W,101
398,YBR302C,71
399,YCL001W,94
400,YCL001W-A,408
401,YCL004W,344
402,YCL005W,542
403,YCL005W-A,463
404,YCL007C,516
405,YCL008C,125
406,YCL009C,72
407,YCL010C,219
408,YCL011C,467
409,YCL012C,240
410,YCL014W,381
411,YCL017C,250
412,YCL018W,35
413,YCL022C,265
414,YCL023C,358
415,YCL024W,528
416,YCL025C,109
417,YCL026C-A,80
418,YCL026C-B,541
419,YCL027W,391
420,YCL030C,170
421,YCL031C,322
422,YCL034W,383
423,YCL035C,385
424,YCL038C,524
425,YCL039W,244
426,YCL040W,516
427,YCL042W,262
428,YCL043C,124
429,YCL044C,255
430,YCL045C,101
431,YCL047C,169
432,YCL048W,257
433,YCL048W-A,472
434,YCL049C,148
435,YCL054W,394
436,YCL054W-A,107
437,YCL055W,34
438,YCL057C-A,371
439,YCL057W,197
440,YCL058C,549
441,YCL059C,577
442,YCL061C,290
443,YCL063W,352
444,YCL064C,94
445,YCL065W,501
446,YCL066W,202
447,YCL067C,521
448,YCL068C,82
449,YCL069W,501
450,YCL073C,163
451,YCR001W,344
452,YCR002C,13
453,YCR004C,271
454,YCR005C,135
455,YCR007C,516
456,YCR008W,506
457,YCR009C,510
458,YCR010C,589
459,YCR012W,153
460,YCR013C,65
461,YCR014C,553
462,YCR015C,518
463,YCR016W,223
464,YCR017C,235
465,YCR019W,69
466,YCR020C,105
467,YCR020C-A,594
468,YCR020W-B,561
469,YCR021C,195
470,YCR022C,491
471,YCR023C,425
472,YCR024C-A,302
473,YCR024C-B,504
474,YCR026C,404
475,YCR027C,600
476,YCR028C,371
477,YCR030C,574
478,YCR031C,434
479,YCR034W,318
480,YCR035C,86
481,YCR036W,198
482,YCR037C,500
483,YCR039C,521
484,YCR040W,202
485,YCR041W,501
486,YCR042C,550
487,YCR043C,194
488,YCR045C,269
489,YCR046C,255
490,YCR048W,426
491,YCR050C,157
492,YCR051W,201
493,YCR054C,329
494,YCR059C,579
495,YCR060W,122
496,YCR061W,352
497,YCR063W,417
498,YCR068W,199
499,YCR071C,228
500,YCR072C,201
501,YCR073C,28
502,YCR075C,373
503,YCR075W-A,68
504,YCR076C,94
505,YCR081C-A,570
506,YCR081W,126
507,YCR082W,201
508,YCR083W,272
509,YCR084C,568
510,YCR086W,466
511,YCR087C-A,577
512,YCR087W,568
513,YCR088W,181
514,YCR089W,514
515,YCR090C,555
516,YCR094W,302
517,YCR095C,531
518,YCR095W-A,429
519,YCR096C,461
520,YCR097W,70
521,YCR098C,310
522,YCR099C,249
523,YCR101C,390
524,YCR102C,81
525,YCR104W,101
526,YCR105W,95
527,YCR107W,232
528,YDL001W,336
529,YDL002C,75
530,YDL003W,362
531,YDL004W,501
532,YDL005C,502
533,YDL006W,513
534,YDL008W,431
535,YDL009C,484
536,YDL010W,18
537,YDL011C,440
538,YDL012C,81
539,YDL013W,531
540,YDL014W,111
541,YDL015C,324
542,YDL017W,405
543,YDL018C,394
544,YDL019C,576
545,YDL020C,302
546,YDL021W,340
547,YDL022W,155
548,YDL024C,79
549,YDL025W-A,221
550,YDL026W,170
551,YDL027C,346
552,YDL028C,358
553,YDL029W,572
554,YDL030W,304
555,YDL031W,476
556,YDL032W,306
557,YDL034W,533
558,YDL035C,457
559,YDL036C,275
560,YDL040C,304
561,YDL041W,584
562,YDL042C,567
563,YDL044C,332
564,YDL045C,330
565,YDL045W-A,172
566,YDL046W,271
567,YDL048C,159
568,YDL049C,110
569,YDL053C,391
570,YDL055C,258
571,YDL057W,319
572,YDL060W,241
573,YDL061C,583
574,YDL065C,82
575,YDL066W,83
576,YDL068W,469
577,YDL069C,161
578,YDL070W,467
579,YDL072C,487
580,YDL073W,250
581,YDL074C,219
582,YDL077C,409
583,YDL078C,543
584,YDL081C,406
585,YDL082W,582
586,YDL084W,379
587,YDL085C-A,440
588,YDL085W,451
589,YDL086C-A,317
590,YDL086W,67
591,YDL087C,475
592,YDL089W,535
593,YDL090C,327
594,YDL091C,263
595,YDL092W,416
596,YDL093W,562
597,YDL097C,165
598,YDL098C,216
599,YDL102W,148
600,YDL103C,275
601,YDL104C,581
602,YDL107W,213
603,YDL108W,215
604,YDL109C,542
605,YDL110C,447
606,YDL111C,532
607,YDL112W,103
608,YDL113C,262
609,YDL115C,313
610,YDL116W,332
611,YDL118W,493
612,YDL122W,257
613,YDL123W,225
614,YDL124W,119
615,YDL125C,553
616,YDL126C,304
617,YDL127W,80
618,YDL128W,365
619,YDL129W,448
620,YDL130W,359
621,YDL130W-A,449
622,YDL131W,581
623,YDL132W,553
624,YDL133C-A,158
625,YDL133W,475
626,YDL134C,37
627,YDL135C,368
628,YDL138W,233
629,YDL139C,469
630,YDL140C,385
631,YDL141W,100
632,YDL142C,68
633,YDL143W,181
634,YDL145C,152
635,YDL146W,552
636,YDL149W,293
637,YDL150W,272
638,YDL153C,255
639,YDL159C-B,107
640,YDL160C-A,245
641,YDL162C,297
642,YDL163W,22
643,YDL165W,244
644,YDL166C,599
645,YDL167C,268
646,YDL168W,542
647,YDL169C,511
648,YDL171C,381
649,YDL173W,496
650,YDL174C,453
651,YDL175C,252
652,YDL178W,288
653,YDL180W,381
654,YDL182W,121
655,YDL184C,574
656,YDL185C-A,324
657,YDL185W,79
658,YDL186W,577
659,YDL188C,546
660,YDL189W,29
661,YDL190C,600
662,YDL191W,583
663,YDL192W,424
664,YDL193W,339
665,YDL194W,472
666,YDL195W,480
667,YDL196W,13
668,YDL198C,364
669,YDL199C,249
670,YDL200C,188
671,YDL201W,307
672,YDL202W,381
673,YDL203C,359
674,YDL204W,96
675,YDL205C,215
676,YDL206W,298
677,YDL207W,203
678,YDL210W,139
679,YDL212W,103
680,YDL213C,297
681,YDL215C,127
682,YDL216C,300
683,YDL217C,133
684,YDL218W,120
685,YDL222C,384
686,YDL223C,123
687,YDL228C,548
688,YDL229W,352
689,YDL230W,317
690,YDL231C,246
691,YDL232W,178
692,YDL233W,167
693,YDL234C,158
694,YDL236W,431
695,YDL238C,444
696,YDL241W,523
697,YDL243C,275
698,YDL244W,440
699,YDL245C,173
700,YDL246C,135
701,YDL247W,560
702,YDL247W-A,469
703,YDL248W,71
704,YDR001C,291
705,YDR002W,468
706,YDR003W,403
707,YDR004W,408
708,YDR005C,164
709,YDR006C,337
710,YDR007W,267
711,YDR008C,222
712,YDR009W,138
713,YDR010C,231
714,YDR011W,412
715,YDR012W,336
716,YDR013W,27
717,YDR014W,234
718,YDR014W-A,202
719,YDR015C,194
720,YDR016C,229
721,YDR017C,316
722,YDR019C,599
723,YDR021W,474
724,YDR023W,180
725,YDR024W,352
726,YDR025W,532
727,YDR026C,415
728,YDR027C,271
729,YDR028C,432
730,YDR031W,279
731,YDR032C,559
732,YDR033W,430
733,YDR034W-B,140
734,YDR036C,36
735,YDR037W,111
736,YDR038C,514
737,YDR039C,514
738,YDR040C,311
739,YDR042C,498
740,YDR043C,274
741,YDR044W,161
742,YDR045C,153
743,YDR047W,426
744,YDR048C,477
745,YDR050C,170
746,YDR051C,265
747,YDR052C,420
748,YDR053W,553
749,YDR055W,133
750,YDR056C,469
751,YDR057W,205
752,YDR058C,468
753,YDR059C,554
754,YDR060W,51
755,YDR061W,102
756,YDR063W,263
757,YDR065W,159
758,YDR066C,455
759,YDR067C,70
760,YDR068W,299
761,YDR069C,266
762,YDR070C,413
763,YDR072C,210
764,YDR073W,340
765,YDR075W,451
766,YDR076W,390
767,YDR077W,131
768,YDR079C-A,179
769,YDR079W,438
770,YDR080W,386
771,YDR083W,45
772,YDR084C,226
773,YDR085C,119
774,YDR086C,258
775,YDR087C,95
776,YDR088C,579
777,YDR090C,121
778,YDR092W,513
779,YDR094W,436
780,YDR097C,433
781,YDR098C,512
782,YDR100W,426
783,YDR101C,409
784,YDR103W,479
785,YDR106W,175
786,YDR109C,201
787,YDR110W,301
788,YDR113C,378
789,YDR114C,458
790,YDR115W,600
791,YDR116C,354
792,YDR118W-A,280
793,YDR119W,98
794,YDR119W-A,144
795,YDR120C,299
796,YDR121W,510
797,YDR124W,77
798,YDR125C,398
799,YDR126W,542
800,YDR127W,288
801,YDR129C,100
802,YDR130C,536
803,YDR132C,596
804,YDR133C,327
805,YDR135C,279
806,YDR137W,436
807,YDR140W,72
808,YDR141C,193
809,YDR142C,334
810,YDR143C,279
811,YDR144C,545
812,YDR145W,249
813,YDR146C,237
814,YDR148C,181
815,YDR150W,386
816,YDR151C,337
817,YDR152W,168
818,YDR153C,73
819,YDR154C,395
820,YDR155C,148
821,YDR158W,78
822,YDR160W,369
823,YDR163W,499
824,YDR168W,232
825,YDR169C,357
826,YDR170C,375
827,YDR171W,322
828,YDR173C,137
829,YDR174W,337
830,YDR177W,34
831,YDR178W,266
832,YDR179C,481
833,YDR179W-A,453
834,YDR182W-A,497
835,YDR183W,446
836,YDR184C,241
837,YDR185C,593
838,YDR189W,210
839,YDR192C,313
840,YDR194C,512
841,YDR195W,394
842,YDR198C,224
843,YDR199W,589
844,YDR201W,110
845,YDR202C,91
846,YDR204W,100
847,YDR205W,428
848,YDR206W,482
849,YDR207C,405
850,YDR209C,564
851,YDR210W,522
852,YDR211W,403
853,YDR212W,486
854,YDR213W,271
855,YDR214W,571
856,YDR215C,193
857,YDR216W,345
858,YDR217C,179
859,YDR218C,409
860,YDR219C,258
861,YDR220C,378
862,YDR222W,113
863,YDR223W,380
864,YDR224C,139
865,YDR225W,174
866,YDR226W,452
867,YDR227W,319
868,YDR228C,418
869,YDR229W,564
870,YDR230W,83
871,YDR231C,451
872,YDR232W,96
873,YDR233C,34
874,YDR234W,163
875,YDR239C,301
876,YDR240C,74
877,YDR241W,277
878,YDR242W,101
879,YDR243C,440
880,YDR244W,114
881,YDR245W,327
882,YDR246W,190
883,YDR247W,424
884,YDR248C,256
885,YDR249C,230
886,YDR253C,428
887,YDR254W,403
888,YDR256C,196
889,YDR257C,290
890,YDR258C,522
891,YDR260C,252
892,YDR261C,95
893,YDR262W,22
894,YDR263C,432
895,YDR264C,142
896,YDR265W,446
897,YDR266C,333
898,YDR268W,191
899,YDR270W,164
900,YDR274C,218
901,YDR276C,146
902,YDR277C,240
903,YDR278C,310
904,YDR279W,305
905,YDR280W,549
906,YDR281C,138
907,YDR282C,266
908,YDR283C,487
909,YDR284C,300
910,YDR288W,275
911,YDR289C,495
912,YDR291W,115
913,YDR292C,332
914,YDR294C,347
915,YDR295C,245
916,YDR296W,333
917,YDR297W,130
918,YDR298C,373
919,YDR299W,91
920,YDR302W,297
921,YDR303C,451
922,YDR304C,497
923,YDR308C,546
924,YDR309C,125
925,YDR310C,289
926,YDR312W,584
927,YDR313C,295
928,YDR317W,85
929,YDR318W,560
930,YDR319C,221
931,YDR320C,165
932,YDR320C-A,570
933,YDR320W-B,249
934,YDR321W,467
935,YDR322C-A,108
936,YDR322W,458
937,YDR323C,301
938,YDR326C,368
939,YDR327W,345
940,YDR328C,219
941,YDR329C,277
942,YDR331W,44
943,YDR332W,132
944,YDR333C,149
945,YDR336W,236
946,YDR337W,268
947,YDR338C,252
948,YDR339C,460
949,YDR340W,576
950,YDR341C,476
951,YDR342C,167
952,YDR343C,186
953,YDR344C,415
954,YDR345C,111
955,YDR346C,338
956,YDR347W,508
957,YDR348C,460
958,YDR349C,394
959,YDR350C,153
960,YDR351W,344
961,YDR352W,468
962,YDR354C-A,586
963,YDR354W,475
964,YDR356W,242
965,YDR357C,417
966,YDR358W,591
967,YDR359C,311
968,YDR360W,544
969,YDR363W-A,286
970,YDR364C,230
971,YDR365C,513
972,YDR366C,380
973,YDR367W,402
974,YDR369C,277
975,YDR370C,524
976,YDR371C-A,193
977,YDR371W,223
978,YDR372C,540
979,YDR373W,462
980,YDR374C,198
981,YDR374W-A,216
982,YDR375C,373
983,YDR376W,220
984,YDR377W,312
985,YDR380W,193
986,YDR381C-A,217
987,YDR381W,415
988,YDR382W,459
989,YDR383C,502
990,YDR384C,80
991,YDR385W,586
992,YDR387C,165
993,YDR388W,246
994,YDR389W,575
995,YDR391C,86
996,YDR392W,561
997,YDR393W,82
998,YDR394W,58
999,YDR396W,578
1000,YDR397C,511
1001,YDR398W,437
1002,YDR399W,598
1003,YDR401W,405
1004,YDR403W,114
1005,YDR404C,23
1006,YDR406W,215
1007,YDR407C,135
1008,YDR408C,349
1009,YDR409W,423
1010,YDR410C,241
1011,YDR412W,578
1012,YDR413C,170
1013,YDR414C,112
1014,YDR415C,507
1015,YDR417C,198
1016,YDR419W,415
1017,YDR420W,7
1018,YDR421W,401
1019,YDR422C,270
1020,YDR423C,403
1021,YDR424C,179
1022,YDR425W,422
1023,YDR427W,575
1024,YDR428C,190
1025,YDR429C,496
1026,YDR430C,264
1027,YDR432W,56
1028,YDR434W,348
1029,YDR435C,591
1030,YDR436W,266
1031,YDR437W,14
1032,YDR438W,120
1033,YDR439W,228
1034,YDR441C,506
1035,YDR442W,456
1036,YDR444W,406
1037,YDR445C,596
1038,YDR446W,534
1039,YDR447C,496
1040,YDR448W,230
1041,YDR449C,416
1042,YDR451C,140
1043,YDR452W,570
1044,YDR453C,593
1045,YDR454C,288
1046,YDR457W,372
1047,YDR458C,513
1048,YDR461W,331
1049,YDR462W,600
1050,YDR463W,236
1051,YDR464C-A,575
1052,YDR464W,381
1053,YDR465C,193
1054,YDR466W,359
1055,YDR467C,555
1056,YDR470C,455
1057,YDR472W,486
1058,YDR475C,202
1059,YDR476C,79
1060,YDR477W,440
1061,YDR478W,215
1062,YDR479C,13
1063,YDR480W,517
1064,YDR481C,124
1065,YDR482C,255
1066,YDR485C,584
1067,YDR486C,186
1068,YDR487C,592
1069,YDR490C,441
1070,YDR491C,188
1071,YDR492W,242
1072,YDR493W,305
1073,YDR494W,310
1074,YDR495C,253
1075,YDR496C,316
1076,YDR497C,362
1077,YDR500C,400
1078,YDR501W,492
1079,YDR502C,486
1080,YDR503C,304
1081,YDR505C,117
1082,YDR506C,600
1083,YDR508C,164
1084,YDR509W,404
1085,YDR511W,215
1086,YDR512C,446
1087,YDR513W,555
1088,YDR514C,35
1089,YDR515W,400
1090,YDR516C,147
1091,YDR518W,206
1092,YDR519W,248
1093,YDR520C,342
1094,YDR522C,314
1095,YDR523C,273
1096,YDR524C,308
1097,YDR524C-B,146
1098,YDR524W-C,425
1099,YDR525W,490
1100,YDR528W,377
1101,YDR529C,216
1102,YDR530C,431
1103,YDR532C,534
1104,YDR533C,570
1105,YDR534C,467
1106,YDR535C,576
1107,YDR536W,111
1108,YDR537C,245
1109,YDR539W,580
1110,YDR540C,323
1111,YDR541C,93
1112,YDR542W,592
1113,YDR543C,541
1114,YDR544C,294
1115,YEL001C,286
1116,YEL002C,298
1117,YEL003W,263
1118,YEL004W,145
1119,YEL005C,439
1120,YEL006W,330
1121,YEL008W,167
1122,YEL009C,587
1123,YEL009C-A,467
1124,YEL010W,532
1125,YEL011W,553
1126,YEL012W,416
1127,YEL013W,420
1128,YEL014C,205
1129,YEL015W,547
1130,YEL017C-A,119
1131,YEL017W,67
1132,YEL018C-A,428
1133,YEL018W,270
1134,YEL019C,26
1135,YEL020C,104
1136,YEL020C-B,114
1137,YEL020W-A,90
1138,YEL021W,322
1139,YEL022W,220
1140,YEL023C,589
1141,YEL026W,469
1142,YEL027W,432
1143,YEL028W,255
1144,YEL030W,501
1145,YEL033W,511
1146,YEL034C-A,125
1147,YEL034W,166
1148,YEL035C,128
1149,YEL038W,328
1150,YEL039C,166
1151,YEL040W,485
1152,YEL041W,128
1153,YEL042W,395
1154,YEL046C,194
1155,YEL047C,309
1156,YEL048C,210
1157,YEL049W,95
1158,YEL050C,293
1159,YEL053W-A,392
1160,YEL054C,9
1161,YEL057C,552
1162,YEL059C-A,502
1163,YEL059W,273
1164,YEL060C,120
1165,YEL061C,87
1166,YEL063C,537
1167,YEL064C,244
1168,YEL065W,98
1169,YEL066W,24
1170,YEL067C,482
1171,YEL068C,93
1172,YEL069C,118
1173,YEL070W,372
1174,YEL071W,114
1175,YEL073C,566
1176,YEL074W,341
1177,YER001W,130
1178,YER002W,293
1179,YER003C,444
1180,YER004W,23
1181,YER005W,83
1182,YER006C-A,168
1183,YER006W,223
1184,YER007C-A,383
1185,YER007W,392
1186,YER008C,296
1187,YER010C,373
1188,YER011W,516
1189,YER014C-A,66
1190,YER015W,316
1191,YER016W,370
1192,YER017C,97
1193,YER019C-A,468
1194,YER020W,76
1195,YER022W,244
1196,YER023C-A,376
1197,YER023W,145
1198,YER024W,103
1199,YER025W,228
1200,YER026C,552
1201,YER028C,229
1202,YER035W,136
1203,YER036C,599
1204,YER037W,162
1205,YER038C,72
1206,YER038W-A,132
1207,YER039C-A,528
1208,YER040W,599
1209,YER041W,597
1210,YER042W,111
1211,YER043C,413
1212,YER044C,536
1213,YER044C-A,108
1214,YER045C,332
1215,YER047C,306
1216,YER049W,429
1217,YER052C,154
1218,YER053C,179
1219,YER053C-A,138
1220,YER054C,461
1221,YER055C,571
1222,YER056C,176
1223,YER056C-A,333
1224,YER057C,356
1225,YER058W,320
1226,YER059W,483
1227,YER060W,154
1228,YER060W-A,96
1229,YER061C,206
1230,YER062C,166
1231,YER063W,227
1232,YER064C,197
1233,YER065C,146
1234,YER066W,258
1235,YER067C-A,475
1236,YER067W,165
1237,YER068W,357
1238,YER069W,531
1239,YER070W,133
1240,YER072W,122
1241,YER073W,523
1242,YER074W,487
1243,YER074W-A,406
1244,YER076C,152
1245,YER077C,403
1246,YER078C,503
1247,YER078W-A,177
1248,YER079W,451
1249,YER080W,350
1250,YER081W,560
1251,YER082C,242
1252,YER083C,482
1253,YER084W,533
1254,YER084W-A,90
1255,YER087C-A,71
1256,YER087C-B,230
1257,YER087W,524
1258,YER088W-B,20
1259,YER089C,259
1260,YER090C-A,390
1261,YER090W,355
1262,YER091C,165
1263,YER092W,528
1264,YER093C,191
1265,YER093C-A,206
1266,YER096W,188
1267,YER097W,12
1268,YER098W,338
1269,YER101C,99
1270,YER103W,136
1271,YER104W,489
1272,YER105C,177
1273,YER107C,512
1274,YER110C,522
1275,YER113C,407
1276,YER114C,7
1277,YER115C,260
1278,YER116C,520
1279,YER117W,82
1280,YER118C,238
1281,YER119C,74
1282,YER120W,224
1283,YER121W,473
1284,YER122C,95
1285,YER123W,369
1286,YER124C,146
1287,YER126C,389
1288,YER127W,291
1289,YER128W,242
1290,YER130C,463
1291,YER131W,454
1292,YER133W-A,143
1293,YER134C,304
1294,YER137W-A,338
1295,YER138W-A,9
1296,YER139C,282
1297,YER140W,271
1298,YER141W,253
1299,YER142C,203
1300,YER143W,85
1301,YER144C,241
1302,YER145C,100
1303,YER145C-A,72
1304,YER147C-A,581
1305,YER148W,263
1306,YER148W-A,9
1307,YER150W,117
1308,YER151C,222
1309,YER158C,184
1310,YER158W-A,55
1311,YER159C,292
1312,YER161C,208
1313,YER162C,179
1314,YER163C,21
1315,YER164W,439
1316,YER165W,527
1317,YER168C,356
1318,YER170W,93
1319,YER171W,126
1320,YER172C,105
1321,YER172C-A,313
1322,YER174C,587
1323,YER175C,204
1324,YER176W,313
1325,YER177W,489
1326,YER178W,315
1327,YER179W,118
1328,YER182W,56
1329,YER183C,106
1330,YER184C,421
1331,YER185W,126
1332,YER186C,470
1333,YER188C-A,575
1334,YER188W,63
1335,YFL003C,59
1336,YFL004W,463
1337,YFL005W,56
1338,YFL007W,531
1339,YFL010C,191
1340,YFL011W,305
1341,YFL012W,498
1342,YFL013C,224
1343,YFL013W-A,85
1344,YFL014W,145
1345,YFL015C,221
1346,YFL015W-A,269
1347,YFL017W-A,516
1348,YFL018C,302
1349,YFL019C,253
1350,YFL020C,110
1351,YFL021C-A,145
1352,YFL021W,471
1353,YFL022C,80
1354,YFL024C,43
1355,YFL025C,263
1356,YFL026W,354
1357,YFL028C,290
1358,YFL029C,189
1359,YFL030W,339
1360,YFL031C-A,398
1361,YFL031W,586
1362,YFL032W,279
1363,YFL033C,579
1364,YFL034C-A,212
1365,YFL034C-B,224
1366,YFL039C,596
1367,YFL040W,329
1368,YFL041W,551
1369,YFL041W-A,146
1370,YFL044C,138
1371,YFL046W,229
1372,YFL049W,500
1373,YFL050C,428
1374,YFL051C,88
1375,YFL053W,106
1376,YFL054C,537
1377,YFL055W,530
1378,YFL058W,559
1379,YFL059W,103
1380,YFL060C,296
1381,YFL061W,513
1382,YFL062W,71
1383,YFL063W,545
1384,YFR001W,591
1385,YFR002W,250
1386,YFR003C,353
1387,YFR006W,271
1388,YFR007W,47
1389,YFR008W,229
1390,YFR009W,96
1391,YFR010W,145
1392,YFR010W-A,182
1393,YFR011C,483
1394,YFR012W,505
1395,YFR013W,455
1396,YFR014C,81
1397,YFR015C,173
1398,YFR016C,546
1399,YFR017C,157
1400,YFR018C,309
1401,YFR021W,331
1402,YFR022W,462
1403,YFR023W,509
1404,YFR024C-A,316
1405,YFR026C,373
1406,YFR027W,538
1407,YFR028C,477
1408,YFR029W,507
1409,YFR030W,328
1410,YFR032C,246
1411,YFR032C-A,244
1412,YFR034C,86
1413,YFR035C,443
1414,YFR036W,60
1415,YFR036W-A,548
1416,YFR043C,153
1417,YFR047C,266
1418,YFR050C,281
1419,YFR051C,460
1420,YFR053C,192
1421,YFR054C,430
1422,YFR055W,126
1423,YFR057W,560
1424,YGL001C,565
1425,YGL004C,288
1426,YGL006W,98
1427,YGL006W-A,156
1428,YGL007W,490
1429,YGL008C,337
1430,YGL009C,527
1431,YGL010W,374
1432,YGL011C,244
1433,YGL012W,113
1434,YGL013C,449
1435,YGL014C-A,543
1436,YGL015C,193
1437,YGL016W,320
1438,YGL018C,448
1439,YGL020C,96
1440,YGL021W,188
1441,YGL023C,559
1442,YGL025C,137
1443,YGL028C,180
1444,YGL029W,364
1445,YGL031C,259
1446,YGL032C,134
1447,YGL033W,554
1448,YGL036W,528
1449,YGL037C,471
1450,YGL038C,434
1451,YGL040C,424
1452,YGL041W-A,232
1453,YGL043W,174
1454,YGL044C,278
1455,YGL050W,537
1456,YGL051W,276
1457,YGL052W,26
1458,YGL053W,469
1459,YGL054C,548
1460,YGL055W,164
1461,YGL056C,133
1462,YGL057C,452
1463,YGL058W,201
1464,YGL059W,262
1465,YGL062W,118
1466,YGL063C-A,440
1467,YGL063W,134
1468,YGL064C,319
1469,YGL065C,221
1470,YGL066W,392
1471,YGL067W,308
1472,YGL069C,349
1473,YGL075C,186
1474,YGL076C,258
1475,YGL077C,371
1476,YGL078C,16
1477,YGL080W,39
1478,YGL081W,250
1479,YGL083W,392
1480,YGL084C,485
1481,YGL085W,359
1482,YGL086W,485
1483,YGL088W,558
1484,YGL089C,128
1485,YGL090W,178
1486,YGL091C,104
1487,YGL092W,569
1488,YGL093W,209
1489,YGL094C,217
1490,YGL095C,450
1491,YGL096W,160
1492,YGL097W,293
1493,YGL098W,127
1494,YGL099W,334
1495,YGL100W,475
1496,YGL101W,228
1497,YGL102C,186
1498,YGL103W,508
1499,YGL104C,391
1500,YGL105W,394
1501,YGL108C,392
1502,YGL109W,81
1503,YGL110C,87
1504,YGL111W,494
1505,YGL113W,524
1506,YGL114W,428
1507,YGL115W,324
1508,YGL116W,63
1509,YGL117W,262
1510,YGL119W,180
1511,YGL120C,330
1512,YGL121C,442
1513,YGL122C,390
1514,YGL123C-A,553
1515,YGL123W,90
1516,YGL125W,227
1517,YGL127C,567
1518,YGL128C,187
1519,YGL129C,411
1520,YGL130W,172
1521,YGL131C,525
1522,YGL132W,78
1523,YGL133W,55
1524,YGL134W,59
1525,YGL136C,83
1526,YGL137W,373
1527,YGL143C,358
1528,YGL145W,216
1529,YGL146C,530
1530,YGL147C,569
1531,YGL150C,21
1532,YGL156W,319
1533,YGL157W,248
1534,YGL158W,210
1535,YGL159W,368
1536,YGL160W,572
1537,YGL162W,224
1538,YGL163C,67
1539,YGL164C,387
1540,YGL165C,101
1541,YGL166W,557
1542,YGL168W,407
1543,YGL169W,406
1544,YGL170C,104
1545,YGL171W,512
1546,YGL172W,576
1547,YGL173C,448
1548,YGL177W,240
1549,YGL178W,422
1550,YGL179C,373
1551,YGL180W,184
1552,YGL181W,60
1553,YGL182C,298
1554,YGL183C,90
1555,YGL184C,131
1556,YGL185C,480
1557,YGL186C,355
1558,YGL187C,485
1559,YGL190C,574
1560,YGL191W,25
1561,YGL192W,329
1562,YGL194C,196
1563,YGL195W,287
1564,YGL196W,138
1565,YGL197W,384
1566,YGL199C,592
1567,YGL202W,119
1568,YGL204C,454
1569,YGL205W,164
1570,YGL206C,493
1571,YGL207W,437
1572,YGL209W,179
1573,YGL210W,198
1574,YGL213C,270
1575,YGL214W,293
1576,YGL215W,7
1577,YGL218W,214
1578,YGL219C,522
1579,YGL220W,17
1580,YGL221C,82
1581,YGL222C,220
1582,YGL224C,458
1583,YGL225W,455
1584,YGL226C-A,582
1585,YGL227W,274
1586,YGL228W,584
1587,YGL229C,587
1588,YGL230C,61
1589,YGL231C,478
1590,YGL232W,48
1591,YGL233W,183
1592,YGL238W,79
1593,YGL240W,151
1594,YGL241W,150
1595,YGL242C,103
1596,YGL243W,90
1597,YGL244W,331
1598,YGL250W,80
1599,YGL251C,215
1600,YGL253W,152
1601,YGL255W,109
1602,YGL256W,126
1603,YGL258W,430
1604,YGL258W-A,579
1605,YGL259W,135
1606,YGL261C,100
1607,YGL263W,334
1608,YGR001C,241
1609,YGR002C,424
1610,YGR003W,52
1611,YGR004W,523
1612,YGR005C,559
1613,YGR007W,556
1614,YGR008C,151
1615,YGR009C,82
1616,YGR011W,223
1617,YGR012W,178
1618,YGR013W,205
1619,YGR014W,350
1620,YGR015C,46
1621,YGR018C,415
1622,YGR019W,477
1623,YGR021W,265
1624,YGR025W,523
1625,YGR026W,48
1626,YGR027C,565
1627,YGR028W,464
1628,YGR029W,126
1629,YGR031C-A,439
1630,YGR031W,526
1631,YGR032W,532
1632,YGR033C,465
1633,YGR034W,421
1634,YGR035C,170
1635,YGR035W-A,55
1636,YGR036C,531
1637,YGR037C,129
1638,YGR038W,566
1639,YGR039W,380
1640,YGR040W,283
1641,YGR041W,423
1642,YGR042W,303
1643,YGR043C,116
1644,YGR046W,417
1645,YGR048W,457
1646,YGR049W,398
1647,YGR050C,52
1648,YGR051C,418
1649,YGR052W,233
1650,YGR053C,469
1651,YGR055W,124
1652,YGR056W,447
1653,YGR057C,591
1654,YGR058W,255
1655,YGR060W,254
1656,YGR061C,564
1657,YGR063C,184
1658,YGR064W,133
1659,YGR065C,595
1660,YGR066C,511
1661,YGR067C,193
1662,YGR070W,41
1663,YGR071C,230
1664,YGR072W,16
1665,YGR073C,426
1666,YGR074W,226
1667,YGR075C,506
1668,YGR078C,67
1669,YGR079W,330
1670,YGR081C,146
1671,YGR083C,285
1672,YGR084C,200
1673,YGR085C,306
1674,YGR086C,378
1675,YGR087C,117
1676,YGR090W,531
1677,YGR091W,482
1678,YGR092W,326
1679,YGR093W,378
1680,YGR094W,229
1681,YGR095C,251
1682,YGR096W,33
1683,YGR098C,420
1684,YGR101W,218
1685,YGR102C,392
1686,YGR104C,564
1687,YGR105W,86
1688,YGR106C,531
1689,YGR108W,573
1690,YGR109C,150
1691,YGR110W,390
1692,YGR111W,538
1693,YGR115C,432
1694,YGR116W,304
1695,YGR117C,125
1696,YGR118W,525
1697,YGR119C,377
1698,YGR120C,540
1699,YGR121C,93
1700,YGR121W-A,397
1701,YGR122C-A,516
1702,YGR122W,372
1703,YGR125W,591
1704,YGR126W,265
1705,YGR128C,374
1706,YGR129W,464
1707,YGR130C,111
1708,YGR131W,140
1709,YGR132C,437
1710,YGR133W,110
1711,YGR134W,180
1712,YGR135W,295
1713,YGR136W,230
1714,YGR137W,550
1715,YGR138C,368
1716,YGR140W,483
1717,YGR141W,475
1718,YGR142W,148
1719,YGR143W,529
1720,YGR144W,115
1721,YGR145W,358
1722,YGR146C,280
1723,YGR146C-A,590
1724,YGR147C,277
1725,YGR148C,62
1726,YGR149W,545
1727,YGR150C,7
1728,YGR151C,493
1729,YGR152C,445
1730,YGR154C,570
1731,YGR155W,112
1732,YGR156W,398
1733,YGR157W,499
1734,YGR161C,184
1735,YGR163W,411
1736,YGR164W,402
1737,YGR165W,511
1738,YGR166W,518
1739,YGR167W,547
1740,YGR168C,180
1741,YGR169C,161
1742,YGR169C-A,376
1743,YGR170W,393
1744,YGR171C,266
1745,YGR173W,96
1746,YGR174C,175
1747,YGR174W-A,248
1748,YGR175C,107
1749,YGR176W,207
1750,YGR177C,584
1751,YGR178C,404
1752,YGR179C,325
1753,YGR180C,310
1754,YGR181W,100
1755,YGR182C,343
1756,YGR183C,385
1757,YGR184C,525
1758,YGR187C,523
1759,YGR188C,515
1760,YGR189C,166
1761,YGR192C,527
1762,YGR193C,274
1763,YGR194C,504
1764,YGR195W,600
1765,YGR196C,547
1766,YGR197C,95
1767,YGR198W,498
1768,YGR199W,340
1769,YGR200C,239
1770,YGR201C,208
1771,YGR202C,270
1772,YGR203W,372
1773,YGR204C-A,98
1774,YGR204W,139
1775,YGR205W,427
1776,YGR206W,466
1777,YGR209C,135
1778,YGR210C,452
1779,YGR211W,56
1780,YGR212W,61
1781,YGR213C,479
1782,YGR215W,150
1783,YGR217W,221
1784,YGR218W,412
1785,YGR220C,245
1786,YGR221C,411
1787,YGR222W,554
1788,YGR223C,485
1789,YGR224W,113
1790,YGR225W,55
1791,YGR226C,90
1792,YGR227W,400
1793,YGR228W,335
1794,YGR229C,99
1795,YGR231C,346
1796,YGR232W,137
1797,YGR233C,525
1798,YGR234W,123
1799,YGR235C,329
1800,YGR236C,449
1801,YGR237C,409
1802,YGR239C,541
1803,YGR240C,34
1804,YGR240C-A,104
1805,YGR241C,571
1806,YGR242W,8
1807,YGR243W,193
1808,YGR244C,424
1809,YGR245C,339
1810,YGR246C,357
1811,YGR247W,342
1812,YGR248W,258
1813,YGR249W,139
1814,YGR250C,279
1815,YGR252W,146
1816,YGR253C,514
1817,YGR254W,146
1818,YGR255C,566
1819,YGR256W,115
1820,YGR257C,336
1821,YGR260W,335
1822,YGR261C,223
1823,YGR262C,175
1824,YGR263C,444
1825,YGR270W,269
1826,YGR271C-A,493
1827,YGR271W,597
1828,YGR276C,168
1829,YGR279C,203
1830,YGR280C,146
1831,YGR281W,261
1832,YGR282C,252
1833,YGR283C,511
1834,YGR284C,238
1835,YGR285C,592
1836,YGR286C,533
1837,YGR287C,280
1838,YGR288W,205
1839,YGR289C,103
1840,YGR292W,109
1841,YGR294W,101
1842,YGR295C,253
1843,YGR296W,517
1844,YHL002C-A,290
1845,YHL002W,393
1846,YHL003C,576
1847,YHL006C,103
1848,YHL008C,571
1849,YHL009C,463
1850,YHL010C,180
1851,YHL011C,196
1852,YHL012W,14
1853,YHL013C,574
1854,YHL014C,169
1855,YHL015W,313
1856,YHL015W-A,338
1857,YHL016C,122
1858,YHL018W,318
1859,YHL019W-A,34
1860,YHL020C,480
1861,YHL021C,317
1862,YHL022C,146
1863,YHL023C,375
1864,YHL024W,258
1865,YHL026C,54
1866,YHL027W,247
1867,YHL028W,146
1868,YHL030W,210
1869,YHL030W-A,235
1870,YHL031C,393
1871,YHL032C,53
1872,YHL033C,95
1873,YHL034C,397
1874,YHL034W-A,334
1875,YHL035C,344
1876,YHL036W,382
1877,YHL038C,574
1878,YHL040C,116
1879,YHL041W,328
1880,YHL042W,186
1881,YHL043W,426
1882,YHL044W,520
1883,YHL046C,258
1884,YHL047C,501
1885,YHL048W,71
1886,YHL049C,576
1887,YHR001W,413
1888,YHR001W-A,487
1889,YHR002W,562
1890,YHR003C,239
1891,YHR004C,77
1892,YHR005C,597
1893,YHR006W,296
1894,YHR007C,270
1895,YHR008C,449
1896,YHR011W,77
1897,YHR016C,434
1898,YHR017W,300
1899,YHR018C,457
1900,YHR019C,392
1901,YHR020W,51
1902,YHR021C,597
1903,YHR021W-A,545
1904,YHR022C,140
1905,YHR026W,572
1906,YHR027C,202
1907,YHR028C,212
1908,YHR028W-A,548
1909,YHR029C,262
1910,YHR030C,481
1911,YHR032C-A,59
1912,YHR033W,106
1913,YHR036W,17
1914,YHR037W,123
1915,YHR039C,295
1916,YHR039C-A,394
1917,YHR041C,574
1918,YHR042W,114
1919,YHR043C,494
1920,YHR044C,245
1921,YHR045W,503
1922,YHR046C,422
1923,YHR047C,554
1924,YHR048W,86
1925,YHR049C-A,535
1926,YHR049W,535
1927,YHR050W,379
1928,YHR052W,271
1929,YHR052W-A,448
1930,YHR053C,142
1931,YHR054C,538
1932,YHR054W-A,541
1933,YHR055C,142
1934,YHR056C,371
1935,YHR057C,438
1936,YHR058C,484
1937,YHR059W,524
1938,YHR060W,362
1939,YHR061C,369
1940,YHR062C,238
1941,YHR063C,326
1942,YHR063W-A,204
1943,YHR064C,317
1944,YHR065C,7
1945,YHR066W,257
1946,YHR067W,178
1947,YHR068W,449
1948,YHR070C-A,270
1949,YHR071C-A,483
1950,YHR071W,459
1951,YHR072W,245
1952,YHR072W-A,83
1953,YHR073C-B,501
1954,YHR073W-A,272
1955,YHR074W,508
1956,YHR075C,278
1957,YHR076W,163
1958,YHR077C,219
1959,YHR078W,390
1960,YHR079C,527
1961,YHR079C-A,239
1962,YHR081W,43
1963,YHR082C,261
1964,YHR083W,181
1965,YHR084W,529
1966,YHR085W,422
1967,YHR086W,366
1968,YHR086W-A,496
1969,YHR088W,210
1970,YHR089C,267
1971,YHR090C,345
1972,YHR091C,231
1973,YHR092C,150
1974,YHR093W,186
1975,YHR094C,117
1976,YHR095W,208
1977,YHR096C,225
1978,YHR100C,189
1979,YHR102W,56
1980,YHR103W,525
1981,YHR104W,104
1982,YHR105W,304
1983,YHR106W,490
1984,YHR109W,171
1985,YHR110W,192
1986,YHR111W,137
1987,YHR112C,395
1988,YHR113W,575
1989,YHR114W,204
1990,YHR117W,417
1991,YHR118C,393
1992,YHR119W,535
1993,YHR120W,451
1994,YHR121W,279
1995,YHR122W,274
1996,YHR123W,390
1997,YHR124W,364
1998,YHR126C,249
1999,YHR127W,600
2000,YHR128W,159
2001,YHR131C,562
2002,YHR132C,32
2003,YHR132W-A,233
2004,YHR135C,268
2005,YHR136C,521
2006,YHR137W,376
2007,YHR139C,113
2008,YHR139C-A,580
2009,YHR140W,129
2010,YHR142W,172
2011,YHR143W,343
2012,YHR143W-A,551
2013,YHR145C,182
2014,YHR148W,328
2015,YHR153C,530
2016,YHR156C,454
2017,YHR158C,393
2018,YHR160C,247
2019,YHR161C,545
2020,YHR162W,246
2021,YHR163W,209
2022,YHR164C,489
2023,YHR165C,549
2024,YHR165W-A,338
2025,YHR166C,40
2026,YHR167W,257
2027,YHR168W,388
2028,YHR169W,112
2029,YHR170W,249
2030,YHR171W,492
2031,YHR173C,40
2032,YHR174W,584
2033,YHR176W,363
2034,YHR178W,308
2035,YHR179W,128
2036,YHR180C-B,555
2037,YHR180W,244
2038,YHR180W-A,239
2039,YHR181W,535
2040,YHR183W,561
2041,YHR184W,210
2042,YHR185C,599
2043,YHR186C,114
2044,YHR187W,209
2045,YHR188C,364
2046,YHR190W,109
2047,YHR191C,510
2048,YHR192W,20
2049,YHR193C,385
2050,YHR194W,41
2051,YHR196W,303
2052,YHR197W,559
2053,YHR201C,400
2054,YHR202W,445
2055,YHR206W,78
2056,YHR208W,93
2057,YHR209W,107
2058,YHR210C,93
2059,YHR211W,473
2060,YHR213W,286
2061,YHR213W-B,145
2062,YHR214C-D,555
2063,YHR214C-E,481
2064,YHR214W,513
2065,YHR215W,124
2066,YHR216W,503
2067,YHR217C,294
2068,YIL002W-A,275
2069,YIL003W,355
2070,YIL005W,343
2071,YIL006W,296
2072,YIL008W,294
2073,YIL009C-A,526
2074,YIL010W,323
2075,YIL011W,144
2076,YIL012W,390
2077,YIL013C,184
2078,YIL015W,392
2079,YIL016W,378
2080,YIL018W,456
2081,YIL020C,299
2082,YIL020C-A,259
2083,YIL021C-A,124
2084,YIL021W,266
2085,YIL022W,550
2086,YIL023C,256
2087,YIL024C,360
2088,YIL026C,593
2089,YIL027C,317
2090,YIL029C,10
2091,YIL029W-A,149
2092,YIL030C,572
2093,YIL031W,399
2094,YIL033C,582
2095,YIL034C,133
2096,YIL035C,322
2097,YIL036W,577
2098,YIL037C,95
2099,YIL039W,220
2100,YIL040W,182
2101,YIL043C,111
2102,YIL044C,200
2103,YIL045W,538
2104,YIL046W,291
2105,YIL047C,567
2106,YIL048W,494
2107,YIL049W,413
2108,YIL050W,519
2109,YIL051C,521
2110,YIL053W,124
2111,YIL056W,349
2112,YIL057C,172
2113,YIL058W,528
2114,YIL059C,82
2115,YIL060W,485
2116,YIL061C,468
2117,YIL062C,262
2118,YIL063C,280
2119,YIL066C,128
2120,YIL067C,72
2121,YIL068C,228
2122,YIL071C,203
2123,YIL071W-A,493
2124,YIL072W,455
2125,YIL073C,502
2126,YIL075C,438
2127,YIL076W,534
2128,YIL077C,449
2129,YIL078W,272
2130,YIL079C,314
2131,YIL082W,278
2132,YIL085C,458
2133,YIL087C,331
2134,YIL089W,251
2135,YIL091C,551
2136,YIL094C,526
2137,YIL095W,365
2138,YIL096C,473
2139,YIL097W,418
2140,YIL099W,536
2141,YIL100C-A,414
2142,YIL100W,11
2143,YIL101C,257
2144,YIL103W,290
2145,YIL105C,297
2146,YIL105W-A,208
2147,YIL106W,488
2148,YIL107C,183
2149,YIL108W,235
2150,YIL109C,492
2151,YIL110W,215
2152,YIL111W,101
2153,YIL112W,577
2154,YIL113W,98
2155,YIL115C,418
2156,YIL115W-A,205
2157,YIL116W,139
2158,YIL117C,439
2159,YIL118W,378
2160,YIL119C,303
2161,YIL121W,477
2162,YIL123W,594
2163,YIL124W,432
2164,YIL125W,524
2165,YIL130W,86
2166,YIL131C,429
2167,YIL133C,51
2168,YIL134C-A,480
2169,YIL135C,405
2170,YIL136W,512
2171,YIL137C,326
2172,YIL138C,171
2173,YIL139C,255
2174,YIL140W,398
2175,YIL141W,85
2176,YIL145C,37
2177,YIL147C,538
2178,YIL150C,278
2179,YIL151C,487
2180,YIL152W,152
2181,YIL155C,231
2182,YIL156W,103
2183,YIL156W-A,476
2184,YIL156W-B,592
2185,YIL157C,471
2186,YIL158W,255
2187,YIL160C,565
2188,YIL161W,445
2189,YIL162W,348
2190,YIL164C,93
2191,YIL165C,246
2192,YIL166C,314
2193,YIL169C,132
2194,YIL172C,125
2195,YIL173W,128
2196,YIL176C,100
2197,YIR001C,494
2198,YIR002C,150
2199,YIR003W,344
2200,YIR004W,291
2201,YIR005W,291
2202,YIR006C,182
2203,YIR007W,589
2204,YIR008C,590
2205,YIR009W,477
2206,YIR010W,452
2207,YIR011C,263
2208,YIR014W,116
2209,YIR016W,149
2210,YIR017W-A,215
2211,YIR018W,448
2212,YIR019C,99
2213,YIR020C-B,448
2214,YIR021W,495
2215,YIR021W-A,516
2216,YIR023C-A,32
2217,YIR023W,470
2218,YIR024C,335
2219,YIR026C,360
2220,YIR027C,188
2221,YIR028W,112
2222,YIR029W,95
2223,YIR031C,103
2224,YIR032C,301
2225,YIR033W,437
2226,YIR034C,275
2227,YIR035C,94
2228,YIR038C,74
2229,YIR039C,135
2230,YIR041W,100
2231,YIR042C,597
2232,YJL002C,587
2233,YJL003W,48
2234,YJL004C,403
2235,YJL006C,443
2236,YJL007C,115
2237,YJL008C,570
2238,YJL009W,31
2239,YJL010C,269
2240,YJL011C,589
2241,YJL012C,507
2242,YJL013C,115
2243,YJL014W,241
2244,YJL019W,284
2245,YJL020C,208
2246,YJL022W,516
2247,YJL023C,420
2248,YJL024C,545
2249,YJL025W,352
2250,YJL026C-A,432
2251,YJL026W,189
2252,YJL028W,368
2253,YJL029C,97
2254,YJL030W,291
2255,YJL032W,17
2256,YJL033W,314
2257,YJL034W,135
2258,YJL035C,196
2259,YJL036W,599
2260,YJL038C,88
2261,YJL039C,444
2262,YJL041W,134
2263,YJL042W,116
2264,YJL045W,96
2265,YJL047C,557
2266,YJL047C-A,387
2267,YJL048C,99
2268,YJL049W,198
2269,YJL050W,83
2270,YJL051W,478
2271,YJL052W,152
2272,YJL053W,191
2273,YJL054W,133
2274,YJL055W,105
2275,YJL056C,184
2276,YJL057C,314
2277,YJL058C,188
2278,YJL059W,211
2279,YJL060W,60
2280,YJL061W,210
2281,YJL062W,581
2282,YJL062W-A,85
2283,YJL063C,233
2284,YJL064W,195
2285,YJL065C,169
2286,YJL067W,128
2287,YJL068C,148
2288,YJL071W,219
2289,YJL075C,260
2290,YJL077W-A,366
2291,YJL078C,188
2292,YJL079C,285
2293,YJL081C,233
2294,YJL082W,121
2295,YJL083W,112
2296,YJL085W,7
2297,YJL087C,338
2298,YJL088W,126
2299,YJL089W,206
2300,YJL090C,130
2301,YJL093C,207
2302,YJL094C,348
2303,YJL095W,249
2304,YJL098W,403
2305,YJL099W,296
2306,YJL100W,265
2307,YJL101C,207
2308,YJL102W,416
2309,YJL103C,11
2310,YJL104W,369
2311,YJL105W,262
2312,YJL106W,168
2313,YJL107C,162
2314,YJL109C,276
2315,YJL111W,490
2316,YJL112W,428
2317,YJL115W,10
2318,YJL116C,286
2319,YJL117W,106
2320,YJL118W,381
2321,YJL119C,541
2322,YJL121C,525
2323,YJL124C,321
2324,YJL125C,302
2325,YJL127C,132
2326,YJL127C-B,544
2327,YJL127W-A,45
2328,YJL128C,559
2329,YJL130C,481
2330,YJL131C,63
2331,YJL132W,256
2332,YJL133C-A,487
2333,YJL133W,19
2334,YJL134W,588
2335,YJL135W,521
2336,YJL136C,396
2337,YJL137C,331
2338,YJL138C,126
2339,YJL139C,359
2340,YJL140W,23
2341,YJL141C,557
2342,YJL142C,598
2343,YJL143W,244
2344,YJL144W,285
2345,YJL147C,293
2346,YJL149W,505
2347,YJL150W,249
2348,YJL151C,505
2349,YJL152W,123
2350,YJL153C,123
2351,YJL154C,357
2352,YJL155C,298
2353,YJL156C,573
2354,YJL156W-A,201
2355,YJL157C,446
2356,YJL158C,128
2357,YJL159W,131
2358,YJL160C,378
2359,YJL161W,579
2360,YJL163C,467
2361,YJL166W,301
2362,YJL167W,135
2363,YJL168C,458
2364,YJL169W,269
2365,YJL170C,89
2366,YJL172W,95
2367,YJL173C,302
2368,YJL174W,8
2369,YJL177W,110
2370,YJL178C,584
2371,YJL181W,278
2372,YJL182C,570
2373,YJL183W,222
2374,YJL184W,393
2375,YJL185C,433
2376,YJL186W,106
2377,YJL188C,225
2378,YJL190C,30
2379,YJL191W,87
2380,YJL192C,145
2381,YJL193W,412
2382,YJL194W,478
2383,YJL196C,469
2384,YJL197C-A,521
2385,YJL197W,285
2386,YJL198W,86
2387,YJL199C,61
2388,YJL200C,371
2389,YJL201W,73
2390,YJL202C,21
2391,YJL205C,156
2392,YJL206C,184
2393,YJL208C,575
2394,YJL209W,243
2395,YJL210W,576
2396,YJL211C,567
2397,YJL212C,99
2398,YJL213W,417
2399,YJL214W,353
2400,YJL215C,581
2401,YJL216C,93
2402,YJL217W,305
2403,YJL218W,567
2404,YJL219W,134
2405,YJL221C,125
2406,YJL222W,128
2407,YJL223C,100
2408,YJR001W,544
2409,YJR002W,174
2410,YJR004C,517
2411,YJR005C-A,315
2412,YJR006W,349
2413,YJR007W,147
2414,YJR008W,366
2415,YJR009C,134
2416,YJR010C-A,391
2417,YJR010W,171
2418,YJR011C,333
2419,YJR012C,508
2420,YJR013W,60
2421,YJR014W,203
2422,YJR015W,182
2423,YJR016C,111
2424,YJR017C,180
2425,YJR018W,472
2426,YJR030C,299
2427,YJR031C,383
2428,YJR032W,130
2429,YJR033C,589
2430,YJR034W,382
2431,YJR035W,320
2432,YJR038C,137
2433,YJR040W,430
2434,YJR041C,406
2435,YJR042W,69
2436,YJR044C,526
2437,YJR045C,214
2438,YJR048W,227
2439,YJR053W,274
2440,YJR055W,503
2441,YJR057W,177
2442,YJR058C,482
2443,YJR059W,320
2444,YJR060W,438
2445,YJR061W,145
2446,YJR062C,208
2447,YJR063W,203
2448,YJR064W,386
2449,YJR066W,546
2450,YJR067C,9
2451,YJR068W,195
2452,YJR069C,136
2453,YJR070C,119
2454,YJR072C,178
2455,YJR074W,74
2456,YJR075W,23
2457,YJR076C,449
2458,YJR077C,358
2459,YJR078W,315
2460,YJR080C,148
2461,YJR083C,300
2462,YJR084W,460
2463,YJR085C,452
2464,YJR086W,314
2465,YJR087W,516
2466,YJR088C,332
2467,YJR089W,567
2468,YJR091C,379
2469,YJR092W,25
2470,YJR093C,256
2471,YJR094C,158
2472,YJR094W-A,477
2473,YJR095W,261
2474,YJR096W,88
2475,YJR097W,342
2476,YJR098C,531
2477,YJR099W,91
2478,YJR100C,372
2479,YJR101W,589
2480,YJR102C,435
2481,YJR103W,559
2482,YJR104C,107
2483,YJR105W,566
2484,YJR106W,104
2485,YJR108W,348
2486,YJR109C,150
2487,YJR110W,554
2488,YJR111C,91
2489,YJR112W,501
2490,YJR112W-A,147
2491,YJR114W,468
2492,YJR116W,193
2493,YJR117W,265
2494,YJR118C,430
2495,YJR119C,371
2496,YJR120W,24
2497,YJR121W,505
2498,YJR122W,365
2499,YJR124C,119
2500,YJR125C,596
2501,YJR126C,402
2502,YJR127C,496
2503,YJR130C,105
2504,YJR131W,431
2505,YJR132W,356
2506,YJR133W,447
2507,YJR134C,42
2508,YJR135C,139
2509,YJR136C,162
2510,YJR137C,494
2511,YJR139C,124
2512,YJR142W,599
2513,YJR144W,475
2514,YJR147W,112
2515,YJR148W,431
2516,YJR149W,174
2517,YJR150C,101
2518,YJR151C,103
2519,YJR151W-A,84
2520,YJR152W,120
2521,YJR153W,61
2522,YJR154W,88
2523,YJR155W,390
2524,YJR156C,440
2525,YJR157W,492
2526,YJR158W,173
2527,YJR159W,135
2528,YJR160C,560
2529,YJR161C,71
2530,YKL001C,126
2531,YKL006C-A,18
2532,YKL012W,171
2533,YKL014C,444
2534,YKL015W,455
2535,YKL016C,115
2536,YKL017C,210
2537,YKL019W,37
2538,YKL020C,569
2539,YKL021C,50
2540,YKL022C,89
2541,YKL023C-A,208
2542,YKL024C,441
2543,YKL025C,232
2544,YKL026C,327
2545,YKL027W,81
2546,YKL029C,137
2547,YKL033W,195
2548,YKL033W-A,375
2549,YKL034W,352
2550,YKL035W,176
2551,YKL039W,447
2552,YKL040C,461
2553,YKL041W,405
2554,YKL042W,514
2555,YKL043W,367
2556,YKL044W,595
2557,YKL045W,480
2558,YKL046C,412
2559,YKL047W,130
2560,YKL049C,454
2561,YKL050C,170
2562,YKL051W,176
2563,YKL052C,593
2564,YKL053W,398
2565,YKL054C,426
2566,YKL055C,217
2567,YKL059C,371
2568,YKL060C,568
2569,YKL061W,304
2570,YKL062W,203
2571,YKL063C,349
2572,YKL064W,421
2573,YKL065C,560
2574,YKL065W-A,564
2575,YKL066W,600
2576,YKL067W,453
2577,YKL068W-A,124
2578,YKL070W,305
2579,YKL071W,145
2580,YKL072W,511
2581,YKL073W,113
2582,YKL074C,129
2583,YKL075C,352
2584,YKL076C,351
2585,YKL077W,372
2586,YKL078W,53
2587,YKL079W,412
2588,YKL080W,540
2589,YKL082C,581
2590,YKL083W,468
2591,YKL084W,56
2592,YKL085W,168
2593,YKL086W,90
2594,YKL087C,367
2595,YKL089W,556
2596,YKL090W,461
2597,YKL092C,447
2598,YKL093W,470
2599,YKL094W,263
2600,YKL096C-B,338
2601,YKL096W,545
2602,YKL096W-A,133
2603,YKL097C,212
2604,YKL099C,379
2605,YKL100C,247
2606,YKL104C,546
2607,YKL105C,491
2608,YKL106C-A,432
2609,YKL106W,183
2610,YKL107W,318
2611,YKL109W,400
2612,YKL110C,301
2613,YKL111C,137
2614,YKL112W,557
2615,YKL113C,72
2616,YKL114C,548
2617,YKL115C,412
2618,YKL116C,325
2619,YKL117W,268
2620,YKL118W,570
2621,YKL119C,342
2622,YKL120W,153
2623,YKL122C,547
2624,YKL123W,538
2625,YKL124W,543
2626,YKL125W,454
2627,YKL127W,77
2628,YKL128C,457
2629,YKL129C,529
2630,YKL130C,310
2631,YKL132C,366
2632,YKL133C,322
2633,YKL134C,494
2634,YKL135C,385
2635,YKL136W,592
2636,YKL137W,133
2637,YKL138C,176
2638,YKL138C-A,246
2639,YKL140W,480
2640,YKL141W,418
2641,YKL142W,145
2642,YKL143W,16
2643,YKL144C,55
2644,YKL145W,313
2645,YKL145W-A,245
2646,YKL146W,431
2647,YKL147C,283
2648,YKL148C,472
2649,YKL149C,277
2650,YKL150W,528
2651,YKL151C,585
2652,YKL152C,493
2653,YKL153W,500
2654,YKL154W,357
2655,YKL156C-A,287
2656,YKL156W,347
2657,YKL157W,523
2658,YKL159C,105
2659,YKL160W,421
2660,YKL161C,511
2661,YKL162C,431
2662,YKL163W,148
2663,YKL164C,369
2664,YKL165C,74
2665,YKL165C-A,103
2666,YKL166C,421
2667,YKL167C,221
2668,YKL168C,265
2669,YKL169C,495
2670,YKL170W,303
2671,YKL171W,408
2672,YKL172W,580
2673,YKL176C,132
2674,YKL177W,518
2675,YKL178C,164
2676,YKL179C,499
2677,YKL180W,573
2678,YKL181W,476
2679,YKL182W,405
2680,YKL183C-A,371
2681,YKL183W,589
2682,YKL185W,418
2683,YKL186C,162
2684,YKL187C,111
2685,YKL189W,27
2686,YKL192C,341
2687,YKL193C,215
2688,YKL194C,291
2689,YKL196C,91
2690,YKL197C,421
2691,YKL198C,278
2692,YKL201C,135
2693,YKL203C,500
2694,YKL206C,370
2695,YKL207W,537
2696,YKL208W,470
2697,YKL209C,526
2698,YKL210W,581
2699,YKL212W,589
2700,YKL213C,412
2701,YKL214C,249
2702,YKL216W,126
2703,YKL217W,135
2704,YKL218C,118
2705,YKL219W,74
2706,YKL220C,89
2707,YKL221W,106
2708,YKL222C,440
2709,YKL224C,100
2710,YKR002W,497
2711,YKR004C,292
2712,YKR005C,441
2713,YKR007W,123
2714,YKR008W,187
2715,YKR009C,134
2716,YKR010C,311
2717,YKR011C,233
2718,YKR013W,125
2719,YKR014C,595
2720,YKR017C,583
2721,YKR018C,272
2722,YKR021W,220
2723,YKR024C,231
2724,YKR025W,332
2725,YKR027W,60
2726,YKR028W,571
2727,YKR029C,102
2728,YKR030W,405
2729,YKR031C,497
2730,YKR033C,454
2731,YKR034W,170
2732,YKR035C,203
2733,YKR035W-A,505
2734,YKR036C,178
2735,YKR037C,162
2736,YKR038C,543
2737,YKR039W,184
2738,YKR042W,276
2739,YKR043C,491
2740,YKR044W,211
2741,YKR045C,203
2742,YKR046C,267
2743,YKR049C,78
2744,YKR051W,365
2745,YKR052C,575
2746,YKR053C,162
2747,YKR054C,92
2748,YKR057W,282
2749,YKR058W,152
2750,YKR059W,308
2751,YKR060W,271
2752,YKR061W,401
2753,YKR068C,586
2754,YKR069W,332
2755,YKR070W,176
2756,YKR072C,302
2757,YKR073C,433
2758,YKR074W,417
2759,YKR075C,149
2760,YKR075W-A,480
2761,YKR076W,90
2762,YKR078W,262
2763,YKR079C,556
2764,YKR080W,17
2765,YKR082W,593
2766,YKR084C,199
2767,YKR085C,436
2768,YKR087C,157
2769,YKR088C,197
2770,YKR089C,468
2771,YKR091W,365
2772,YKR092C,52
2773,YKR093W,207
2774,YKR094C,594
2775,YKR095W-A,438
2776,YKR096W,36
2777,YKR097W,424
2778,YKR098C,458
2779,YKR099W,219
2780,YKR101W,418
2781,YKR102W,136
2782,YKR103W,538
2783,YKR105C,307
2784,YKR106W,162
2785,YLL002W,297
2786,YLL003W,235
2787,YLL005C,300
2788,YLL007C,349
2789,YLL008W,595
2790,YLL009C,312
2791,YLL010C,558
2792,YLL011W,254
2793,YLL012W,217
2794,YLL014W,197
2795,YLL015W,281
2796,YLL018C,285
2797,YLL021W,518
2798,YLL022C,233
2799,YLL024C,422
2800,YLL025W,107
2801,YLL026W,311
2802,YLL028W,238
2803,YLL030C,323
2804,YLL032C,369
2805,YLL038C,399
2806,YLL039C,182
2807,YLL040C,386
2808,YLL041C,123
2809,YLL042C,341
2810,YLL044W,536
2811,YLL046C,390
2812,YLL047W,291
2813,YLL048C,267
2814,YLL050C,525
2815,YLL051C,278
2816,YLL052C,115
2817,YLL053C,515
2818,YLL056C,114
2819,YLL057C,338
2820,YLL060C,25
2821,YLL061W,78
2822,YLL062C,270
2823,YLL063C,517
2824,YLL064C,101
2825,YLL065W,537
2826,YLL066W-B,294
2827,YLR001C,357
2828,YLR002C,324
2829,YLR003C,182
2830,YLR004C,474
2831,YLR005W,465
2832,YLR006C,441
2833,YLR007W,437
2834,YLR009W,9
2835,YLR010C,440
2836,YLR011W,426
2837,YLR012C,428
2838,YLR013W,571
2839,YLR016C,324
2840,YLR018C,402
2841,YLR019W,457
2842,YLR020C,578
2843,YLR022C,262
2844,YLR023C,252
2845,YLR024C,133
2846,YLR025W,559
2847,YLR026C,145
2848,YLR027C,97
2849,YLR028C,574
2850,YLR030W,127
2851,YLR031W,417
2852,YLR033W,244
2853,YLR034C,227
2854,YLR035C,341
2855,YLR036C,464
2856,YLR037C,315
2857,YLR038C,82
2858,YLR039C,230
2859,YLR040C,579
2860,YLR041W,568
2861,YLR042C,377
2862,YLR044C,143
2863,YLR045C,471
2864,YLR046C,227
2865,YLR048W,414
2866,YLR049C,403
2867,YLR050C,82
2868,YLR053C,106
2869,YLR056W,166
2870,YLR057W,274
2871,YLR058C,126
2872,YLR059C,243
2873,YLR060W,192
2874,YLR061W,396
2875,YLR062C,479
2876,YLR064W,490
2877,YLR069C,592
2878,YLR070C,75
2879,YLR074C,396
2880,YLR075W,388
2881,YLR076C,166
2882,YLR078C,156
2883,YLR079W,108
2884,YLR080W,368
2885,YLR081W,140
2886,YLR082C,334
2887,YLR083C,482
2888,YLR084C,12
2889,YLR087C,492
2890,YLR088W,528
2891,YLR089C,445
2892,YLR090W,257
2893,YLR091W,159
2894,YLR092W,139
2895,YLR093C,252
2896,YLR094C,433
2897,YLR095C,32
2898,YLR096W,448
2899,YLR098C,266
2900,YLR099C,114
2901,YLR100W,281
2902,YLR102C,177
2903,YLR103C,547
2904,YLR104W,564
2905,YLR105C,223
2906,YLR106C,359
2907,YLR107W,24
2908,YLR108C,548
2909,YLR109W,114
2910,YLR110C,132
2911,YLR111W,166
2912,YLR112W,566
2913,YLR113W,416
2914,YLR115W,217
2915,YLR116W,152
2916,YLR117C,332
2917,YLR120C,506
2918,YLR120W-A,169
2919,YLR121C,420
2920,YLR122C,445
2921,YLR123C,369
2922,YLR124W,493
2923,YLR128W,541
2924,YLR129W,491
2925,YLR130C,144
2926,YLR131C,377
2927,YLR134W,124
2928,YLR136C,124
2929,YLR137W,231
2930,YLR138W,322
2931,YLR139C,45
2932,YLR140W,459
2933,YLR141W,170
2934,YLR142W,118
2935,YLR143W,388
2936,YLR144C,535
2937,YLR146C,385
2938,YLR148W,542
2939,YLR151C,199
2940,YLR153C,405
2941,YLR154C-H,323
2942,YLR154W-A,563
2943,YLR154W-E,191
2944,YLR156C-A,323
2945,YLR157C-C,323
2946,YLR159C-A,323
2947,YLR162W-A,563
2948,YLR163C,537
2949,YLR163W-A,154
2950,YLR164W,97
2951,YLR166C,237
2952,YLR168C,121
2953,YLR170C,26
2954,YLR171W,347
2955,YLR172C,428
2956,YLR174W,119
2957,YLR175W,272
2958,YLR177W,106
2959,YLR178C,268
2960,YLR179C,435
2961,YLR180W,546
2962,YLR182W,546
2963,YLR186W,291
2964,YLR187W,423
2965,YLR188W,454
2966,YLR190W,552
2967,YLR191W,262
2968,YLR192C,287
2969,YLR193C,85
2970,YLR194C,344
2971,YLR195C,468
2972,YLR196W,450
2973,YLR197W,344
2974,YLR198C,218
2975,YLR199C,184
2976,YLR200W,239
2977,YLR201C,326
2978,YLR202C,478
2979,YLR204W,240
2980,YLR205C,112
2981,YLR206W,291
2982,YLR207W,360
2983,YLR208W,252
2984,YLR211C,225
2985,YLR212C,547
2986,YLR215C,227
2987,YLR216C,226
2988,YLR220W,196
2989,YLR221C,226
2990,YLR222C,320
2991,YLR224W,466
2992,YLR225C,381
2993,YLR226W,318
2994,YLR227C,441
2995,YLR229C,38
2996,YLR230W,419
2997,YLR231C,69
2998,YLR232W,80
2999,YLR235C,136
3000,YLR237W,144
3001,YLR238W,441
3002,YLR239C,56
3003,YLR241W,255
3004,YLR243W,362
3005,YLR244C,94
3006,YLR245C,367
3007,YLR246W,57
3008,YLR247C,488
3009,YLR248W,313
3010,YLR249W,591
3011,YLR250W,276
3012,YLR252W,349
3013,YLR253W,211
3014,YLR255C,96
3015,YLR256W,371
3016,YLR257W,297
3017,YLR258W,164
3018,YLR259C,127
3019,YLR260W,592
3020,YLR261C,451
3021,YLR262C,354
3022,YLR262C-A,454
3023,YLR263W,229
3024,YLR264W,303
3025,YLR265C,190
3026,YLR266C,464
3027,YLR267W,128
3028,YLR268W,241
3029,YLR269C,586
3030,YLR270W,158
3031,YLR271W,351
3032,YLR272C,405
3033,YLR275W,404
3034,YLR276C,295
3035,YLR277C,308
3036,YLR278C,169
3037,YLR279W,121
3038,YLR280C,323
3039,YLR281C,196
3040,YLR283W,155
3041,YLR284C,89
3042,YLR285W,238
3043,YLR286C,313
3044,YLR286W-A,263
3045,YLR287C,315
3046,YLR287C-A,211
3047,YLR288C,500
3048,YLR289W,425
3049,YLR290C,405
3050,YLR291C,214
3051,YLR292C,356
3052,YLR294C,414
3053,YLR295C,71
3054,YLR296W,539
3055,YLR297W,231
3056,YLR298C,468
3057,YLR299C-A,355
3058,YLR299W,443
3059,YLR300W,560
3060,YLR301W,101
3061,YLR303W,142
3062,YLR304C,588
3063,YLR305C,403
3064,YLR306W,462
3065,YLR307C-A,151
3066,YLR307W,546
3067,YLR309C,270
3068,YLR312C,83
3069,YLR312W-A,51
3070,YLR313C,219
3071,YLR314C,465
3072,YLR315W,391
3073,YLR316C,180
3074,YLR318W,421
3075,YLR321C,172
3076,YLR322W,479
3077,YLR323C,162
3078,YLR324W,106
3079,YLR325C,454
3080,YLR327C,179
3081,YLR329W,91
3082,YLR332W,22
3083,YLR336C,389
3084,YLR337C,104
3085,YLR339C,538
3086,YLR341W,527
3087,YLR342W-A,192
3088,YLR343W,476
3089,YLR344W,534
3090,YLR345W,288
3091,YLR346C,136
3092,YLR347C,556
3093,YLR348C,470
3094,YLR349W,557
3095,YLR350W,392
3096,YLR352W,456
3097,YLR354C,544
3098,YLR355C,161
3099,YLR356W,413
3100,YLR357W,314
3101,YLR358C,227
3102,YLR359W,168
3103,YLR361C,502
3104,YLR362W,600
3105,YLR363C,93
3106,YLR363W-A,418
3107,YLR365W,186
3108,YLR366W,525
3109,YLR368W,200
3110,YLR370C,339
3111,YLR372W,559
3112,YLR375W,102
3113,YLR376C,114
3114,YLR377C,126
3115,YLR379W,519
3116,YLR380W,13
3117,YLR381W,175
3118,YLR382C,418
3119,YLR388W,101
3120,YLR390W-A,214
3121,YLR393W,211
3122,YLR397C,231
3123,YLR398C,427
3124,YLR403W,494
3125,YLR404W,100
3126,YLR405W,170
3127,YLR406C-A,443
3128,YLR407W,172
3129,YLR408C,156
3130,YLR411W,268
3131,YLR412C-A,555
3132,YLR413W,133
3133,YLR414C,204
3134,YLR418C,296
3135,YLR420W,94
3136,YLR421C,22
3137,YLR422W,127
3138,YLR425W,241
3139,YLR427W,309
3140,YLR429W,219
3141,YLR430W,34
3142,YLR431C,203
3143,YLR432W,308
3144,YLR433C,493
3145,YLR434C,321
3146,YLR435W,112
3147,YLR436C,299
3148,YLR437C,369
3149,YLR438W,114
3150,YLR444C,46
3151,YLR445W,160
3152,YLR446W,103
3153,YLR447C,388
3154,YLR449W,587
3155,YLR450W,573
3156,YLR451W,111
3157,YLR453C,371
3158,YLR454W,147
3159,YLR456W,198
3160,YLR457C,293
3161,YLR459W,46
3162,YLR460C,57
3163,YLR461W,100
3164,YLR466C-B,294
3165,YML001W,318
3166,YML003W,188
3167,YML004C,566
3168,YML007C-A,444
3169,YML007W,139
3170,YML008C,178
3171,YML009C,269
3172,YML009C-A,150
3173,YML010W,174
3174,YML011C,86
3175,YML012C-A,153
3176,YML013W,78
3177,YML015C,397
3178,YML016C,413
3179,YML017W,481
3180,YML018C,391
3181,YML019W,508
3182,YML020W,302
3183,YML021C,316
3184,YML022W,304
3185,YML023C,55
3186,YML027W,153
3187,YML028W,237
3188,YML029W,40
3189,YML031C-A,99
3190,YML032C,590
3191,YML034W,291
3192,YML035C,524
3193,YML042W,44
3194,YML046W,544
3195,YML047C,132
3196,YML047W-A,289
3197,YML048W,103
3198,YML050W,300
3199,YML051W,258
3200,YML052W,541
3201,YML053C,112
3202,YML054C,106
3203,YML054C-A,320
3204,YML055W,51
3205,YML056C,204
3206,YML057C-A,330
3207,YML057W,334
3208,YML058W,364
3209,YML058W-A,148
3210,YML059C,467
3211,YML061C,185
3212,YML062C,248
3213,YML064C,109
3214,YML066C,48
3215,YML069W,521
3216,YML070W,113
3217,YML071C,412
3218,YML072C,396
3219,YML073C,460
3220,YML074C,255
3221,YML075C,296
3222,YML076C,432
3223,YML077W,218
3224,YML080W,561
3225,YML083C,168
3226,YML085C,391
3227,YML087C,378
3228,YML089C,265
3229,YML090W,292
3230,YML091C,327
3231,YML092C,572
3232,YML093W,47
3233,YML094C-A,428
3234,YML097C,552
3235,YML099W-A,248
3236,YML100W,562
3237,YML100W-A,76
3238,YML102W,534
3239,YML103C,537
3240,YML105C,596
3241,YML108W,434
3242,YML111W,341
3243,YML112W,470
3244,YML114C,270
3245,YML116W,431
3246,YML117W,383
3247,YML118W,204
3248,YML120C,130
3249,YML123C,128
3250,YML124C,296
3251,YML125C,289
3252,YML126C,211
3253,YML129C,269
3254,YML130C,234
3255,YML131W,119
3256,YML132W,71
3257,YMR001C,109
3258,YMR001C-A,538
3259,YMR002W,453
3260,YMR003W,288
3261,YMR004W,32
3262,YMR005W,370
3263,YMR006C,144
3264,YMR007W,140
3265,YMR008C,350
3266,YMR009W,354
3267,YMR010W,164
3268,YMR011W,122
3269,YMR012W,464
3270,YMR013W-A,378
3271,YMR014W,289
3272,YMR015C,182
3273,YMR016C,107
3274,YMR019W,383
3275,YMR020W,308
3276,YMR023C,577
3277,YMR024W,545
3278,YMR025W,194
3279,YMR028W,447
3280,YMR030W-A,104
3281,YMR031W-A,149
3282,YMR032W,68
3283,YMR033W,579
3284,YMR034C,150
3285,YMR035W,289
3286,YMR036C,582
3287,YMR037C,513
3288,YMR038C,296
3289,YMR039C,20
3290,YMR040W,261
3291,YMR043W,321
3292,YMR044W,372
3293,YMR052C-A,394
3294,YMR052W,21
3295,YMR056C,468
3296,YMR058W,137
3297,YMR062C,480
3298,YMR063W,594
3299,YMR065W,79
3300,YMR066W,295
3301,YMR067C,503
3302,YMR068W,71
3303,YMR073C,160
3304,YMR074C,303
3305,YMR075C-A,452
3306,YMR075W,415
3307,YMR076C,155
3308,YMR077C,342
3309,YMR080C,363
3310,YMR081C,300
3311,YMR083W,138
3312,YMR084W,82
3313,YMR086C-A,445
3314,YMR086W,425
3315,YMR087W,338
3316,YMR088C,368
3317,YMR089C,202
3318,YMR090W,108
3319,YMR091C,258
3320,YMR093W,12
3321,YMR094W,230
3322,YMR096W,111
3323,YMR097C,442
3324,YMR098C,513
3325,YMR099C,347
3326,YMR100W,429
3327,YMR101C,49
3328,YMR102C,458
3329,YMR104C,350
3330,YMR105C,141
3331,YMR106C,377
3332,YMR107W,575
3333,YMR108W,594
3334,YMR109W,366
3335,YMR110C,340
3336,YMR111C,259
3337,YMR112C,424
3338,YMR113W,569
3339,YMR117C,319
3340,YMR119W-A,520
3341,YMR120C,465
3342,YMR121C,400
3343,YMR122C,126
3344,YMR122W-A,572
3345,YMR123W,273
3346,YMR124W,15
3347,YMR125W,231
3348,YMR126C,370
3349,YMR128W,57
3350,YMR129W,293
3351,YMR130W,413
3352,YMR132C,316
3353,YMR133W,445
3354,YMR134W,88
3355,YMR135W-A,523
3356,YMR136W,254
3357,YMR137C,153
3358,YMR138W,42
3359,YMR139W,373
3360,YMR140W,425
3361,YMR142C,466
3362,YMR143W,404
3363,YMR144W,356
3364,YMR145C,299
3365,YMR146C,521
3366,YMR147W,159
3367,YMR148W,482
3368,YMR149W,125
3369,YMR152W,441
3370,YMR153C-A,32
3371,YMR153W,310
3372,YMR154C,176
3373,YMR155W,198
3374,YMR156C,204
3375,YMR158W-B,521
3376,YMR160W,17
3377,YMR162C,89
3378,YMR163C,541
3379,YMR165C,553
3380,YMR166C,11
3381,YMR168C,180
3382,YMR169C,585
3383,YMR170C,599
3384,YMR171C,512
3385,YMR172C-A,447
3386,YMR172W,451
3387,YMR173W,137
3388,YMR173W-A,345
3389,YMR174C,548
3390,YMR175W,556
3391,YMR175W-A,406
3392,YMR176W,352
3393,YMR177W,51
3394,YMR178W,227
3395,YMR179W,531
3396,YMR180C,159
3397,YMR181C,259
3398,YMR182W-A,460
3399,YMR185W,220
3400,YMR186W,140
3401,YMR187C,245
3402,YMR188C,342
3403,YMR189W,173
3404,YMR190C,298
3405,YMR191W,589
3406,YMR192W,261
3407,YMR193C-A,486
3408,YMR193W,515
3409,YMR194W,337
3410,YMR195W,200
3411,YMR196W,564
3412,YMR197C,478
3413,YMR198W,76
3414,YMR199W,280
3415,YMR200W,445
3416,YMR201C,139
3417,YMR202W,357
3418,YMR203W,354
3419,YMR204C,222
3420,YMR205C,211
3421,YMR206W,524
3422,YMR208W,98
3423,YMR209C,473
3424,YMR210W,32
3425,YMR211W,571
3426,YMR215W,283
3427,YMR216C,61
3428,YMR217W,137
3429,YMR219W,591
3430,YMR220W,80
3431,YMR221C,311
3432,YMR222C,161
3433,YMR224C,210
3434,YMR225C,156
3435,YMR226C,201
3436,YMR227C,436
3437,YMR229C,439
3438,YMR230W,227
3439,YMR230W-A,559
3440,YMR231W,66
3441,YMR233W,145
3442,YMR234W,384
3443,YMR237W,294
3444,YMR238W,47
3445,YMR239C,272
3446,YMR240C,494
3447,YMR241W,232
3448,YMR242C,554
3449,YMR242W-A,39
3450,YMR243C,374
3451,YMR244C-A,331
3452,YMR244W,117
3453,YMR245W,207
3454,YMR246W,377
3455,YMR247C,213
3456,YMR247W-A,569
3457,YMR250W,376
3458,YMR251W,113
3459,YMR251W-A,120
3460,YMR252C,220
3461,YMR255W,240
3462,YMR256C,204
3463,YMR257C,537
3464,YMR258C,344
3465,YMR259C,375
3466,YMR260C,293
3467,YMR263W,123
3468,YMR264W,544
3469,YMR265C,512
3470,YMR266W,329
3471,YMR267W,245
3472,YMR269W,171
3473,YMR270C,65
3474,YMR271C,402
3475,YMR273C,231
3476,YMR274C,306
3477,YMR277W,284
3478,YMR278W,242
3479,YMR279C,94
3480,YMR282C,565
3481,YMR284W,591
3482,YMR285C,576
3483,YMR288W,37
3484,YMR289W,228
3485,YMR292W,278
3486,YMR293C,9
3487,YMR294W,528
3488,YMR294W-A,28
3489,YMR295C,294
3490,YMR296C,461
3491,YMR297W,591
3492,YMR298W,250
3493,YMR299C,231
3494,YMR300C,440
3495,YMR301C,362
3496,YMR302C,277
3497,YMR303C,161
3498,YMR304C-A,290
3499,YMR305C,148
3500,YMR308C,522
3501,YMR309C,256
3502,YMR310C,122
3503,YMR311C,524
3504,YMR312W,333
3505,YMR314W,171
3506,YMR315W,555
3507,YMR315W-A,130
3508,YMR316C-A,410
3509,YMR316W,127
3510,YMR317W,104
3511,YMR318C,547
3512,YMR319C,596
3513,YMR321C,491
3514,YMR322C,466
3515,YMR323W,175
3516,YMR325W,247
3517,YNL002C,211
3518,YNL003C,136
3519,YNL004W,297
3520,YNL006W,263
3521,YNL007C,244
3522,YNL008C,331
3523,YNL009W,397
3524,YNL010W,563
3525,YNL011C,456
3526,YNL012W,197
3527,YNL013C,482
3528,YNL014W,598
3529,YNL015W,121
3530,YNL019C,553
3531,YNL023C,248
3532,YNL024C,30
3533,YNL025C,197
3534,YNL026W,260
3535,YNL027W,322
3536,YNL029C,488
3537,YNL030W,594
3538,YNL031C,552
3539,YNL033W,530
3540,YNL035C,146
3541,YNL036W,593
3542,YNL037C,264
3543,YNL038W,313
3544,YNL039W,265
3545,YNL041C,176
3546,YNL042W-B,552
3547,YNL044W,114
3548,YNL045W,61
3549,YNL046W,195
3550,YNL047C,370
3551,YNL050C,468
3552,YNL051W,158
3553,YNL054W,548
3554,YNL055C,510
3555,YNL056W,447
3556,YNL057W,375
3557,YNL059C,501
3558,YNL061W,75
3559,YNL063W,517
3560,YNL064C,450
3561,YNL065W,172
3562,YNL067W,309
3563,YNL067W-B,45
3564,YNL069C,576
3565,YNL070W,327
3566,YNL071W,261
3567,YNL072W,79
3568,YNL074C,236
3569,YNL075W,152
3570,YNL076W,574
3571,YNL077W,178
3572,YNL079C,288
3573,YNL080C,421
3574,YNL081C,458
3575,YNL082W,275
3576,YNL083W,383
3577,YNL085W,42
3578,YNL087W,339
3579,YNL088W,565
3580,YNL089C,515
3581,YNL091W,310
3582,YNL092W,99
3583,YNL093W,480
3584,YNL094W,204
3585,YNL095C,572
3586,YNL096C,517
3587,YNL097C-B,395
3588,YNL097W-A,155
3589,YNL099C,275
3590,YNL100W,364
3591,YNL101W,465
3592,YNL102W,310
3593,YNL103W,435
3594,YNL104C,551
3595,YNL107W,291
3596,YNL108C,101
3597,YNL109W,432
3598,YNL110C,443
3599,YNL111C,163
3600,YNL112W,371
3601,YNL113W,545
3602,YNL114C,273
3603,YNL115C,178
3604,YNL116W,295
3605,YNL117W,564
3606,YNL118C,235
3607,YNL122C,158
3608,YNL124W,541
3609,YNL126W,304
3610,YNL127W,330
3611,YNL128W,247
3612,YNL129W,309
3613,YNL130C,425
3614,YNL132W,80
3615,YNL133C,573
3616,YNL134C,530
3617,YNL136W,268
3618,YNL137C,140
3619,YNL138W,549
3620,YNL141W,394
3621,YNL142W,175
3622,YNL143C,97
3623,YNL144C,178
3624,YNL144W-A,578
3625,YNL145W,401
3626,YNL146C-A,7
3627,YNL146W,583
3628,YNL147W,434
3629,YNL148C,344
3630,YNL151C,374
3631,YNL155W,222
3632,YNL156C,331
3633,YNL158W,150
3634,YNL159C,355
3635,YNL160W,164
3636,YNL161W,373
3637,YNL162W-A,488
3638,YNL163C,47
3639,YNL164C,387
3640,YNL165W,599
3641,YNL168C,517
3642,YNL169C,135
3643,YNL170W,446
3644,YNL171C,135
3645,YNL173C,113
3646,YNL176C,392
3647,YNL177C,264
3648,YNL179C,121
3649,YNL180C,575
3650,YNL182C,544
3651,YNL184C,215
3652,YNL185C,429
3653,YNL186W,248
3654,YNL187W,409
3655,YNL188W,330
3656,YNL190W,414
3657,YNL191W,578
3658,YNL192W,443
3659,YNL193W,65
3660,YNL194C,177
3661,YNL196C,102
3662,YNL198C,195
3663,YNL199C,481
3664,YNL200C,337
3665,YNL201C,471
3666,YNL202W,441
3667,YNL203C,492
3668,YNL204C,54
3669,YNL205C,271
3670,YNL206C,416
3671,YNL207W,283
3672,YNL208W,489
3673,YNL209W,250
3674,YNL210W,161
3675,YNL211C,460
3676,YNL216W,471
3677,YNL217W,197
3678,YNL220W,107
3679,YNL222W,212
3680,YNL223W,426
3681,YNL224C,381
3682,YNL225C,285
3683,YNL226W,393
3684,YNL227C,441
3685,YNL228W,326
3686,YNL229C,205
3687,YNL230C,415
3688,YNL231C,266
3689,YNL233W,366
3690,YNL234W,429
3691,YNL235C,177
3692,YNL236W,211
3693,YNL237W,221
3694,YNL238W,439
3695,YNL241C,176
3696,YNL242W,349
3697,YNL243W,170
3698,YNL244C,478
3699,YNL245C,223
3700,YNL246W,238
3701,YNL249C,413
3702,YNL251C,381
3703,YNL252C,249
3704,YNL253W,427
3705,YNL254C,578
3706,YNL258C,243
3707,YNL259C,590
3708,YNL260C,271
3709,YNL261W,211
3710,YNL262W,283
3711,YNL264C,204
3712,YNL265C,446
3713,YNL266W,179
3714,YNL268W,480
3715,YNL270C,414
3716,YNL271C,523
3717,YNL272C,342
3718,YNL273W,272
3719,YNL274C,446
3720,YNL275W,390
3721,YNL276C,59
3722,YNL277W,477
3723,YNL277W-A,91
3724,YNL278W,82
3725,YNL279W,260
3726,YNL280C,417
3727,YNL282W,591
3728,YNL283C,14
3729,YNL284C,143
3730,YNL285W,348
3731,YNL286W,236
3732,YNL287W,438
3733,YNL289W,160
3734,YNL290W,80
3735,YNL291C,371
3736,YNL292W,209
3737,YNL296W,296
3738,YNL298W,436
3739,YNL299W,252
3740,YNL300W,386
3741,YNL301C,319
3742,YNL302C,515
3743,YNL307C,427
3744,YNL308C,199
3745,YNL311C,182
3746,YNL312W,8
3747,YNL313C,175
3748,YNL316C,226
3749,YNL320W,330
3750,YNL321W,412
3751,YNL322C,379
3752,YNL323W,405
3753,YNL324W,449
3754,YNL325C,187
3755,YNL326C,71
3756,YNL327W,114
3757,YNL329C,192
3758,YNL330C,95
3759,YNL332W,558
3760,YNL333W,103
3761,YNL334C,293
3762,YNL335W,513
3763,YNL336W,71
3764,YNL337W,555
3765,YNL338W,294
3766,YNL339C,519
3767,YNR001C,201
3768,YNR002C,112
3769,YNR003C,499
3770,YNR003W-A,457
3771,YNR004W,197
3772,YNR006W,521
3773,YNR009W,95
3774,YNR010W,574
3775,YNR011C,422
3776,YNR012W,457
3777,YNR014W,115
3778,YNR015W,227
3779,YNR016C,600
3780,YNR017W,435
3781,YNR018W,478
3782,YNR019W,347
3783,YNR022C,44
3784,YNR023W,324
3785,YNR024W,324
3786,YNR026C,33
3787,YNR027W,206
3788,YNR028W,107
3789,YNR029C,217
3790,YNR030W,233
3791,YNR032C-A,101
3792,YNR033W,75
3793,YNR034W-A,150
3794,YNR035C,218
3795,YNR036C,218
3796,YNR037C,199
3797,YNR038W,560
3798,YNR041C,167
3799,YNR042W,363
3800,YNR043W,74
3801,YNR044W,508
3802,YNR045W,240
3803,YNR047W,332
3804,YNR048W,83
3805,YNR049C,341
3806,YNR050C,106
3807,YNR052C,325
3808,YNR053C,225
3809,YNR055C,61
3810,YNR056C,19
3811,YNR057C,153
3812,YNR058W,154
3813,YNR059W,442
3814,YNR060W,104
3815,YNR062C,568
3816,YNR064C,72
3817,YNR067C,124
3818,YNR069C,408
3819,YNR071C,468
3820,YNR072W,125
3821,YNR073C,371
3822,YNR075W,316
3823,YNR076W,101
3824,YOL001W,106
3825,YOL003C,447
3826,YOL005C,310
3827,YOL006C,425
3828,YOL009C,496
3829,YOL010W,508
3830,YOL011W,111
3831,YOL012C,565
3832,YOL013C,595
3833,YOL013W-A,298
3834,YOL014W,243
3835,YOL015W,155
3836,YOL016C,581
3837,YOL017W,287
3838,YOL018C,294
3839,YOL019W,160
3840,YOL019W-A,269
3841,YOL020W,136
3842,YOL022C,432
3843,YOL023W,493
3844,YOL024W,248
3845,YOL028C,481
3846,YOL029C,440
3847,YOL030W,122
3848,YOL031C,590
3849,YOL032W,292
3850,YOL033W,239
3851,YOL035C,222
3852,YOL036W,402
3853,YOL038C-A,243
3854,YOL038W,568
3855,YOL040C,395
3856,YOL041C,461
3857,YOL042W,290
3858,YOL043C,111
3859,YOL044W,524
3860,YOL045W,313
3861,YOL047C,84
3862,YOL048C,276
3863,YOL049W,270
3864,YOL050C,169
3865,YOL051W,600
3866,YOL052C,148
3867,YOL052C-A,132
3868,YOL053W,114
3869,YOL055C,496
3870,YOL056W,289
3871,YOL057W,583
3872,YOL058W,597
3873,YOL059W,83
3874,YOL061W,504
3875,YOL062C,417
3876,YOL063C,293
3877,YOL064C,189
3878,YOL065C,171
3879,YOL067C,166
3880,YOL068C,259
3881,YOL071W,161
3882,YOL073C,88
3883,YOL076W,267
3884,YOL077W-A,520
3885,YOL079W,449
3886,YOL080C,408
3887,YOL082W,583
3888,YOL083C-A,364
3889,YOL083W,305
3890,YOL084W,191
3891,YOL085C,328
3892,YOL086C,128
3893,YOL088C,486
3894,YOL089C,329
3895,YOL090W,260
3896,YOL091W,92
3897,YOL093W,197
3898,YOL094C,66
3899,YOL095C,219
3900,YOL096C,188
3901,YOL097C,540
3902,YOL097W-A,31
3903,YOL098C,509
3904,YOL100W,253
3905,YOL101C,308
3906,YOL103W,551
3907,YOL104C,133
3908,YOL105C,342
3909,YOL106W,213
3910,YOL108C,317
3911,YOL109W,181
3912,YOL110W,268
3913,YOL111C,206
3914,YOL112W,385
3915,YOL115W,386
3916,YOL116W,72
3917,YOL117W,521
3918,YOL118C,375
3919,YOL119C,505
3920,YOL120C,504
3921,YOL121C,235
3922,YOL122C,589
3923,YOL123W,457
3924,YOL124C,478
3925,YOL125W,435
3926,YOL126C,182
3927,YOL128C,120
3928,YOL129W,266
3929,YOL130W,120
3930,YOL132W,482
3931,YOL133W,584
3932,YOL134C,532
3933,YOL136C,593
3934,YOL137W,173
3935,YOL138C,260
3936,YOL141W,151
3937,YOL143C,103
3938,YOL144W,185
3939,YOL146W,131
3940,YOL147C,93
3941,YOL148C,14
3942,YOL149W,220
3943,YOL150C,35
3944,YOL151W,90
3945,YOL152W,23
3946,YOL154W,108
3947,YOL155C,141
3948,YOL155W-A,43
3949,YOL156W,136
3950,YOL157C,125
3951,YOL159C,309
3952,YOL159C-A,76
3953,YOL160W,528
3954,YOL161C,100
3955,YOL162W,462
3956,YOL163W,556
3957,YOL164W,543
3958,YOL164W-A,317
3959,YOL166C,411
3960,YOR001W,549
3961,YOR002W,355
3962,YOR003W,390
3963,YOR004W,564
3964,YOR005C,454
3965,YOR007C,87
3966,YOR008C-A,411
3967,YOR009W,128
3968,YOR010C,539
3969,YOR011W,226
3970,YOR011W-A,567
3971,YOR012W,426
3972,YOR013W,528
3973,YOR014W,62
3974,YOR016C,318
3975,YOR017W,305
3976,YOR018W,189
3977,YOR019W,572
3978,YOR020C,415
3979,YOR020W-A,27
3980,YOR021C,388
3981,YOR022C,146
3982,YOR023C,422
3983,YOR025W,92
3984,YOR026W,130
3985,YOR027W,275
3986,YOR028C,165
3987,YOR029W,20
3988,YOR030W,478
3989,YOR032C,12
3990,YOR032W-A,17
3991,YOR034C,517
3992,YOR035C,417
3993,YOR036W,82
3994,YOR037W,311
3995,YOR038C,75
3996,YOR040W,254
3997,YOR042W,321
3998,YOR043W,8
3999,YOR044W,347
4000,YOR045W,195
4001,YOR046C,598
4002,YOR048C,418
4003,YOR049C,341
4004,YOR050C,145
4005,YOR051C,561
4006,YOR052C,573
4007,YOR053W,27
4008,YOR057W,167
4009,YOR058C,354
4010,YOR059C,274
4011,YOR061W,183
4012,YOR062C,103
4013,YOR063W,113
4014,YOR064C,426
4015,YOR065W,410
4016,YOR066W,591
4017,YOR067C,276
4018,YOR068C,276
4019,YOR069W,33
4020,YOR071C,127
4021,YOR072W,158
4022,YOR072W-A,447
4023,YOR072W-B,578
4024,YOR073W,41
4025,YOR073W-A,548
4026,YOR079C,88
4027,YOR080W,70
4028,YOR081C,114
4029,YOR083W,236
4030,YOR084W,94
4031,YOR086C,584
4032,YOR087W,33
4033,YOR089C,291
4034,YOR091W,31
4035,YOR092W,345
4036,YOR094W,240
4037,YOR095C,513
4038,YOR096W,52
4039,YOR097C,399
4040,YOR099W,418
4041,YOR100C,135
4042,YOR102W,28
4043,YOR104W,265
4044,YOR105W,178
4045,YOR106W,143
4046,YOR107W,357
4047,YOR108C-A,185
4048,YOR108W,321
4049,YOR109W,406
4050,YOR110W,536
4051,YOR113W,92
4052,YOR114W,513
4053,YOR115C,231
4054,YOR116C,597
4055,YOR117W,516
4056,YOR118W,366
4057,YOR119C,100
4058,YOR120W,116
4059,YOR122C,270
4060,YOR123C,438
4061,YOR124C,294
4062,YOR125C,125
4063,YOR128C,514
4064,YOR129C,89
4065,YOR130C,477
4066,YOR131C,122
4067,YOR132W,301
4068,YOR133W,263
4069,YOR134W,380
4070,YOR136W,259
4071,YOR137C,512
4072,YOR138C,560
4073,YOR140W,102
4074,YOR141C,415
4075,YOR142W,282
4076,YOR143C,287
4077,YOR144C,541
4078,YOR145C,561
4079,YOR146W,566
4080,YOR147W,175
4081,YOR148C,565
4082,YOR149C,344
4083,YOR150W,272
4084,YOR151C,221
4085,YOR152C,459
4086,YOR153W,240
4087,YOR158W,340
4088,YOR161C,244
4089,YOR161C-C,218
4090,YOR162C,334
4091,YOR163W,581
4092,YOR166C,271
4093,YOR168W,575
4094,YOR169C,27
4095,YOR170W,356
4096,YOR171C,8
4097,YOR172W,55
4098,YOR173W,522
4099,YOR174W,367
4100,YOR175C,372
4101,YOR176W,360
4102,YOR177C,533
4103,YOR178C,437
4104,YOR179C,289
4105,YOR180C,584
4106,YOR181W,499
4107,YOR182C,450
4108,YOR184W,123
4109,YOR185C,546
4110,YOR186C-A,143
4111,YOR186W,141
4112,YOR187W,430
4113,YOR188W,395
4114,YOR189W,448
4115,YOR190W,565
4116,YOR191W,366
4117,YOR192C,136
4118,YOR193W,89
4119,YOR194C,202
4120,YOR197W,176
4121,YOR198C,398
4122,YOR200W,114
4123,YOR201C,173
4124,YOR202W,70
4125,YOR204W,270
4126,YOR205C,223
4127,YOR207C,232
4128,YOR208W,555
4129,YOR211C,556
4130,YOR213C,268
4131,YOR214C,190
4132,YOR215C,176
4133,YOR216C,284
4134,YOR217W,247
4135,YOR218C,323
4136,YOR219C,240
4137,YOR221C,15
4138,YOR222W,102
4139,YOR223W,519
4140,YOR224C,276
4141,YOR226C,264
4142,YOR227W,482
4143,YOR228C,255
4144,YOR230W,139
4145,YOR231C-A,171
4146,YOR231W,453
4147,YOR232W,293
4148,YOR233W,493
4149,YOR234C,433
4150,YOR235W,35
4151,YOR237W,144
4152,YOR238W,385
4153,YOR239W,241
4154,YOR242C,200
4155,YOR245C,475
4156,YOR246C,226
4157,YOR247W,249
4158,YOR248W,586
4159,YOR249C,256
4160,YOR253W,134
4161,YOR256C,571
4162,YOR258W,170
4163,YOR261C,531
4164,YOR264W,463
4165,YOR265W,542
4166,YOR266W,549
4167,YOR267C,486
4168,YOR270C,467
4169,YOR271C,493
4170,YOR272W,570
4171,YOR273C,175
4172,YOR276W,597
4173,YOR277C,43
4174,YOR278W,484
4175,YOR279C,323
4176,YOR280C,419
4177,YOR281C,316
4178,YOR283W,35
4179,YOR285W,172
4180,YOR286W,92
4181,YOR287C,230
4182,YOR288C,552
4183,YOR289W,76
4184,YOR290C,311
4185,YOR291W,284
4186,YOR292C,32
4187,YOR293C-A,183
4188,YOR293W,489
4189,YOR294W,436
4190,YOR296W,224
4191,YOR298C-A,144
4192,YOR298W,389
4193,YOR300W,224
4194,YOR301W,584
4195,YOR302W,474
4196,YOR303W,393
4197,YOR304C-A,237
4198,YOR304W,509
4199,YOR305W,40
4200,YOR306C,174
4201,YOR307C,105
4202,YOR308C,245
4203,YOR311C,120
4204,YOR313C,510
4205,YOR315W,32
4206,YOR316C,133
4207,YOR316C-A,322
4208,YOR317W,83
4209,YOR318C,560
4210,YOR320C,600
4211,YOR322C,494
4212,YOR323C,248
4213,YOR327C,566
4214,YOR328W,416
4215,YOR329C,476
4216,YOR329W-A,576
4217,YOR331C,254
4218,YOR332W,97
4219,YOR335C,594
4220,YOR335W-A,512
4221,YOR336W,178
4222,YOR337W,93
4223,YOR338W,365
4224,YOR339C,309
4225,YOR340C,578
4226,YOR343C,598
4227,YOR344C,320
4228,YOR345C,184
4229,YOR346W,174
4230,YOR347C,346
4231,YOR348C,160
4232,YOR350C,247
4233,YOR351C,348
4234,YOR352W,359
4235,YOR353C,251
4236,YOR354C,425
4237,YOR355W,237
4238,YOR356W,267
4239,YOR359W,69
4240,YOR360C,400
4241,YOR364W,534
4242,YOR365C,22
4243,YOR366W,414
4244,YOR367W,416
4245,YOR368W,176
4246,YOR369C,478
4247,YOR370C,112
4248,YOR371C,353
4249,YOR374W,130
4250,YOR375C,149
4251,YOR376W,44
4252,YOR376W-A,426
4253,YOR377W,572
4254,YOR380W,226
4255,YOR381W,82
4256,YOR381W-A,255
4257,YOR382W,88
4258,YOR385W,206
4259,YOR387C,182
4260,YOR388C,180
4261,YOR389W,422
4262,YOR390W,520
4263,YOR391C,466
4264,YOR393W,175
4265,YOR394C-A,600
4266,YOR394W,129
4267,YPL002C,345
4268,YPL003W,243
4269,YPL004C,125
4270,YPL006W,424
4271,YPL007C,455
4272,YPL008W,539
4273,YPL012W,304
4274,YPL013C,74
4275,YPL014W,105
4276,YPL015C,564
4277,YPL017C,458
4278,YPL018W,172
4279,YPL019C,569
4280,YPL020C,316
4281,YPL021W,598
4282,YPL022W,429
4283,YPL026C,128
4284,YPL027W,326
4285,YPL028W,130
4286,YPL030W,591
4287,YPL033C,357
4288,YPL034W,147
4289,YPL035C,398
4290,YPL036W,178
4291,YPL038W,213
4292,YPL040C,62
4293,YPL041C,232
4294,YPL042C,303
4295,YPL043W,353
4296,YPL046C,466
4297,YPL047W,280
4298,YPL049C,581
4299,YPL050C,498
4300,YPL051W,560
4301,YPL052W,105
4302,YPL053C,241
4303,YPL054W,206
4304,YPL056C,243
4305,YPL057C,292
4306,YPL058C,268
4307,YPL059W,133
4308,YPL060W,386
4309,YPL061W,130
4310,YPL065W,452
4311,YPL066W,343
4312,YPL067C,578
4313,YPL069C,546
4314,YPL070W,364
4315,YPL072W,144
4316,YPL074W,312
4317,YPL075W,12
4318,YPL077C,523
4319,YPL079W,480
4320,YPL081W,116
4321,YPL082C,222
4322,YPL083C,348
4323,YPL084W,323
4324,YPL085W,218
4325,YPL086C,595
4326,YPL087W,437
4327,YPL088W,116
4328,YPL089C,12
4329,YPL091W,37
4330,YPL092W,584
4331,YPL093W,269
4332,YPL094C,262
4333,YPL095C,145
4334,YPL096C-A,502
4335,YPL096W,484
4336,YPL100W,559
4337,YPL103C,261
4338,YPL108W,440
4339,YPL109C,92
4340,YPL110C,23
4341,YPL111W,134
4342,YPL112C,579
4343,YPL113C,292
4344,YPL114W,133
4345,YPL115C,332
4346,YPL118W,269
4347,YPL119C,76
4348,YPL120W,268
4349,YPL122C,500
4350,YPL123C,279
4351,YPL124W,235
4352,YPL125W,453
4353,YPL128C,337
4354,YPL129W,492
4355,YPL130W,364
4356,YPL132W,474
4357,YPL133C,19
4358,YPL134C,85
4359,YPL135C-A,511
4360,YPL135W,163
4361,YPL136W,70
4362,YPL137C,92
4363,YPL138C,286
4364,YPL139C,279
4365,YPL140C,473
4366,YPL141C,30
4367,YPL142C,288
4368,YPL146C,342
4369,YPL147W,280
4370,YPL148C,359
4371,YPL149W,359
4372,YPL152W,19
4373,YPL152W-A,337
4374,YPL154C,325
4375,YPL156C,159
4376,YPL157W,380
4377,YPL158C,441
4378,YPL159C,362
4379,YPL160W,81
4380,YPL161C,550
4381,YPL162C,243
4382,YPL163C,11
4383,YPL164C,250
4384,YPL165C,89
4385,YPL167C,264
4386,YPL168W,504
4387,YPL169C,392
4388,YPL170W,134
4389,YPL171C,110
4390,YPL172C,356
4391,YPL174C,561
4392,YPL175W,44
4393,YPL176C,437
4394,YPL177C,250
4395,YPL178W,415
4396,YPL179W,391
4397,YPL180W,242
4398,YPL181W,583
4399,YPL182C,576
4400,YPL185W,12
4401,YPL186C,515
4402,YPL187W,128
4403,YPL188W,339
4404,YPL189C-A,152
4405,YPL189W,496
4406,YPL190C,387
4407,YPL191C,426
4408,YPL192C,155
4409,YPL193W,268
4410,YPL194W,370
4411,YPL195W,539
4412,YPL196W,287
4413,YPL197C,593
4414,YPL198W,114
4415,YPL199C,288
4416,YPL200W,236
4417,YPL201C,481
4418,YPL202C,385
4419,YPL203W,455
4420,YPL204W,540
4421,YPL205C,366
4422,YPL206C,243
4423,YPL207W,149
4424,YPL208W,23
4425,YPL209C,333
4426,YPL210C,539
4427,YPL213W,316
4428,YPL214C,415
4429,YPL215W,188
4430,YPL217C,426
4431,YPL218W,15
4432,YPL221W,310
4433,YPL222C-A,264
4434,YPL222W,313
4435,YPL223C,122
4436,YPL225W,188
4437,YPL226W,321
4438,YPL227C,551
4439,YPL228W,244
4440,YPL229W,540
4441,YPL230W,231
4442,YPL231W,118
4443,YPL233W,391
4444,YPL234C,538
4445,YPL237W,425
4446,YPL238C,521
4447,YPL240C,138
4448,YPL241C,211
4449,YPL242C,383
4450,YPL243W,253
4451,YPL244C,234
4452,YPL245W,94
4453,YPL246C,200
4454,YPL247C,272
4455,YPL249C,413
4456,YPL250C,155
4457,YPL251W,365
4458,YPL252C,285
4459,YPL253C,304
4460,YPL254W,410
4461,YPL256C,257
4462,YPL257W,443
4463,YPL258C,502
4464,YPL259C,426
4465,YPL260W,480
4466,YPL262W,237
4467,YPL263C,600
4468,YPL264C,152
4469,YPL265W,183
4470,YPL267W,480
4471,YPL268W,496
4472,YPL269W,165
4473,YPL270W,262
4474,YPL271W,329
4475,YPL272C,92
4476,YPL274W,152
4477,YPL277C,460
4478,YPL278C,42
4479,YPL279C,521
4480,YPL280W,465
4481,YPL281C,175
4482,YPL282C,129
4483,YPL283C,517
4484,YPR001W,584
4485,YPR002C-A,560
4486,YPR002W,498
4487,YPR003C,247
4488,YPR004C,554
4489,YPR005C,575
4490,YPR006C,145
4491,YPR007C,507
4492,YPR008W,26
4493,YPR010C-A,9
4494,YPR011C,420
4495,YPR013C,226
4496,YPR015C,199
4497,YPR016C,319
4498,YPR017C,105
4499,YPR018W,459
4500,YPR019W,436
4501,YPR020W,463
4502,YPR021C,443
4503,YPR022C,51
4504,YPR027C,569
4505,YPR029C,513
4506,YPR030W,421
4507,YPR031W,228
4508,YPR032W,67
4509,YPR033C,236
4510,YPR034W,544
4511,YPR035W,206
4512,YPR036W,335
4513,YPR036W-A,153
4514,YPR037C,184
4515,YPR038W,496
4516,YPR040W,88
4517,YPR041W,320
4518,YPR042C,436
4519,YPR043W,73
4520,YPR044C,446
4521,YPR047W,211
4522,YPR048W,201
4523,YPR049C,529
4524,YPR050C,349
4525,YPR051W,282
4526,YPR052C,24
4527,YPR054W,570
4528,YPR055W,519
4529,YPR056W,522
4530,YPR058W,464
4531,YPR059C,108
4532,YPR060C,303
4533,YPR061C,538
4534,YPR062W,369
4535,YPR066W,471
4536,YPR068C,196
4537,YPR069C,233
4538,YPR071W,374
4539,YPR072W,400
4540,YPR073C,290
4541,YPR074C,217
4542,YPR075C,267
4543,YPR078C,565
4544,YPR079W,487
4545,YPR080W,584
4546,YPR081C,498
4547,YPR084W,414
4548,YPR085C,83
4549,YPR086W,113
4550,YPR092W,510
4551,YPR093C,588
4552,YPR094W,407
4553,YPR096C,510
4554,YPR097W,103
4555,YPR099C,157
4556,YPR101W,272
4557,YPR102C,315
4558,YPR103W,289
4559,YPR104C,509
4560,YPR105C,416
4561,YPR106W,81
4562,YPR107C,131
4563,YPR108W,264
4564,YPR108W-A,388
4565,YPR109W,293
4566,YPR110C,267
4567,YPR111W,347
4568,YPR112C,239
4569,YPR113W,212
4570,YPR115W,592
4571,YPR117W,172
4572,YPR118W,218
4573,YPR119W,108
4574,YPR122W,400
4575,YPR123C,392
4576,YPR125W,370
4577,YPR126C,555
4578,YPR127W,148
4579,YPR131C,175
4580,YPR132W,391
4581,YPR133C,51
4582,YPR133W-A,303
4583,YPR134W,500
4584,YPR135W,300
4585,YPR136C,184
4586,YPR137W,329
4587,YPR138C,335
4588,YPR141C,149
4589,YPR143W,256
4590,YPR144C,550
4591,YPR145C-A,558
4592,YPR145W,152
4593,YPR147C,240
4594,YPR149W,319
4595,YPR151C,42
4596,YPR152C,481
4597,YPR154W,100
4598,YPR155C,248
4599,YPR156C,419
4600,YPR159C-A,251
4601,YPR159W,569
4602,YPR160C-A,384
4603,YPR160W,256
4604,YPR160W-A,381
4605,YPR162C,242
4606,YPR164W,474
4607,YPR165W,214
4608,YPR166C,412
4609,YPR167C,425
4610,YPR168W,24
4611,YPR169W,186
4612,YPR169W-A,548
4613,YPR170C,446
4614,YPR170W-B,548
4615,YPR171W,181
4616,YPR172W,93
4617,YPR176C,68
4618,YPR177C,487
4619,YPR178W,195
4620,YPR179C,52
4621,YPR184W,119
4622,YPR185W,492
4623,YPR187W,535
4624,YPR190C,208
4625,YPR191W,141
4626,YPR193C,79
4627,YPR194C,237
4628,YPR195C,48
4629,YPR196W,151
4630,YPR197C,73
4631,YPR198W,253
4632,YPR199C,82
4633,YPR200C,60
4634,YPR201W,66
4635,YPR202W,543
