,id,min(TATA_distFromORF)
0,YAL001C,391
1,YAL002W,37
2,YAL003W,14
3,YAL005C,166
4,YAL008W,63
5,YAL009W,412
6,YAL011W,58
7,YAL012W,35
8,YAL013W,100
9,YAL015C,34
10,YAL016W,361
11,YAL017W,250
12,YAL018C,26
13,YAL021C,224
14,YAL022C,365
15,YAL024C,306
16,YAL025C,341
17,YAL026C,393
18,YAL026C-A,199
19,YAL027W,147
20,YAL028W,570
21,YAL030W,247
22,YAL031C,176
23,YAL032C,264
24,YAL033W,282
25,YAL034C,100
26,YAL034W-A,214
27,YAL037C-A,233
28,YAL037C-B,49
29,YAL037W,59
30,YAL038W,199
31,YAL041W,214
32,YAL042W,56
33,YAL043C,123
34,YAL044C,69
35,YAL044W-A,73
36,YAL045C,114
37,YAL046C,65
38,YAL047C,98
39,YAL048C,187
40,YAL051W,281
41,YAL053W,143
42,YAL054C,137
43,YAL055W,8
44,YAL056W,228
45,YAL058W,29
46,YAL059C-A,357
47,YAL060W,149
48,YAL061W,177
49,YAL062W,51
50,YAL063C,127
51,YAL063C-A,178
52,YAL064W,68
53,YAL066W,426
54,YAL067C,14
55,YAL068C,100
56,YAR002C-A,183
57,YAR003W,101
58,YAR008W,443
59,YAR014C,363
60,YAR015W,127
61,YAR018C,337
62,YAR020C,108
63,YAR023C,361
64,YAR027W,202
65,YAR028W,247
66,YAR030C,376
67,YAR031W,136
68,YAR033W,12
69,YAR035W,89
70,YAR050W,97
71,YAR053W,11
72,YAR064W,145
73,YAR066W,162
74,YAR069C,541
75,YAR070C,479
76,YAR071W,124
77,YAR073W,115
78,YBL002W,141
79,YBL003C,193
80,YBL006W-A,76
81,YBL007C,19
82,YBL008W-A,523
83,YBL011W,47
84,YBL014C,141
85,YBL015W,152
86,YBL016W,89
87,YBL019W,216
88,YBL021C,492
89,YBL022C,274
90,YBL025W,355
91,YBL026W,371
92,YBL028C,35
93,YBL029C-A,113
94,YBL029W,21
95,YBL030C,149
96,YBL031W,60
97,YBL032W,14
98,YBL033C,84
99,YBL034C,152
100,YBL035C,90
101,YBL036C,444
102,YBL037W,119
103,YBL039W-B,89
104,YBL040C,441
105,YBL041W,18
106,YBL042C,13
107,YBL043W,211
108,YBL044W,93
109,YBL045C,14
110,YBL046W,438
111,YBL047C,572
112,YBL048W,414
113,YBL049W,145
114,YBL052C,112
115,YBL053W,75
116,YBL057C,574
117,YBL058W,46
118,YBL059C-A,231
119,YBL059W,557
120,YBL060W,114
121,YBL061C,415
122,YBL062W,24
123,YBL063W,140
124,YBL064C,69
125,YBL066C,100
126,YBL067C,284
127,YBL068W,257
128,YBL068W-A,54
129,YBL069W,111
130,YBL071C,104
131,YBL071W-A,91
132,YBL072C,203
133,YBL074C,517
134,YBL075C,93
135,YBL077W,528
136,YBL078C,265
137,YBL081W,336
138,YBL082C,408
139,YBL084C,248
140,YBL086C,253
141,YBL087C,13
142,YBL088C,260
143,YBL091C-A,75
144,YBL094C,67
145,YBL095W,69
146,YBL097W,8
147,YBL098W,103
148,YBL099W,169
149,YBL100W-C,50
150,YBL101C,322
151,YBL102W,452
152,YBL103C,115
153,YBL104C,15
154,YBL105C,430
155,YBL106C,48
156,YBL107C,127
157,YBL107W-A,9
158,YBL108C-A,336
159,YBL109W,107
160,YBR001C,30
161,YBR006W,127
162,YBR008C,35
163,YBR009C,108
164,YBR010W,14
165,YBR013C,152
166,YBR014C,61
167,YBR015C,157
168,YBR016W,116
169,YBR017C,444
170,YBR018C,86
171,YBR019C,527
172,YBR020W,147
173,YBR021W,99
174,YBR022W,535
175,YBR023C,100
176,YBR024W,335
177,YBR025C,589
178,YBR026C,270
179,YBR028C,122
180,YBR029C,516
181,YBR030W,39
182,YBR031W,102
183,YBR032W,128
184,YBR033W,553
185,YBR034C,91
186,YBR035C,152
187,YBR036C,213
188,YBR037C,237
189,YBR038W,7
190,YBR040W,113
191,YBR041W,119
192,YBR042C,97
193,YBR043C,427
194,YBR044C,428
195,YBR045C,512
196,YBR048W,392
197,YBR049C,369
198,YBR050C,138
199,YBR052C,305
200,YBR053C,355
201,YBR054W,323
202,YBR055C,300
203,YBR056C-B,397
204,YBR056W,34
205,YBR056W-A,109
206,YBR057C,309
207,YBR058C-A,266
208,YBR059C,461
209,YBR060C,136
210,YBR061C,238
211,YBR062C,180
212,YBR063C,404
213,YBR066C,112
214,YBR067C,68
215,YBR068C,130
216,YBR069C,162
217,YBR070C,444
218,YBR071W,38
219,YBR072C-A,514
220,YBR072W,154
221,YBR073W,37
222,YBR074W,280
223,YBR076C-A,108
224,YBR076W,563
225,YBR078W,329
226,YBR079C,226
227,YBR080C,12
228,YBR081C,485
229,YBR083W,106
230,YBR085C-A,112
231,YBR087W,554
232,YBR088C,126
233,YBR089C-A,15
234,YBR089W,209
235,YBR090C,65
236,YBR091C,187
237,YBR092C,96
238,YBR093C,101
239,YBR096W,142
240,YBR097W,204
241,YBR098W,161
242,YBR099C,305
243,YBR101C,315
244,YBR102C,566
245,YBR103C-A,59
246,YBR104W,437
247,YBR105C,137
248,YBR106W,90
249,YBR107C,182
250,YBR108W,88
251,YBR109W-A,66
252,YBR110W,330
253,YBR111C,54
254,YBR111W-A,217
255,YBR113W,387
256,YBR114W,146
257,YBR115C,88
258,YBR117C,141
259,YBR118W,125
260,YBR120C,280
261,YBR121C,177
262,YBR123C,289
263,YBR125C,433
264,YBR126C,176
265,YBR126W-A,98
266,YBR126W-B,175
267,YBR127C,231
268,YBR128C,244
269,YBR129C,228
270,YBR132C,245
271,YBR133C,23
272,YBR135W,200
273,YBR136W,153
274,YBR138C,260
275,YBR139W,26
276,YBR140C,100
277,YBR143C,329
278,YBR144C,79
279,YBR145W,121
280,YBR146W,175
281,YBR147W,90
282,YBR148W,29
283,YBR149W,123
284,YBR150C,367
285,YBR151W,304
286,YBR152W,311
287,YBR153W,215
288,YBR154C,153
289,YBR155W,446
290,YBR156C,258
291,YBR157C,140
292,YBR158W,337
293,YBR159W,466
294,YBR160W,243
295,YBR161W,94
296,YBR162C,309
297,YBR162W-A,438
298,YBR163W,277
299,YBR164C,181
300,YBR165W,134
301,YBR166C,403
302,YBR167C,543
303,YBR169C,84
304,YBR170C,371
305,YBR172C,31
306,YBR174C,552
307,YBR176W,102
308,YBR177C,348
309,YBR179C,309
310,YBR181C,412
311,YBR182C,175
312,YBR182C-A,109
313,YBR183W,100
314,YBR184W,283
315,YBR185C,343
316,YBR186W,130
317,YBR187W,62
318,YBR190W,89
319,YBR191W,80
320,YBR191W-A,518
321,YBR192W,151
322,YBR193C,114
323,YBR194W,18
324,YBR195C,21
325,YBR196C,259
326,YBR197C,412
327,YBR200W,477
328,YBR200W-A,268
329,YBR201C-A,36
330,YBR203W,73
331,YBR207W,100
332,YBR208C,65
333,YBR209W,172
334,YBR210W,249
335,YBR212W,353
336,YBR213W,97
337,YBR214W,44
338,YBR215W,212
339,YBR217W,326
340,YBR219C,514
341,YBR220C,281
342,YBR221C,413
343,YBR222C,110
344,YBR223C,76
345,YBR223W-A,263
346,YBR225W,23
347,YBR227C,84
348,YBR228W,374
349,YBR229C,274
350,YBR230C,99
351,YBR230W-A,216
352,YBR233W-A,205
353,YBR238C,145
354,YBR239C,33
355,YBR240C,22
356,YBR241C,297
357,YBR242W,183
358,YBR243C,77
359,YBR244W,110
360,YBR246W,7
361,YBR247C,312
362,YBR249C,46
363,YBR250W,522
364,YBR252W,101
365,YBR253W,208
366,YBR255C-A,588
367,YBR256C,65
368,YBR257W,592
369,YBR258C,149
370,YBR259W,116
371,YBR260C,104
372,YBR261C,149
373,YBR263W,153
374,YBR266C,23
375,YBR267W,202
376,YBR268W,240
377,YBR269C,83
378,YBR271W,556
379,YBR272C,83
380,YBR274W,467
381,YBR275C,63
382,YBR276C,23
383,YBR279W,14
384,YBR280C,20
385,YBR285W,93
386,YBR286W,99
387,YBR287W,114
388,YBR290W,77
389,YBR291C,20
390,YBR293W,383
391,YBR294W,94
392,YBR295W,77
393,YBR296C,22
394,YBR296C-A,448
395,YBR298C,94
396,YBR299W,109
397,YBR301W,101
398,YBR302C,71
399,YCL001W,94
400,YCL001W-A,408
401,YCL004W,201
402,YCL005W,18
403,YCL005W-A,245
404,YCL007C,194
405,YCL008C,125
406,YCL009C,49
407,YCL010C,219
408,YCL011C,467
409,YCL012C,71
410,YCL014W,249
411,YCL017C,240
412,YCL018W,27
413,YCL022C,248
414,YCL023C,358
415,YCL024W,387
416,YCL025C,43
417,YCL026C-A,47
418,YCL026C-B,24
419,YCL027W,387
420,YCL030C,123
421,YCL031C,310
422,YCL034W,105
423,YCL035C,34
424,YCL038C,524
425,YCL039W,209
426,YCL040W,104
427,YCL042W,246
428,YCL043C,106
429,YCL044C,255
430,YCL045C,71
431,YCL047C,79
432,YCL048W,136
433,YCL048W-A,153
434,YCL049C,95
435,YCL054W,273
436,YCL054W-A,76
437,YCL055W,34
438,YCL057C-A,205
439,YCL057W,197
440,YCL058C,30
441,YCL059C,577
442,YCL061C,282
443,YCL063W,352
444,YCL064C,92
445,YCL065W,215
446,YCL066W,32
447,YCL067C,65
448,YCL068C,55
449,YCL069W,461
450,YCL073C,163
451,YCR001W,135
452,YCR002C,13
453,YCR004C,271
454,YCR005C,135
455,YCR007C,60
456,YCR008W,493
457,YCR009C,44
458,YCR010C,16
459,YCR012W,9
460,YCR013C,53
461,YCR014C,254
462,YCR015C,214
463,YCR016W,223
464,YCR017C,235
465,YCR019W,69
466,YCR020C,103
467,YCR020C-A,594
468,YCR020W-B,561
469,YCR021C,195
470,YCR022C,491
471,YCR023C,10
472,YCR024C-A,302
473,YCR024C-B,504
474,YCR026C,117
475,YCR027C,600
476,YCR028C,78
477,YCR030C,248
478,YCR031C,77
479,YCR034W,296
480,YCR035C,86
481,YCR036W,198
482,YCR037C,500
483,YCR039C,65
484,YCR040W,32
485,YCR041W,215
486,YCR042C,548
487,YCR043C,194
488,YCR045C,247
489,YCR046C,179
490,YCR048W,426
491,YCR050C,103
492,YCR051W,175
493,YCR054C,44
494,YCR059C,52
495,YCR060W,94
496,YCR061W,287
497,YCR063W,417
498,YCR068W,199
499,YCR071C,219
500,YCR072C,201
501,YCR073C,28
502,YCR075C,373
503,YCR075W-A,68
504,YCR076C,84
505,YCR081C-A,570
506,YCR081W,120
507,YCR082W,102
508,YCR083W,69
509,YCR084C,479
510,YCR086W,283
511,YCR087C-A,577
512,YCR087W,233
513,YCR088W,29
514,YCR089W,122
515,YCR090C,365
516,YCR094W,302
517,YCR095C,424
518,YCR095W-A,429
519,YCR096C,399
520,YCR097W,70
521,YCR098C,137
522,YCR099C,229
523,YCR101C,390
524,YCR102C,81
525,YCR104W,101
526,YCR105W,93
527,YCR107W,232
528,YDL001W,336
529,YDL002C,75
530,YDL003W,177
531,YDL004W,309
532,YDL005C,502
533,YDL006W,513
534,YDL008W,9
535,YDL009C,13
536,YDL010W,18
537,YDL011C,440
538,YDL012C,81
539,YDL013W,531
540,YDL014W,111
541,YDL015C,324
542,YDL017W,405
543,YDL018C,299
544,YDL019C,140
545,YDL020C,189
546,YDL021W,25
547,YDL022W,7
548,YDL024C,79
549,YDL025W-A,112
550,YDL026W,118
551,YDL027C,79
552,YDL028C,68
553,YDL029W,12
554,YDL030W,304
555,YDL031W,476
556,YDL032W,306
557,YDL034W,533
558,YDL035C,88
559,YDL036C,182
560,YDL040C,304
561,YDL041W,584
562,YDL042C,384
563,YDL044C,332
564,YDL045C,125
565,YDL045W-A,95
566,YDL046W,96
567,YDL048C,155
568,YDL049C,65
569,YDL053C,228
570,YDL055C,14
571,YDL057W,309
572,YDL060W,241
573,YDL061C,8
574,YDL065C,82
575,YDL066W,83
576,YDL068W,469
577,YDL069C,161
578,YDL070W,97
579,YDL072C,115
580,YDL073W,46
581,YDL074C,219
582,YDL077C,409
583,YDL078C,132
584,YDL081C,125
585,YDL082W,582
586,YDL084W,379
587,YDL085C-A,193
588,YDL085W,106
589,YDL086C-A,305
590,YDL086W,67
591,YDL087C,352
592,YDL089W,167
593,YDL090C,327
594,YDL091C,263
595,YDL092W,408
596,YDL093W,562
597,YDL097C,17
598,YDL098C,162
599,YDL102W,19
600,YDL103C,32
601,YDL104C,204
602,YDL107W,164
603,YDL108W,213
604,YDL109C,542
605,YDL110C,49
606,YDL111C,331
607,YDL112W,103
608,YDL113C,262
609,YDL115C,58
610,YDL116W,235
611,YDL118W,8
612,YDL122W,257
613,YDL123W,88
614,YDL124W,105
615,YDL125C,545
616,YDL126C,10
617,YDL127W,80
618,YDL128W,66
619,YDL129W,90
620,YDL130W,350
621,YDL130W-A,182
622,YDL131W,116
623,YDL132W,553
624,YDL133C-A,158
625,YDL133W,113
626,YDL134C,37
627,YDL135C,118
628,YDL138W,35
629,YDL139C,57
630,YDL140C,12
631,YDL141W,100
632,YDL142C,68
633,YDL143W,181
634,YDL145C,152
635,YDL146W,380
636,YDL149W,293
637,YDL150W,272
638,YDL153C,56
639,YDL159C-B,107
640,YDL160C-A,217
641,YDL162C,297
642,YDL163W,22
643,YDL165W,183
644,YDL166C,7
645,YDL167C,217
646,YDL168W,119
647,YDL169C,332
648,YDL171C,381
649,YDL173W,490
650,YDL174C,115
651,YDL175C,172
652,YDL178W,111
653,YDL180W,381
654,YDL182W,121
655,YDL184C,89
656,YDL185C-A,324
657,YDL185W,79
658,YDL186W,416
659,YDL188C,205
660,YDL189W,29
661,YDL190C,600
662,YDL191W,583
663,YDL192W,424
664,YDL193W,32
665,YDL194W,87
666,YDL195W,480
667,YDL196W,13
668,YDL198C,90
669,YDL199C,249
670,YDL200C,188
671,YDL201W,307
672,YDL202W,8
673,YDL203C,144
674,YDL204W,96
675,YDL205C,213
676,YDL206W,298
677,YDL207W,62
678,YDL210W,71
679,YDL212W,103
680,YDL213C,297
681,YDL215C,127
682,YDL216C,300
683,YDL217C,133
684,YDL218W,120
685,YDL222C,191
686,YDL223C,123
687,YDL228C,10
688,YDL229W,110
689,YDL230W,317
690,YDL231C,246
691,YDL232W,178
692,YDL233W,167
693,YDL234C,99
694,YDL236W,429
695,YDL238C,100
696,YDL241W,79
697,YDL243C,275
698,YDL244W,42
699,YDL245C,116
700,YDL246C,114
701,YDL247W,138
702,YDL247W-A,257
703,YDL248W,71
704,YDR001C,279
705,YDR002W,12
706,YDR003W,105
707,YDR004W,163
708,YDR005C,162
709,YDR006C,337
710,YDR007W,263
711,YDR008C,222
712,YDR009W,138
713,YDR010C,191
714,YDR011W,310
715,YDR012W,256
716,YDR013W,27
717,YDR014W,234
718,YDR014W-A,202
719,YDR015C,194
720,YDR016C,221
721,YDR017C,23
722,YDR019C,88
723,YDR021W,63
724,YDR023W,49
725,YDR024W,32
726,YDR025W,530
727,YDR026C,385
728,YDR027C,165
729,YDR028C,53
730,YDR031W,56
731,YDR032C,8
732,YDR033W,430
733,YDR034W-B,140
734,YDR036C,36
735,YDR037W,109
736,YDR038C,514
737,YDR039C,514
738,YDR040C,280
739,YDR042C,139
740,YDR043C,274
741,YDR044W,161
742,YDR045C,55
743,YDR047W,268
744,YDR048C,477
745,YDR050C,170
746,YDR051C,247
747,YDR052C,392
748,YDR053W,423
749,YDR055W,12
750,YDR056C,87
751,YDR057W,205
752,YDR058C,453
753,YDR059C,126
754,YDR060W,51
755,YDR061W,102
756,YDR063W,224
757,YDR065W,159
758,YDR066C,455
759,YDR067C,70
760,YDR068W,297
761,YDR069C,266
762,YDR070C,28
763,YDR072C,210
764,YDR073W,169
765,YDR075W,395
766,YDR076W,16
767,YDR077W,131
768,YDR079C-A,143
769,YDR079W,359
770,YDR080W,59
771,YDR083W,43
772,YDR084C,226
773,YDR085C,119
774,YDR086C,258
775,YDR087C,70
776,YDR088C,269
777,YDR090C,51
778,YDR092W,513
779,YDR094W,436
780,YDR097C,433
781,YDR098C,51
782,YDR100W,395
783,YDR101C,409
784,YDR103W,309
785,YDR106W,175
786,YDR109C,201
787,YDR110W,239
788,YDR113C,362
789,YDR114C,421
790,YDR115W,183
791,YDR116C,354
792,YDR118W-A,278
793,YDR119W,98
794,YDR119W-A,144
795,YDR120C,299
796,YDR121W,510
797,YDR124W,53
798,YDR125C,56
799,YDR126W,85
800,YDR127W,51
801,YDR129C,100
802,YDR130C,129
803,YDR132C,8
804,YDR133C,327
805,YDR135C,124
806,YDR137W,434
807,YDR140W,72
808,YDR141C,85
809,YDR142C,328
810,YDR143C,98
811,YDR144C,545
812,YDR145W,14
813,YDR146C,126
814,YDR148C,62
815,YDR150W,386
816,YDR151C,337
817,YDR152W,168
818,YDR153C,73
819,YDR154C,389
820,YDR155C,142
821,YDR158W,78
822,YDR160W,38
823,YDR163W,499
824,YDR168W,232
825,YDR169C,308
826,YDR170C,152
827,YDR171W,74
828,YDR173C,137
829,YDR174W,337
830,YDR177W,34
831,YDR178W,172
832,YDR179C,208
833,YDR179W-A,34
834,YDR182W-A,12
835,YDR183W,422
836,YDR184C,241
837,YDR185C,12
838,YDR189W,193
839,YDR192C,313
840,YDR194C,83
841,YDR195W,148
842,YDR198C,224
843,YDR199W,260
844,YDR201W,110
845,YDR202C,91
846,YDR204W,100
847,YDR205W,133
848,YDR206W,62
849,YDR207C,405
850,YDR209C,185
851,YDR210W,84
852,YDR211W,64
853,YDR212W,247
854,YDR213W,271
855,YDR214W,193
856,YDR215C,193
857,YDR216W,29
858,YDR217C,179
859,YDR218C,57
860,YDR219C,258
861,YDR220C,378
862,YDR222W,113
863,YDR223W,378
864,YDR224C,43
865,YDR225W,13
866,YDR226W,116
867,YDR227W,319
868,YDR228C,418
869,YDR229W,83
870,YDR230W,49
871,YDR231C,7
872,YDR232W,96
873,YDR233C,21
874,YDR234W,125
875,YDR239C,231
876,YDR240C,74
877,YDR241W,277
878,YDR242W,101
879,YDR243C,170
880,YDR244W,32
881,YDR245W,132
882,YDR246W,190
883,YDR247W,424
884,YDR248C,128
885,YDR249C,230
886,YDR253C,23
887,YDR254W,233
888,YDR256C,130
889,YDR257C,288
890,YDR258C,92
891,YDR260C,226
892,YDR261C,93
893,YDR262W,22
894,YDR263C,273
895,YDR264C,100
896,YDR265W,446
897,YDR266C,333
898,YDR268W,191
899,YDR270W,164
900,YDR274C,218
901,YDR276C,146
902,YDR277C,240
903,YDR278C,310
904,YDR279W,305
905,YDR280W,152
906,YDR281C,138
907,YDR282C,83
908,YDR283C,215
909,YDR284C,109
910,YDR288W,275
911,YDR289C,107
912,YDR291W,57
913,YDR292C,332
914,YDR294C,107
915,YDR295C,237
916,YDR296W,282
917,YDR297W,130
918,YDR298C,373
919,YDR299W,91
920,YDR302W,266
921,YDR303C,451
922,YDR304C,159
923,YDR308C,279
924,YDR309C,125
925,YDR310C,289
926,YDR312W,584
927,YDR313C,295
928,YDR317W,52
929,YDR318W,484
930,YDR319C,211
931,YDR320C,141
932,YDR320C-A,561
933,YDR320W-B,221
934,YDR321W,439
935,YDR322C-A,30
936,YDR322W,200
937,YDR323C,205
938,YDR326C,35
939,YDR327W,14
940,YDR328C,39
941,YDR329C,277
942,YDR331W,44
943,YDR332W,130
944,YDR333C,149
945,YDR336W,236
946,YDR337W,268
947,YDR338C,29
948,YDR339C,202
949,YDR340W,162
950,YDR341C,474
951,YDR342C,167
952,YDR343C,167
953,YDR344C,411
954,YDR345C,111
955,YDR346C,137
956,YDR347W,383
957,YDR348C,460
958,YDR349C,394
959,YDR350C,153
960,YDR351W,344
961,YDR352W,26
962,YDR354C-A,214
963,YDR354W,475
964,YDR356W,242
965,YDR357C,336
966,YDR358W,80
967,YDR359C,53
968,YDR360W,544
969,YDR363W-A,286
970,YDR364C,230
971,YDR365C,513
972,YDR366C,380
973,YDR367W,186
974,YDR369C,9
975,YDR370C,377
976,YDR371C-A,21
977,YDR371W,223
978,YDR372C,540
979,YDR373W,462
980,YDR374C,158
981,YDR374W-A,170
982,YDR375C,373
983,YDR376W,220
984,YDR377W,108
985,YDR380W,106
986,YDR381C-A,72
987,YDR381W,201
988,YDR382W,34
989,YDR383C,109
990,YDR384C,80
991,YDR385W,95
992,YDR387C,124
993,YDR388W,246
994,YDR389W,575
995,YDR391C,84
996,YDR392W,559
997,YDR393W,82
998,YDR394W,24
999,YDR396W,64
1000,YDR397C,141
1001,YDR398W,67
1002,YDR399W,598
1003,YDR401W,15
1004,YDR403W,114
1005,YDR404C,23
1006,YDR406W,50
1007,YDR407C,135
1008,YDR408C,129
1009,YDR409W,423
1010,YDR410C,83
1011,YDR412W,578
1012,YDR413C,70
1013,YDR414C,42
1014,YDR415C,507
1015,YDR417C,198
1016,YDR419W,106
1017,YDR420W,7
1018,YDR421W,247
1019,YDR422C,21
1020,YDR423C,372
1021,YDR424C,179
1022,YDR425W,420
1023,YDR427W,205
1024,YDR428C,190
1025,YDR429C,198
1026,YDR430C,22
1027,YDR432W,56
1028,YDR434W,163
1029,YDR435C,591
1030,YDR436W,266
1031,YDR437W,14
1032,YDR438W,84
1033,YDR439W,206
1034,YDR441C,134
1035,YDR442W,82
1036,YDR444W,36
1037,YDR445C,247
1038,YDR446W,72
1039,YDR447C,340
1040,YDR448W,21
1041,YDR449C,416
1042,YDR451C,8
1043,YDR452W,77
1044,YDR453C,593
1045,YDR454C,288
1046,YDR457W,9
1047,YDR458C,155
1048,YDR461W,89
1049,YDR462W,584
1050,YDR463W,94
1051,YDR464C-A,553
1052,YDR464W,360
1053,YDR465C,193
1054,YDR466W,359
1055,YDR467C,63
1056,YDR470C,455
1057,YDR472W,220
1058,YDR475C,202
1059,YDR476C,75
1060,YDR477W,89
1061,YDR478W,215
1062,YDR479C,13
1063,YDR480W,228
1064,YDR481C,122
1065,YDR482C,255
1066,YDR485C,584
1067,YDR486C,21
1068,YDR487C,88
1069,YDR490C,202
1070,YDR491C,188
1071,YDR492W,220
1072,YDR493W,17
1073,YDR494W,260
1074,YDR495C,196
1075,YDR496C,180
1076,YDR497C,169
1077,YDR500C,13
1078,YDR501W,103
1079,YDR502C,15
1080,YDR503C,266
1081,YDR505C,115
1082,YDR506C,313
1083,YDR508C,25
1084,YDR509W,404
1085,YDR511W,215
1086,YDR512C,430
1087,YDR513W,13
1088,YDR514C,35
1089,YDR515W,400
1090,YDR516C,145
1091,YDR518W,206
1092,YDR519W,248
1093,YDR520C,342
1094,YDR522C,11
1095,YDR523C,273
1096,YDR524C,308
1097,YDR524C-B,146
1098,YDR524W-C,425
1099,YDR525W,490
1100,YDR528W,259
1101,YDR529C,216
1102,YDR530C,431
1103,YDR532C,91
1104,YDR533C,117
1105,YDR534C,467
1106,YDR535C,537
1107,YDR536W,109
1108,YDR537C,56
1109,YDR539W,11
1110,YDR540C,148
1111,YDR541C,93
1112,YDR542W,100
1113,YDR543C,47
1114,YDR544C,107
1115,YEL001C,275
1116,YEL002C,68
1117,YEL003W,188
1118,YEL004W,145
1119,YEL005C,54
1120,YEL006W,104
1121,YEL008W,167
1122,YEL009C,576
1123,YEL009C-A,234
1124,YEL010W,77
1125,YEL011W,23
1126,YEL012W,414
1127,YEL013W,17
1128,YEL014C,106
1129,YEL015W,547
1130,YEL017C-A,9
1131,YEL017W,65
1132,YEL018C-A,378
1133,YEL018W,149
1134,YEL019C,26
1135,YEL020C,87
1136,YEL020C-B,112
1137,YEL020W-A,90
1138,YEL021W,96
1139,YEL022W,220
1140,YEL023C,35
1141,YEL026W,19
1142,YEL027W,10
1143,YEL028W,255
1144,YEL030W,501
1145,YEL033W,511
1146,YEL034C-A,123
1147,YEL034W,8
1148,YEL035C,128
1149,YEL038W,328
1150,YEL039C,82
1151,YEL040W,13
1152,YEL041W,128
1153,YEL042W,153
1154,YEL046C,194
1155,YEL047C,86
1156,YEL048C,175
1157,YEL049W,95
1158,YEL050C,293
1159,YEL053W-A,392
1160,YEL054C,9
1161,YEL057C,163
1162,YEL059C-A,378
1163,YEL059W,273
1164,YEL060C,120
1165,YEL061C,42
1166,YEL063C,125
1167,YEL064C,16
1168,YEL065W,98
1169,YEL066W,24
1170,YEL067C,297
1171,YEL068C,93
1172,YEL069C,118
1173,YEL070W,142
1174,YEL071W,12
1175,YEL073C,71
1176,YEL074W,341
1177,YER001W,130
1178,YER002W,293
1179,YER003C,73
1180,YER004W,21
1181,YER005W,57
1182,YER006C-A,168
1183,YER006W,223
1184,YER007C-A,41
1185,YER007W,31
1186,YER008C,296
1187,YER010C,327
1188,YER011W,128
1189,YER014C-A,66
1190,YER015W,86
1191,YER016W,370
1192,YER017C,97
1193,YER019C-A,468
1194,YER020W,76
1195,YER022W,203
1196,YER023C-A,376
1197,YER023W,143
1198,YER024W,87
1199,YER025W,228
1200,YER026C,13
1201,YER028C,229
1202,YER035W,136
1203,YER036C,132
1204,YER037W,82
1205,YER038C,72
1206,YER038W-A,33
1207,YER039C-A,528
1208,YER040W,599
1209,YER041W,597
1210,YER042W,68
1211,YER043C,394
1212,YER044C,149
1213,YER044C-A,108
1214,YER045C,332
1215,YER047C,306
1216,YER049W,146
1217,YER052C,154
1218,YER053C,130
1219,YER053C-A,136
1220,YER054C,243
1221,YER055C,160
1222,YER056C,39
1223,YER056C-A,333
1224,YER057C,327
1225,YER058W,291
1226,YER059W,483
1227,YER060W,19
1228,YER060W-A,96
1229,YER061C,206
1230,YER062C,166
1231,YER063W,227
1232,YER064C,169
1233,YER065C,144
1234,YER066W,258
1235,YER067C-A,475
1236,YER067W,38
1237,YER068W,17
1238,YER069W,153
1239,YER070W,131
1240,YER072W,122
1241,YER073W,87
1242,YER074W,390
1243,YER074W-A,78
1244,YER076C,84
1245,YER077C,179
1246,YER078C,132
1247,YER078W-A,177
1248,YER079W,80
1249,YER080W,251
1250,YER081W,29
1251,YER082C,242
1252,YER083C,482
1253,YER084W,533
1254,YER084W-A,90
1255,YER087C-A,59
1256,YER087C-B,230
1257,YER087W,352
1258,YER088W-B,8
1259,YER089C,30
1260,YER090C-A,390
1261,YER090W,355
1262,YER091C,165
1263,YER092W,17
1264,YER093C,191
1265,YER093C-A,204
1266,YER096W,188
1267,YER097W,12
1268,YER098W,338
1269,YER101C,99
1270,YER103W,136
1271,YER104W,99
1272,YER105C,84
1273,YER107C,161
1274,YER110C,522
1275,YER113C,29
1276,YER114C,7
1277,YER115C,260
1278,YER116C,48
1279,YER117W,82
1280,YER118C,238
1281,YER119C,74
1282,YER120W,205
1283,YER121W,465
1284,YER122C,95
1285,YER123W,369
1286,YER124C,146
1287,YER126C,16
1288,YER127W,291
1289,YER128W,8
1290,YER130C,157
1291,YER131W,308
1292,YER133W-A,19
1293,YER134C,304
1294,YER137W-A,336
1295,YER138W-A,9
1296,YER139C,282
1297,YER140W,45
1298,YER141W,43
1299,YER142C,203
1300,YER143W,83
1301,YER144C,205
1302,YER145C,98
1303,YER145C-A,72
1304,YER147C-A,539
1305,YER148W,263
1306,YER148W-A,9
1307,YER150W,117
1308,YER151C,222
1309,YER158C,184
1310,YER158W-A,7
1311,YER159C,125
1312,YER161C,208
1313,YER162C,127
1314,YER163C,21
1315,YER164W,439
1316,YER165W,509
1317,YER168C,356
1318,YER170W,54
1319,YER171W,126
1320,YER172C,105
1321,YER172C-A,313
1322,YER174C,587
1323,YER175C,204
1324,YER176W,313
1325,YER177W,489
1326,YER178W,293
1327,YER179W,116
1328,YER182W,56
1329,YER183C,104
1330,YER184C,421
1331,YER185W,126
1332,YER186C,470
1333,YER188C-A,575
1334,YER188W,61
1335,YFL003C,59
1336,YFL004W,85
1337,YFL005W,21
1338,YFL007W,324
1339,YFL010C,191
1340,YFL011W,147
1341,YFL012W,9
1342,YFL013C,224
1343,YFL013W-A,83
1344,YFL014W,75
1345,YFL015C,221
1346,YFL015W-A,269
1347,YFL017W-A,275
1348,YFL018C,61
1349,YFL019C,208
1350,YFL020C,108
1351,YFL021C-A,145
1352,YFL021W,37
1353,YFL022C,49
1354,YFL024C,43
1355,YFL025C,263
1356,YFL026W,354
1357,YFL028C,147
1358,YFL029C,104
1359,YFL030W,68
1360,YFL031C-A,380
1361,YFL031W,178
1362,YFL032W,257
1363,YFL033C,171
1364,YFL034C-A,212
1365,YFL034C-B,224
1366,YFL039C,205
1367,YFL040W,211
1368,YFL041W,86
1369,YFL041W-A,146
1370,YFL044C,138
1371,YFL046W,219
1372,YFL049W,60
1373,YFL050C,46
1374,YFL051C,86
1375,YFL053W,106
1376,YFL054C,64
1377,YFL055W,27
1378,YFL058W,40
1379,YFL059W,101
1380,YFL060C,296
1381,YFL061W,92
1382,YFL062W,71
1383,YFL063W,389
1384,YFR001W,277
1385,YFR002W,250
1386,YFR003C,108
1387,YFR006W,271
1388,YFR007W,47
1389,YFR008W,155
1390,YFR009W,96
1391,YFR010W,44
1392,YFR010W-A,36
1393,YFR011C,130
1394,YFR012W,158
1395,YFR013W,453
1396,YFR014C,45
1397,YFR015C,92
1398,YFR016C,546
1399,YFR017C,143
1400,YFR018C,309
1401,YFR021W,331
1402,YFR022W,89
1403,YFR023W,509
1404,YFR024C-A,80
1405,YFR026C,373
1406,YFR027W,18
1407,YFR028C,18
1408,YFR029W,205
1409,YFR030W,130
1410,YFR032C,85
1411,YFR032C-A,244
1412,YFR034C,86
1413,YFR035C,114
1414,YFR036W,60
1415,YFR036W-A,8
1416,YFR043C,26
1417,YFR047C,266
1418,YFR050C,212
1419,YFR051C,460
1420,YFR053C,192
1421,YFR054C,109
1422,YFR055W,36
1423,YFR057W,560
1424,YGL001C,87
1425,YGL004C,288
1426,YGL006W,98
1427,YGL006W-A,156
1428,YGL007W,262
1429,YGL008C,337
1430,YGL009C,65
1431,YGL010W,15
1432,YGL011C,242
1433,YGL012W,113
1434,YGL013C,449
1435,YGL014C-A,543
1436,YGL015C,193
1437,YGL016W,63
1438,YGL018C,448
1439,YGL020C,96
1440,YGL021W,182
1441,YGL023C,559
1442,YGL025C,137
1443,YGL028C,180
1444,YGL029W,362
1445,YGL031C,259
1446,YGL032C,134
1447,YGL033W,367
1448,YGL036W,181
1449,YGL037C,131
1450,YGL038C,420
1451,YGL040C,159
1452,YGL041W-A,230
1453,YGL043W,174
1454,YGL044C,83
1455,YGL050W,528
1456,YGL051W,12
1457,YGL052W,20
1458,YGL053W,469
1459,YGL054C,539
1460,YGL055W,30
1461,YGL056C,133
1462,YGL057C,46
1463,YGL058W,199
1464,YGL059W,260
1465,YGL062W,110
1466,YGL063C-A,432
1467,YGL063W,132
1468,YGL064C,315
1469,YGL065C,152
1470,YGL066W,161
1471,YGL067W,272
1472,YGL069C,284
1473,YGL075C,186
1474,YGL076C,39
1475,YGL077C,159
1476,YGL078C,16
1477,YGL080W,39
1478,YGL081W,250
1479,YGL083W,280
1480,YGL084C,70
1481,YGL085W,54
1482,YGL086W,485
1483,YGL088W,558
1484,YGL089C,64
1485,YGL090W,176
1486,YGL091C,22
1487,YGL092W,567
1488,YGL093W,209
1489,YGL094C,217
1490,YGL095C,112
1491,YGL096W,160
1492,YGL097W,14
1493,YGL098W,74
1494,YGL099W,322
1495,YGL100W,69
1496,YGL101W,77
1497,YGL102C,37
1498,YGL103W,410
1499,YGL104C,389
1500,YGL105W,212
1501,YGL108C,84
1502,YGL109W,81
1503,YGL110C,87
1504,YGL111W,494
1505,YGL113W,201
1506,YGL114W,428
1507,YGL115W,324
1508,YGL116W,63
1509,YGL117W,131
1510,YGL119W,180
1511,YGL120C,40
1512,YGL121C,309
1513,YGL122C,193
1514,YGL123C-A,553
1515,YGL123W,90
1516,YGL125W,170
1517,YGL127C,567
1518,YGL128C,136
1519,YGL129C,81
1520,YGL130W,172
1521,YGL131C,119
1522,YGL132W,78
1523,YGL133W,55
1524,YGL134W,59
1525,YGL136C,83
1526,YGL137W,274
1527,YGL143C,358
1528,YGL145W,127
1529,YGL146C,346
1530,YGL147C,569
1531,YGL150C,21
1532,YGL156W,313
1533,YGL157W,61
1534,YGL158W,28
1535,YGL159W,366
1536,YGL160W,572
1537,YGL162W,55
1538,YGL163C,20
1539,YGL164C,310
1540,YGL165C,101
1541,YGL166W,557
1542,YGL168W,23
1543,YGL169W,406
1544,YGL170C,104
1545,YGL171W,252
1546,YGL172W,144
1547,YGL173C,16
1548,YGL177W,240
1549,YGL178W,33
1550,YGL179C,24
1551,YGL180W,184
1552,YGL181W,60
1553,YGL182C,298
1554,YGL183C,90
1555,YGL184C,99
1556,YGL185C,79
1557,YGL186C,80
1558,YGL187C,485
1559,YGL190C,89
1560,YGL191W,25
1561,YGL192W,180
1562,YGL194C,67
1563,YGL195W,287
1564,YGL196W,138
1565,YGL197W,73
1566,YGL199C,255
1567,YGL202W,119
1568,YGL204C,116
1569,YGL205W,164
1570,YGL206C,33
1571,YGL207W,292
1572,YGL209W,179
1573,YGL210W,198
1574,YGL213C,91
1575,YGL214W,173
1576,YGL215W,7
1577,YGL218W,214
1578,YGL219C,141
1579,YGL220W,11
1580,YGL221C,70
1581,YGL222C,220
1582,YGL224C,140
1583,YGL225W,113
1584,YGL226C-A,503
1585,YGL227W,230
1586,YGL228W,584
1587,YGL229C,438
1588,YGL230C,61
1589,YGL231C,76
1590,YGL232W,48
1591,YGL233W,183
1592,YGL238W,79
1593,YGL240W,77
1594,YGL241W,150
1595,YGL242C,103
1596,YGL243W,90
1597,YGL244W,7
1598,YGL250W,64
1599,YGL251C,103
1600,YGL253W,152
1601,YGL255W,109
1602,YGL256W,126
1603,YGL258W,91
1604,YGL258W-A,118
1605,YGL259W,135
1606,YGL261C,100
1607,YGL263W,330
1608,YGR001C,179
1609,YGR002C,335
1610,YGR003W,52
1611,YGR004W,306
1612,YGR005C,557
1613,YGR007W,556
1614,YGR008C,62
1615,YGR009C,82
1616,YGR011W,223
1617,YGR012W,178
1618,YGR013W,160
1619,YGR014W,348
1620,YGR015C,46
1621,YGR018C,63
1622,YGR019W,125
1623,YGR021W,265
1624,YGR025W,523
1625,YGR026W,38
1626,YGR027C,318
1627,YGR028W,81
1628,YGR029W,126
1629,YGR031C-A,435
1630,YGR031W,526
1631,YGR032W,279
1632,YGR033C,465
1633,YGR034W,383
1634,YGR035C,91
1635,YGR035W-A,55
1636,YGR036C,531
1637,YGR037C,129
1638,YGR038W,290
1639,YGR039W,380
1640,YGR040W,281
1641,YGR041W,394
1642,YGR042W,303
1643,YGR043C,17
1644,YGR046W,417
1645,YGR048W,457
1646,YGR049W,129
1647,YGR050C,52
1648,YGR051C,143
1649,YGR052W,221
1650,YGR053C,356
1651,YGR055W,124
1652,YGR056W,205
1653,YGR057C,385
1654,YGR058W,230
1655,YGR060W,184
1656,YGR061C,564
1657,YGR063C,184
1658,YGR064W,133
1659,YGR065C,81
1660,YGR066C,92
1661,YGR067C,167
1662,YGR070W,41
1663,YGR071C,230
1664,YGR072W,16
1665,YGR073C,426
1666,YGR074W,23
1667,YGR075C,506
1668,YGR078C,24
1669,YGR079W,18
1670,YGR081C,23
1671,YGR083C,86
1672,YGR084C,200
1673,YGR085C,22
1674,YGR086C,8
1675,YGR087C,48
1676,YGR090W,531
1677,YGR091W,14
1678,YGR092W,326
1679,YGR093W,12
1680,YGR094W,229
1681,YGR095C,251
1682,YGR096W,33
1683,YGR098C,13
1684,YGR101W,216
1685,YGR102C,392
1686,YGR104C,150
1687,YGR105W,86
1688,YGR106C,34
1689,YGR108W,322
1690,YGR109C,148
1691,YGR110W,313
1692,YGR111W,476
1693,YGR115C,432
1694,YGR116W,214
1695,YGR117C,125
1696,YGR118W,348
1697,YGR119C,377
1698,YGR120C,540
1699,YGR121C,93
1700,YGR121W-A,328
1701,YGR122C-A,434
1702,YGR122W,334
1703,YGR125W,289
1704,YGR126W,265
1705,YGR128C,374
1706,YGR129W,464
1707,YGR130C,111
1708,YGR131W,134
1709,YGR132C,104
1710,YGR133W,10
1711,YGR134W,178
1712,YGR135W,67
1713,YGR136W,90
1714,YGR137W,550
1715,YGR138C,364
1716,YGR140W,299
1717,YGR141W,475
1718,YGR142W,7
1719,YGR143W,529
1720,YGR144W,113
1721,YGR145W,186
1722,YGR146C,87
1723,YGR146C-A,590
1724,YGR147C,277
1725,YGR148C,62
1726,YGR149W,130
1727,YGR150C,7
1728,YGR151C,294
1729,YGR152C,445
1730,YGR154C,566
1731,YGR155W,112
1732,YGR156W,68
1733,YGR157W,499
1734,YGR161C,97
1735,YGR163W,281
1736,YGR164W,18
1737,YGR165W,241
1738,YGR166W,110
1739,YGR167W,10
1740,YGR168C,65
1741,YGR169C,161
1742,YGR169C-A,376
1743,YGR170W,106
1744,YGR171C,266
1745,YGR173W,96
1746,YGR174C,7
1747,YGR174W-A,246
1748,YGR175C,95
1749,YGR176W,59
1750,YGR177C,548
1751,YGR178C,61
1752,YGR179C,315
1753,YGR180C,310
1754,YGR181W,100
1755,YGR182C,106
1756,YGR183C,385
1757,YGR184C,364
1758,YGR187C,509
1759,YGR188C,68
1760,YGR189C,164
1761,YGR192C,139
1762,YGR193C,260
1763,YGR194C,412
1764,YGR195W,54
1765,YGR196C,211
1766,YGR197C,95
1767,YGR198W,461
1768,YGR199W,145
1769,YGR200C,23
1770,YGR201C,84
1771,YGR202C,204
1772,YGR203W,56
1773,YGR204C-A,98
1774,YGR204W,102
1775,YGR205W,23
1776,YGR206W,116
1777,YGR209C,135
1778,YGR210C,332
1779,YGR211W,56
1780,YGR212W,61
1781,YGR213C,111
1782,YGR215W,150
1783,YGR217W,101
1784,YGR218W,412
1785,YGR220C,245
1786,YGR221C,382
1787,YGR222W,211
1788,YGR223C,377
1789,YGR224W,111
1790,YGR225W,55
1791,YGR226C,90
1792,YGR227W,314
1793,YGR228W,80
1794,YGR229C,99
1795,YGR231C,346
1796,YGR232W,137
1797,YGR233C,382
1798,YGR234W,107
1799,YGR235C,41
1800,YGR236C,132
1801,YGR237C,337
1802,YGR239C,23
1803,YGR240C,34
1804,YGR240C-A,46
1805,YGR241C,571
1806,YGR242W,8
1807,YGR243W,83
1808,YGR244C,172
1809,YGR245C,276
1810,YGR246C,357
1811,YGR247W,342
1812,YGR248W,258
1813,YGR249W,135
1814,YGR250C,263
1815,YGR252W,146
1816,YGR253C,401
1817,YGR254W,146
1818,YGR255C,552
1819,YGR256W,107
1820,YGR257C,277
1821,YGR260W,64
1822,YGR261C,59
1823,YGR262C,173
1824,YGR263C,104
1825,YGR270W,269
1826,YGR271C-A,189
1827,YGR271W,179
1828,YGR276C,168
1829,YGR279C,41
1830,YGR280C,146
1831,YGR281W,11
1832,YGR282C,102
1833,YGR283C,511
1834,YGR284C,238
1835,YGR285C,44
1836,YGR286C,122
1837,YGR287C,280
1838,YGR288W,59
1839,YGR289C,103
1840,YGR292W,109
1841,YGR294W,101
1842,YGR295C,73
1843,YGR296W,517
1844,YHL002C-A,290
1845,YHL002W,158
1846,YHL003C,467
1847,YHL006C,82
1848,YHL008C,384
1849,YHL009C,36
1850,YHL010C,113
1851,YHL011C,196
1852,YHL012W,12
1853,YHL013C,574
1854,YHL014C,32
1855,YHL015W,8
1856,YHL015W-A,338
1857,YHL016C,120
1858,YHL018W,56
1859,YHL019W-A,34
1860,YHL020C,224
1861,YHL021C,118
1862,YHL022C,146
1863,YHL023C,327
1864,YHL024W,83
1865,YHL026C,44
1866,YHL027W,176
1867,YHL028W,146
1868,YHL030W,35
1869,YHL030W-A,235
1870,YHL031C,372
1871,YHL032C,15
1872,YHL033C,95
1873,YHL034C,397
1874,YHL034W-A,79
1875,YHL035C,89
1876,YHL036W,97
1877,YHL038C,355
1878,YHL040C,116
1879,YHL041W,328
1880,YHL042W,186
1881,YHL043W,65
1882,YHL044W,42
1883,YHL046C,109
1884,YHL047C,93
1885,YHL048W,71
1886,YHL049C,576
1887,YHR001W,411
1888,YHR001W-A,92
1889,YHR002W,531
1890,YHR003C,219
1891,YHR004C,77
1892,YHR005C,29
1893,YHR006W,296
1894,YHR007C,157
1895,YHR008C,90
1896,YHR011W,77
1897,YHR016C,434
1898,YHR017W,48
1899,YHR018C,23
1900,YHR019C,392
1901,YHR020W,51
1902,YHR021C,16
1903,YHR021W-A,33
1904,YHR022C,121
1905,YHR026W,285
1906,YHR027C,28
1907,YHR028C,192
1908,YHR028W-A,546
1909,YHR029C,225
1910,YHR030C,112
1911,YHR032C-A,51
1912,YHR033W,100
1913,YHR036W,17
1914,YHR037W,31
1915,YHR039C,91
1916,YHR039C-A,13
1917,YHR041C,211
1918,YHR042W,114
1919,YHR043C,40
1920,YHR044C,144
1921,YHR045W,61
1922,YHR046C,420
1923,YHR047C,554
1924,YHR048W,26
1925,YHR049C-A,535
1926,YHR049W,107
1927,YHR050W,375
1928,YHR052W,13
1929,YHR052W-A,109
1930,YHR053C,69
1931,YHR054C,538
1932,YHR054W-A,109
1933,YHR055C,69
1934,YHR056C,369
1935,YHR057C,115
1936,YHR058C,41
1937,YHR059W,61
1938,YHR060W,154
1939,YHR061C,369
1940,YHR062C,224
1941,YHR063C,273
1942,YHR063W-A,116
1943,YHR064C,76
1944,YHR065C,7
1945,YHR066W,257
1946,YHR067W,178
1947,YHR068W,22
1948,YHR070C-A,38
1949,YHR071C-A,483
1950,YHR071W,333
1951,YHR072W,245
1952,YHR072W-A,83
1953,YHR073C-B,162
1954,YHR073W-A,171
1955,YHR074W,487
1956,YHR075C,253
1957,YHR076W,163
1958,YHR077C,219
1959,YHR078W,390
1960,YHR079C,397
1961,YHR079C-A,239
1962,YHR081W,43
1963,YHR082C,261
1964,YHR083W,181
1965,YHR084W,508
1966,YHR085W,253
1967,YHR086W,366
1968,YHR086W-A,496
1969,YHR088W,127
1970,YHR089C,260
1971,YHR090C,159
1972,YHR091C,208
1973,YHR092C,148
1974,YHR093W,184
1975,YHR094C,44
1976,YHR095W,206
1977,YHR096C,119
1978,YHR100C,61
1979,YHR102W,56
1980,YHR103W,174
1981,YHR104W,36
1982,YHR105W,304
1983,YHR106W,12
1984,YHR109W,171
1985,YHR110W,192
1986,YHR111W,126
1987,YHR112C,35
1988,YHR113W,284
1989,YHR114W,202
1990,YHR117W,45
1991,YHR118C,393
1992,YHR119W,533
1993,YHR120W,46
1994,YHR121W,279
1995,YHR122W,56
1996,YHR123W,390
1997,YHR124W,17
1998,YHR126C,48
1999,YHR127W,383
2000,YHR128W,55
2001,YHR131C,301
2002,YHR132C,30
2003,YHR132W-A,18
2004,YHR135C,162
2005,YHR136C,236
2006,YHR137W,91
2007,YHR139C,113
2008,YHR139C-A,29
2009,YHR140W,104
2010,YHR142W,8
2011,YHR143W,343
2012,YHR143W-A,186
2013,YHR145C,182
2014,YHR148W,326
2015,YHR153C,530
2016,YHR156C,454
2017,YHR158C,119
2018,YHR160C,15
2019,YHR161C,22
2020,YHR162W,41
2021,YHR163W,74
2022,YHR164C,166
2023,YHR165C,173
2024,YHR165W-A,81
2025,YHR166C,40
2026,YHR167W,257
2027,YHR168W,209
2028,YHR169W,112
2029,YHR170W,249
2030,YHR171W,258
2031,YHR173C,40
2032,YHR174W,193
2033,YHR176W,71
2034,YHR178W,308
2035,YHR179W,128
2036,YHR180C-B,51
2037,YHR180W,28
2038,YHR180W-A,239
2039,YHR181W,535
2040,YHR183W,20
2041,YHR184W,164
2042,YHR185C,24
2043,YHR186C,114
2044,YHR187W,209
2045,YHR188C,364
2046,YHR190W,109
2047,YHR191C,136
2048,YHR192W,20
2049,YHR193C,385
2050,YHR194W,41
2051,YHR196W,20
2052,YHR197W,211
2053,YHR201C,128
2054,YHR202W,371
2055,YHR206W,78
2056,YHR208W,40
2057,YHR209W,105
2058,YHR210C,93
2059,YHR211W,86
2060,YHR213W,286
2061,YHR213W-B,145
2062,YHR214C-D,541
2063,YHR214C-E,481
2064,YHR214W,162
2065,YHR215W,124
2066,YHR216W,115
2067,YHR217C,107
2068,YIL002W-A,245
2069,YIL003W,355
2070,YIL005W,28
2071,YIL006W,296
2072,YIL008W,292
2073,YIL009C-A,241
2074,YIL010W,96
2075,YIL011W,138
2076,YIL012W,390
2077,YIL013C,182
2078,YIL015W,134
2079,YIL016W,378
2080,YIL018W,85
2081,YIL020C,16
2082,YIL020C-A,259
2083,YIL021C-A,124
2084,YIL021W,266
2085,YIL022W,550
2086,YIL023C,137
2087,YIL024C,360
2088,YIL026C,593
2089,YIL027C,106
2090,YIL029C,10
2091,YIL029W-A,149
2092,YIL030C,471
2093,YIL031W,397
2094,YIL033C,570
2095,YIL034C,133
2096,YIL035C,288
2097,YIL036W,361
2098,YIL037C,95
2099,YIL039W,220
2100,YIL040W,176
2101,YIL043C,96
2102,YIL044C,169
2103,YIL045W,110
2104,YIL046W,16
2105,YIL047C,544
2106,YIL048W,484
2107,YIL049W,57
2108,YIL050W,117
2109,YIL051C,121
2110,YIL053W,16
2111,YIL056W,222
2112,YIL057C,29
2113,YIL058W,528
2114,YIL059C,82
2115,YIL060W,383
2116,YIL061C,351
2117,YIL062C,260
2118,YIL063C,96
2119,YIL066C,126
2120,YIL067C,70
2121,YIL068C,228
2122,YIL071C,199
2123,YIL071W-A,493
2124,YIL072W,45
2125,YIL073C,229
2126,YIL075C,438
2127,YIL076W,222
2128,YIL077C,449
2129,YIL078W,183
2130,YIL079C,227
2131,YIL082W,202
2132,YIL085C,458
2133,YIL087C,38
2134,YIL089W,243
2135,YIL091C,551
2136,YIL094C,32
2137,YIL095W,365
2138,YIL096C,450
2139,YIL097W,27
2140,YIL099W,502
2141,YIL100C-A,347
2142,YIL100W,11
2143,YIL101C,117
2144,YIL103W,290
2145,YIL105C,297
2146,YIL105W-A,51
2147,YIL106W,94
2148,YIL107C,171
2149,YIL108W,233
2150,YIL109C,26
2151,YIL110W,215
2152,YIL111W,101
2153,YIL112W,329
2154,YIL113W,98
2155,YIL115C,28
2156,YIL115W-A,63
2157,YIL116W,19
2158,YIL117C,439
2159,YIL118W,378
2160,YIL119C,303
2161,YIL121W,83
2162,YIL123W,594
2163,YIL124W,40
2164,YIL125W,138
2165,YIL130W,86
2166,YIL131C,86
2167,YIL133C,51
2168,YIL134C-A,55
2169,YIL135C,355
2170,YIL136W,116
2171,YIL137C,33
2172,YIL138C,87
2173,YIL139C,110
2174,YIL140W,398
2175,YIL141W,85
2176,YIL145C,37
2177,YIL147C,122
2178,YIL150C,276
2179,YIL151C,323
2180,YIL152W,90
2181,YIL155C,231
2182,YIL156W,103
2183,YIL156W-A,76
2184,YIL156W-B,474
2185,YIL157C,442
2186,YIL158W,213
2187,YIL160C,99
2188,YIL161W,269
2189,YIL162W,133
2190,YIL164C,91
2191,YIL165C,66
2192,YIL166C,92
2193,YIL169C,132
2194,YIL172C,125
2195,YIL173W,106
2196,YIL176C,100
2197,YIR001C,339
2198,YIR002C,150
2199,YIR003W,344
2200,YIR004W,12
2201,YIR005W,16
2202,YIR006C,182
2203,YIR007W,589
2204,YIR008C,10
2205,YIR009W,212
2206,YIR010W,161
2207,YIR011C,263
2208,YIR014W,116
2209,YIR016W,149
2210,YIR017W-A,98
2211,YIR018W,448
2212,YIR019C,99
2213,YIR020C-B,448
2214,YIR021W,495
2215,YIR021W-A,516
2216,YIR023C-A,32
2217,YIR023W,470
2218,YIR024C,335
2219,YIR026C,237
2220,YIR027C,188
2221,YIR028W,24
2222,YIR029W,95
2223,YIR031C,103
2224,YIR032C,75
2225,YIR033W,437
2226,YIR034C,98
2227,YIR035C,92
2228,YIR038C,70
2229,YIR039C,135
2230,YIR041W,100
2231,YIR042C,82
2232,YJL002C,585
2233,YJL003W,46
2234,YJL004C,269
2235,YJL006C,70
2236,YJL007C,91
2237,YJL008C,175
2238,YJL009W,29
2239,YJL010C,267
2240,YJL011C,589
2241,YJL012C,82
2242,YJL013C,115
2243,YJL014W,179
2244,YJL019W,254
2245,YJL020C,208
2246,YJL022W,516
2247,YJL023C,420
2248,YJL024C,465
2249,YJL025W,265
2250,YJL026C-A,333
2251,YJL026W,189
2252,YJL028W,278
2253,YJL029C,97
2254,YJL030W,197
2255,YJL032W,9
2256,YJL033W,270
2257,YJL034W,101
2258,YJL035C,196
2259,YJL036W,313
2260,YJL038C,88
2261,YJL039C,64
2262,YJL041W,134
2263,YJL042W,27
2264,YJL045W,30
2265,YJL047C,30
2266,YJL047C-A,116
2267,YJL048C,77
2268,YJL049W,161
2269,YJL050W,12
2270,YJL051W,34
2271,YJL052W,152
2272,YJL053W,69
2273,YJL054W,133
2274,YJL055W,105
2275,YJL056C,184
2276,YJL057C,37
2277,YJL058C,188
2278,YJL059W,164
2279,YJL060W,60
2280,YJL061W,210
2281,YJL062W,56
2282,YJL062W-A,20
2283,YJL063C,233
2284,YJL064W,195
2285,YJL065C,167
2286,YJL067W,24
2287,YJL068C,148
2288,YJL071W,219
2289,YJL075C,260
2290,YJL077W-A,366
2291,YJL078C,188
2292,YJL079C,249
2293,YJL081C,233
2294,YJL082W,105
2295,YJL083W,56
2296,YJL085W,7
2297,YJL087C,320
2298,YJL088W,124
2299,YJL089W,206
2300,YJL090C,58
2301,YJL093C,7
2302,YJL094C,294
2303,YJL095W,249
2304,YJL098W,403
2305,YJL099W,296
2306,YJL100W,265
2307,YJL101C,20
2308,YJL102W,33
2309,YJL103C,7
2310,YJL104W,8
2311,YJL105W,206
2312,YJL106W,168
2313,YJL107C,98
2314,YJL109C,276
2315,YJL111W,346
2316,YJL112W,428
2317,YJL115W,10
2318,YJL116C,231
2319,YJL117W,106
2320,YJL118W,27
2321,YJL119C,533
2322,YJL121C,521
2323,YJL124C,42
2324,YJL125C,68
2325,YJL127C,132
2326,YJL127C-B,544
2327,YJL127W-A,45
2328,YJL128C,49
2329,YJL130C,481
2330,YJL131C,63
2331,YJL132W,174
2332,YJL133C-A,120
2333,YJL133W,19
2334,YJL134W,12
2335,YJL135W,211
2336,YJL136C,86
2337,YJL137C,117
2338,YJL138C,126
2339,YJL139C,359
2340,YJL140W,9
2341,YJL141C,306
2342,YJL142C,598
2343,YJL143W,232
2344,YJL144W,101
2345,YJL147C,126
2346,YJL149W,106
2347,YJL150W,66
2348,YJL151C,104
2349,YJL152W,123
2350,YJL153C,121
2351,YJL154C,50
2352,YJL155C,102
2353,YJL156C,431
2354,YJL156W-A,96
2355,YJL157C,185
2356,YJL158C,128
2357,YJL159W,131
2358,YJL160C,94
2359,YJL161W,86
2360,YJL163C,297
2361,YJL166W,301
2362,YJL167W,131
2363,YJL168C,456
2364,YJL169W,269
2365,YJL170C,89
2366,YJL172W,95
2367,YJL173C,143
2368,YJL174W,8
2369,YJL177W,108
2370,YJL178C,584
2371,YJL181W,276
2372,YJL182C,570
2373,YJL183W,141
2374,YJL184W,44
2375,YJL185C,84
2376,YJL186W,104
2377,YJL188C,34
2378,YJL190C,30
2379,YJL191W,87
2380,YJL192C,145
2381,YJL193W,394
2382,YJL194W,92
2383,YJL196C,83
2384,YJL197C-A,521
2385,YJL197W,283
2386,YJL198W,86
2387,YJL199C,61
2388,YJL200C,114
2389,YJL201W,71
2390,YJL202C,19
2391,YJL205C,156
2392,YJL206C,110
2393,YJL208C,61
2394,YJL209W,243
2395,YJL210W,576
2396,YJL211C,567
2397,YJL212C,20
2398,YJL213W,417
2399,YJL214W,353
2400,YJL215C,78
2401,YJL216C,32
2402,YJL217W,305
2403,YJL218W,24
2404,YJL219W,134
2405,YJL221C,125
2406,YJL222W,106
2407,YJL223C,100
2408,YJR001W,122
2409,YJR002W,174
2410,YJR004C,122
2411,YJR005C-A,100
2412,YJR006W,78
2413,YJR007W,147
2414,YJR008W,366
2415,YJR009C,132
2416,YJR010C-A,224
2417,YJR010W,147
2418,YJR011C,11
2419,YJR012C,112
2420,YJR013W,56
2421,YJR014W,203
2422,YJR015W,182
2423,YJR016C,111
2424,YJR017C,151
2425,YJR018W,472
2426,YJR030C,299
2427,YJR031C,8
2428,YJR032W,130
2429,YJR033C,589
2430,YJR034W,382
2431,YJR035W,34
2432,YJR038C,16
2433,YJR040W,20
2434,YJR041C,406
2435,YJR042W,69
2436,YJR044C,304
2437,YJR045C,214
2438,YJR048W,121
2439,YJR053W,254
2440,YJR055W,25
2441,YJR057W,177
2442,YJR058C,482
2443,YJR059W,137
2444,YJR060W,347
2445,YJR061W,145
2446,YJR062C,174
2447,YJR063W,143
2448,YJR064W,259
2449,YJR066W,546
2450,YJR067C,9
2451,YJR068W,195
2452,YJR069C,132
2453,YJR070C,119
2454,YJR072C,178
2455,YJR074W,74
2456,YJR075W,23
2457,YJR076C,431
2458,YJR077C,358
2459,YJR078W,38
2460,YJR080C,137
2461,YJR083C,300
2462,YJR084W,460
2463,YJR085C,452
2464,YJR086W,184
2465,YJR087W,516
2466,YJR088C,23
2467,YJR089W,567
2468,YJR091C,379
2469,YJR092W,25
2470,YJR093C,235
2471,YJR094C,158
2472,YJR094W-A,30
2473,YJR095W,261
2474,YJR096W,88
2475,YJR097W,342
2476,YJR098C,531
2477,YJR099W,23
2478,YJR100C,114
2479,YJR101W,454
2480,YJR102C,435
2481,YJR103W,254
2482,YJR104C,107
2483,YJR105W,465
2484,YJR106W,104
2485,YJR108W,348
2486,YJR109C,42
2487,YJR110W,127
2488,YJR111C,25
2489,YJR112W,238
2490,YJR112W-A,147
2491,YJR114W,468
2492,YJR116W,65
2493,YJR117W,265
2494,YJR118C,430
2495,YJR119C,371
2496,YJR120W,24
2497,YJR121W,284
2498,YJR122W,365
2499,YJR124C,119
2500,YJR125C,171
2501,YJR126C,213
2502,YJR127C,496
2503,YJR130C,81
2504,YJR131W,407
2505,YJR132W,80
2506,YJR133W,447
2507,YJR134C,42
2508,YJR135C,139
2509,YJR136C,162
2510,YJR137C,59
2511,YJR139C,124
2512,YJR142W,599
2513,YJR144W,197
2514,YJR147W,63
2515,YJR148W,431
2516,YJR149W,174
2517,YJR150C,101
2518,YJR151C,103
2519,YJR151W-A,10
2520,YJR152W,120
2521,YJR153W,61
2522,YJR154W,88
2523,YJR155W,390
2524,YJR156C,42
2525,YJR157W,128
2526,YJR158W,116
2527,YJR159W,114
2528,YJR160C,138
2529,YJR161C,71
2530,YKL001C,126
2531,YKL006C-A,18
2532,YKL012W,171
2533,YKL014C,444
2534,YKL015W,210
2535,YKL016C,105
2536,YKL017C,23
2537,YKL019W,37
2538,YKL020C,456
2539,YKL021C,50
2540,YKL022C,34
2541,YKL023C-A,208
2542,YKL024C,441
2543,YKL025C,174
2544,YKL026C,124
2545,YKL027W,53
2546,YKL029C,129
2547,YKL033W,195
2548,YKL033W-A,375
2549,YKL034W,221
2550,YKL035W,42
2551,YKL039W,185
2552,YKL040C,89
2553,YKL041W,95
2554,YKL042W,470
2555,YKL043W,339
2556,YKL044W,595
2557,YKL045W,480
2558,YKL046C,227
2559,YKL047W,130
2560,YKL049C,29
2561,YKL050C,170
2562,YKL051W,176
2563,YKL052C,593
2564,YKL053W,130
2565,YKL054C,10
2566,YKL055C,107
2567,YKL059C,371
2568,YKL060C,33
2569,YKL061W,304
2570,YKL062W,203
2571,YKL063C,10
2572,YKL064W,421
2573,YKL065C,560
2574,YKL065W-A,108
2575,YKL066W,600
2576,YKL067W,131
2577,YKL068W-A,18
2578,YKL070W,109
2579,YKL071W,145
2580,YKL072W,176
2581,YKL073W,91
2582,YKL074C,54
2583,YKL075C,34
2584,YKL076C,351
2585,YKL077W,266
2586,YKL078W,53
2587,YKL079W,367
2588,YKL080W,73
2589,YKL082C,581
2590,YKL083W,52
2591,YKL084W,43
2592,YKL085W,82
2593,YKL086W,58
2594,YKL087C,138
2595,YKL089W,158
2596,YKL090W,201
2597,YKL092C,447
2598,YKL093W,470
2599,YKL094W,80
2600,YKL096C-B,329
2601,YKL096W,415
2602,YKL096W-A,131
2603,YKL097C,212
2604,YKL099C,217
2605,YKL100C,176
2606,YKL104C,9
2607,YKL105C,489
2608,YKL106C-A,92
2609,YKL106W,181
2610,YKL107W,112
2611,YKL109W,202
2612,YKL110C,301
2613,YKL111C,28
2614,YKL112W,557
2615,YKL113C,72
2616,YKL114C,548
2617,YKL115C,252
2618,YKL116C,325
2619,YKL117W,268
2620,YKL118W,570
2621,YKL119C,342
2622,YKL120W,153
2623,YKL122C,547
2624,YKL123W,233
2625,YKL124W,12
2626,YKL125W,133
2627,YKL127W,77
2628,YKL128C,457
2629,YKL129C,67
2630,YKL130C,308
2631,YKL132C,360
2632,YKL133C,40
2633,YKL134C,222
2634,YKL135C,148
2635,YKL136W,52
2636,YKL137W,133
2637,YKL138C,176
2638,YKL138C-A,229
2639,YKL140W,142
2640,YKL141W,97
2641,YKL142W,145
2642,YKL143W,16
2643,YKL144C,55
2644,YKL145W,103
2645,YKL145W-A,245
2646,YKL146W,187
2647,YKL147C,154
2648,YKL148C,228
2649,YKL149C,236
2650,YKL150W,34
2651,YKL151C,67
2652,YKL152C,139
2653,YKL153W,38
2654,YKL154W,357
2655,YKL156C-A,220
2656,YKL156W,347
2657,YKL157W,438
2658,YKL159C,20
2659,YKL160W,419
2660,YKL161C,511
2661,YKL162C,116
2662,YKL163W,148
2663,YKL164C,154
2664,YKL165C,74
2665,YKL165C-A,69
2666,YKL166C,387
2667,YKL167C,221
2668,YKL168C,164
2669,YKL169C,85
2670,YKL170W,114
2671,YKL171W,353
2672,YKL172W,10
2673,YKL176C,130
2674,YKL177W,212
2675,YKL178C,156
2676,YKL179C,474
2677,YKL180W,432
2678,YKL181W,387
2679,YKL182W,114
2680,YKL183C-A,371
2681,YKL183W,589
2682,YKL185W,383
2683,YKL186C,68
2684,YKL187C,86
2685,YKL189W,27
2686,YKL192C,341
2687,YKL193C,97
2688,YKL194C,159
2689,YKL196C,91
2690,YKL197C,98
2691,YKL198C,156
2692,YKL201C,135
2693,YKL203C,500
2694,YKL206C,370
2695,YKL207W,179
2696,YKL208W,122
2697,YKL209C,397
2698,YKL210W,581
2699,YKL212W,29
2700,YKL213C,47
2701,YKL214C,249
2702,YKL216W,126
2703,YKL217W,135
2704,YKL218C,118
2705,YKL219W,7
2706,YKL220C,89
2707,YKL221W,52
2708,YKL222C,386
2709,YKL224C,100
2710,YKR002W,457
2711,YKR004C,292
2712,YKR005C,203
2713,YKR007W,123
2714,YKR008W,176
2715,YKR009C,134
2716,YKR010C,88
2717,YKR011C,233
2718,YKR013W,125
2719,YKR014C,16
2720,YKR017C,581
2721,YKR018C,266
2722,YKR021W,206
2723,YKR024C,231
2724,YKR025W,170
2725,YKR027W,60
2726,YKR028W,571
2727,YKR029C,49
2728,YKR030W,218
2729,YKR031C,342
2730,YKR033C,135
2731,YKR034W,13
2732,YKR035C,127
2733,YKR035W-A,184
2734,YKR036C,178
2735,YKR037C,148
2736,YKR038C,287
2737,YKR039W,102
2738,YKR042W,276
2739,YKR043C,193
2740,YKR044W,90
2741,YKR045C,29
2742,YKR046C,73
2743,YKR049C,78
2744,YKR051W,18
2745,YKR052C,131
2746,YKR053C,35
2747,YKR054C,92
2748,YKR057W,282
2749,YKR058W,152
2750,YKR059W,8
2751,YKR060W,99
2752,YKR061W,68
2753,YKR068C,249
2754,YKR069W,122
2755,YKR070W,174
2756,YKR072C,61
2757,YKR073C,433
2758,YKR074W,417
2759,YKR075C,141
2760,YKR075W-A,365
2761,YKR076W,90
2762,YKR078W,166
2763,YKR079C,87
2764,YKR080W,17
2765,YKR082W,137
2766,YKR084C,197
2767,YKR085C,436
2768,YKR087C,86
2769,YKR088C,197
2770,YKR089C,139
2771,YKR091W,287
2772,YKR092C,52
2773,YKR093W,65
2774,YKR094C,52
2775,YKR095W-A,229
2776,YKR096W,36
2777,YKR097W,106
2778,YKR098C,223
2779,YKR099W,187
2780,YKR101W,418
2781,YKR102W,91
2782,YKR103W,150
2783,YKR105C,89
2784,YKR106W,162
2785,YLL002W,246
2786,YLL003W,235
2787,YLL005C,300
2788,YLL007C,92
2789,YLL008W,12
2790,YLL009C,312
2791,YLL010C,255
2792,YLL011W,242
2793,YLL012W,32
2794,YLL014W,197
2795,YLL015W,10
2796,YLL018C,285
2797,YLL021W,499
2798,YLL022C,231
2799,YLL024C,137
2800,YLL025W,107
2801,YLL026W,139
2802,YLL028W,152
2803,YLL030C,323
2804,YLL032C,363
2805,YLL038C,399
2806,YLL039C,180
2807,YLL040C,386
2808,YLL041C,17
2809,YLL042C,341
2810,YLL044W,368
2811,YLL046C,152
2812,YLL047W,145
2813,YLL048C,175
2814,YLL050C,516
2815,YLL051C,259
2816,YLL052C,115
2817,YLL053C,515
2818,YLL056C,114
2819,YLL057C,77
2820,YLL060C,23
2821,YLL061W,78
2822,YLL062C,270
2823,YLL063C,27
2824,YLL064C,101
2825,YLL065W,535
2826,YLL066W-B,107
2827,YLR001C,288
2828,YLR002C,75
2829,YLR003C,182
2830,YLR004C,84
2831,YLR005W,73
2832,YLR006C,228
2833,YLR007W,63
2834,YLR009W,9
2835,YLR010C,242
2836,YLR011W,426
2837,YLR012C,112
2838,YLR013W,571
2839,YLR016C,324
2840,YLR018C,402
2841,YLR019W,285
2842,YLR020C,578
2843,YLR022C,119
2844,YLR023C,252
2845,YLR024C,133
2846,YLR025W,209
2847,YLR026C,58
2848,YLR027C,95
2849,YLR028C,351
2850,YLR030W,57
2851,YLR031W,204
2852,YLR033W,242
2853,YLR034C,124
2854,YLR035C,63
2855,YLR036C,444
2856,YLR037C,111
2857,YLR038C,82
2858,YLR039C,218
2859,YLR040C,579
2860,YLR041W,536
2861,YLR042C,115
2862,YLR044C,141
2863,YLR045C,471
2864,YLR046C,227
2865,YLR048W,414
2866,YLR049C,73
2867,YLR050C,82
2868,YLR053C,106
2869,YLR056W,166
2870,YLR057W,266
2871,YLR058C,124
2872,YLR059C,243
2873,YLR060W,192
2874,YLR061W,322
2875,YLR062C,35
2876,YLR064W,490
2877,YLR069C,151
2878,YLR070C,73
2879,YLR074C,88
2880,YLR075W,109
2881,YLR076C,69
2882,YLR078C,156
2883,YLR079W,108
2884,YLR080W,137
2885,YLR081W,138
2886,YLR082C,334
2887,YLR083C,482
2888,YLR084C,12
2889,YLR087C,202
2890,YLR088W,45
2891,YLR089C,41
2892,YLR090W,257
2893,YLR091W,151
2894,YLR092W,133
2895,YLR093C,226
2896,YLR094C,400
2897,YLR095C,30
2898,YLR096W,448
2899,YLR098C,164
2900,YLR099C,33
2901,YLR100W,281
2902,YLR102C,177
2903,YLR103C,547
2904,YLR104W,564
2905,YLR105C,223
2906,YLR106C,359
2907,YLR107W,24
2908,YLR108C,120
2909,YLR109W,112
2910,YLR110C,130
2911,YLR111W,166
2912,YLR112W,113
2913,YLR113W,9
2914,YLR115W,217
2915,YLR116W,152
2916,YLR117C,133
2917,YLR120C,504
2918,YLR120W-A,169
2919,YLR121C,40
2920,YLR122C,445
2921,YLR123C,369
2922,YLR124W,493
2923,YLR128W,541
2924,YLR129W,82
2925,YLR130C,144
2926,YLR131C,377
2927,YLR134W,124
2928,YLR136C,122
2929,YLR137W,227
2930,YLR138W,33
2931,YLR139C,45
2932,YLR140W,459
2933,YLR141W,170
2934,YLR142W,50
2935,YLR143W,388
2936,YLR144C,535
2937,YLR146C,343
2938,YLR148W,536
2939,YLR151C,171
2940,YLR153C,96
2941,YLR154C-H,323
2942,YLR154W-A,563
2943,YLR154W-E,191
2944,YLR156C-A,323
2945,YLR157C-C,323
2946,YLR159C-A,323
2947,YLR162W-A,563
2948,YLR163C,537
2949,YLR163W-A,154
2950,YLR164W,97
2951,YLR166C,47
2952,YLR168C,121
2953,YLR170C,26
2954,YLR171W,347
2955,YLR172C,428
2956,YLR174W,12
2957,YLR175W,272
2958,YLR177W,104
2959,YLR178C,90
2960,YLR179C,8
2961,YLR180W,119
2962,YLR182W,546
2963,YLR186W,120
2964,YLR187W,273
2965,YLR188W,122
2966,YLR190W,552
2967,YLR191W,41
2968,YLR192C,287
2969,YLR193C,85
2970,YLR194C,10
2971,YLR195C,466
2972,YLR196W,201
2973,YLR197W,198
2974,YLR198C,48
2975,YLR199C,184
2976,YLR200W,62
2977,YLR201C,8
2978,YLR202C,478
2979,YLR204W,240
2980,YLR205C,34
2981,YLR206W,289
2982,YLR207W,300
2983,YLR208W,244
2984,YLR211C,225
2985,YLR212C,296
2986,YLR215C,227
2987,YLR216C,226
2988,YLR220W,196
2989,YLR221C,67
2990,YLR222C,249
2991,YLR224W,466
2992,YLR225C,125
2993,YLR226W,60
2994,YLR227C,441
2995,YLR229C,38
2996,YLR230W,419
2997,YLR231C,69
2998,YLR232W,80
2999,YLR235C,136
3000,YLR237W,144
3001,YLR238W,20
3002,YLR239C,56
3003,YLR241W,116
3004,YLR243W,362
3005,YLR244C,94
3006,YLR245C,340
3007,YLR246W,57
3008,YLR247C,488
3009,YLR248W,313
3010,YLR249W,125
3011,YLR250W,276
3012,YLR252W,349
3013,YLR253W,211
3014,YLR255C,96
3015,YLR256W,371
3016,YLR257W,275
3017,YLR258W,146
3018,YLR259C,125
3019,YLR260W,106
3020,YLR261C,451
3021,YLR262C,123
3022,YLR262C-A,454
3023,YLR263W,229
3024,YLR264W,303
3025,YLR265C,168
3026,YLR266C,363
3027,YLR267W,29
3028,YLR268W,241
3029,YLR269C,178
3030,YLR270W,158
3031,YLR271W,351
3032,YLR272C,389
3033,YLR275W,17
3034,YLR276C,295
3035,YLR277C,308
3036,YLR278C,169
3037,YLR279W,121
3038,YLR280C,205
3039,YLR281C,78
3040,YLR283W,33
3041,YLR284C,89
3042,YLR285W,238
3043,YLR286C,21
3044,YLR286W-A,242
3045,YLR287C,36
3046,YLR287C-A,211
3047,YLR288C,500
3048,YLR289W,425
3049,YLR290C,39
3050,YLR291C,214
3051,YLR292C,229
3052,YLR294C,414
3053,YLR295C,71
3054,YLR296W,539
3055,YLR297W,14
3056,YLR298C,454
3057,YLR299C-A,355
3058,YLR299W,192
3059,YLR300W,99
3060,YLR301W,101
3061,YLR303W,142
3062,YLR304C,12
3063,YLR305C,403
3064,YLR306W,20
3065,YLR307C-A,22
3066,YLR307W,546
3067,YLR309C,243
3068,YLR312C,83
3069,YLR312W-A,51
3070,YLR313C,61
3071,YLR314C,339
3072,YLR315W,211
3073,YLR316C,51
3074,YLR318W,353
3075,YLR321C,170
3076,YLR322W,479
3077,YLR323C,162
3078,YLR324W,106
3079,YLR325C,454
3080,YLR327C,179
3081,YLR329W,91
3082,YLR332W,22
3083,YLR336C,115
3084,YLR337C,19
3085,YLR339C,528
3086,YLR341W,527
3087,YLR342W-A,192
3088,YLR343W,189
3089,YLR344W,534
3090,YLR345W,288
3091,YLR346C,136
3092,YLR347C,548
3093,YLR348C,87
3094,YLR349W,555
3095,YLR350W,29
3096,YLR352W,456
3097,YLR354C,73
3098,YLR355C,88
3099,YLR356W,9
3100,YLR357W,237
3101,YLR358C,69
3102,YLR359W,10
3103,YLR361C,250
3104,YLR362W,497
3105,YLR363C,93
3106,YLR363W-A,418
3107,YLR365W,186
3108,YLR366W,525
3109,YLR368W,200
3110,YLR370C,339
3111,YLR372W,216
3112,YLR375W,102
3113,YLR376C,98
3114,YLR377C,126
3115,YLR379W,519
3116,YLR380W,13
3117,YLR381W,175
3118,YLR382C,334
3119,YLR388W,101
3120,YLR390W-A,11
3121,YLR393W,197
3122,YLR397C,182
3123,YLR398C,224
3124,YLR403W,393
3125,YLR404W,100
3126,YLR405W,170
3127,YLR406C-A,443
3128,YLR407W,172
3129,YLR408C,156
3130,YLR411W,9
3131,YLR412C-A,352
3132,YLR413W,133
3133,YLR414C,202
3134,YLR418C,296
3135,YLR420W,94
3136,YLR421C,22
3137,YLR422W,44
3138,YLR425W,44
3139,YLR427W,287
3140,YLR429W,203
3141,YLR430W,34
3142,YLR431C,143
3143,YLR432W,152
3144,YLR433C,125
3145,YLR434C,93
3146,YLR435W,112
3147,YLR436C,299
3148,YLR437C,369
3149,YLR438W,112
3150,YLR444C,46
3151,YLR445W,160
3152,YLR446W,103
3153,YLR447C,388
3154,YLR449W,587
3155,YLR450W,325
3156,YLR451W,111
3157,YLR453C,12
3158,YLR454W,140
3159,YLR456W,198
3160,YLR457C,98
3161,YLR459W,46
3162,YLR460C,57
3163,YLR461W,100
3164,YLR466C-B,107
3165,YML001W,36
3166,YML003W,170
3167,YML004C,90
3168,YML007C-A,442
3169,YML007W,137
3170,YML008C,178
3171,YML009C,269
3172,YML009C-A,148
3173,YML010W,174
3174,YML011C,80
3175,YML012C-A,153
3176,YML013W,78
3177,YML015C,46
3178,YML016C,155
3179,YML017W,481
3180,YML018C,160
3181,YML019W,508
3182,YML020W,25
3183,YML021C,39
3184,YML022W,120
3185,YML023C,55
3186,YML027W,153
3187,YML028W,106
3188,YML029W,38
3189,YML031C-A,99
3190,YML032C,590
3191,YML034W,273
3192,YML035C,38
3193,YML042W,34
3194,YML046W,270
3195,YML047C,130
3196,YML047W-A,289
3197,YML048W,103
3198,YML050W,177
3199,YML051W,85
3200,YML052W,516
3201,YML053C,112
3202,YML054C,106
3203,YML054C-A,320
3204,YML055W,51
3205,YML056C,204
3206,YML057C-A,330
3207,YML057W,310
3208,YML058W,119
3209,YML058W-A,40
3210,YML059C,48
3211,YML061C,185
3212,YML062C,248
3213,YML064C,53
3214,YML066C,15
3215,YML069W,103
3216,YML070W,113
3217,YML071C,412
3218,YML072C,93
3219,YML073C,460
3220,YML074C,64
3221,YML075C,296
3222,YML076C,264
3223,YML077W,23
3224,YML080W,561
3225,YML083C,110
3226,YML085C,208
3227,YML087C,97
3228,YML089C,265
3229,YML090W,292
3230,YML091C,110
3231,YML092C,197
3232,YML093W,47
3233,YML094C-A,298
3234,YML097C,552
3235,YML099W-A,203
3236,YML100W,100
3237,YML100W-A,76
3238,YML102W,396
3239,YML103C,141
3240,YML105C,594
3241,YML108W,176
3242,YML111W,341
3243,YML112W,470
3244,YML114C,270
3245,YML116W,102
3246,YML117W,379
3247,YML118W,200
3248,YML120C,130
3249,YML123C,99
3250,YML124C,62
3251,YML125C,255
3252,YML126C,15
3253,YML129C,269
3254,YML130C,98
3255,YML131W,119
3256,YML132W,71
3257,YMR001C,109
3258,YMR001C-A,438
3259,YMR002W,107
3260,YMR003W,241
3261,YMR004W,32
3262,YMR005W,370
3263,YMR006C,144
3264,YMR007W,140
3265,YMR008C,193
3266,YMR009W,96
3267,YMR010W,48
3268,YMR011W,122
3269,YMR012W,464
3270,YMR013W-A,378
3271,YMR014W,38
3272,YMR015C,143
3273,YMR016C,28
3274,YMR019W,383
3275,YMR020W,135
3276,YMR023C,27
3277,YMR024W,10
3278,YMR025W,144
3279,YMR028W,175
3280,YMR030W-A,75
3281,YMR031W-A,149
3282,YMR032W,68
3283,YMR033W,96
3284,YMR034C,148
3285,YMR035W,275
3286,YMR036C,580
3287,YMR037C,513
3288,YMR038C,296
3289,YMR039C,18
3290,YMR040W,261
3291,YMR043W,321
3292,YMR044W,171
3293,YMR052C-A,375
3294,YMR052W,21
3295,YMR056C,446
3296,YMR058W,121
3297,YMR062C,109
3298,YMR063W,105
3299,YMR065W,45
3300,YMR066W,291
3301,YMR067C,242
3302,YMR068W,71
3303,YMR073C,158
3304,YMR074C,303
3305,YMR075C-A,42
3306,YMR075W,41
3307,YMR076C,155
3308,YMR077C,10
3309,YMR080C,363
3310,YMR081C,300
3311,YMR083W,62
3312,YMR084W,82
3313,YMR086C-A,77
3314,YMR086W,70
3315,YMR087W,338
3316,YMR088C,338
3317,YMR089C,202
3318,YMR090W,108
3319,YMR091C,67
3320,YMR093W,12
3321,YMR094W,142
3322,YMR096W,111
3323,YMR097C,234
3324,YMR098C,513
3325,YMR099C,347
3326,YMR100W,140
3327,YMR101C,49
3328,YMR102C,331
3329,YMR104C,15
3330,YMR105C,141
3331,YMR106C,339
3332,YMR107W,101
3333,YMR108W,268
3334,YMR109W,7
3335,YMR110C,82
3336,YMR111C,257
3337,YMR112C,233
3338,YMR113W,185
3339,YMR117C,58
3340,YMR119W-A,520
3341,YMR120C,121
3342,YMR121C,400
3343,YMR122C,126
3344,YMR122W-A,117
3345,YMR123W,273
3346,YMR124W,15
3347,YMR125W,193
3348,YMR126C,370
3349,YMR128W,57
3350,YMR129W,147
3351,YMR130W,413
3352,YMR132C,316
3353,YMR133W,81
3354,YMR134W,25
3355,YMR135W-A,202
3356,YMR136W,211
3357,YMR137C,82
3358,YMR138W,42
3359,YMR139W,373
3360,YMR140W,123
3361,YMR142C,466
3362,YMR143W,22
3363,YMR144W,354
3364,YMR145C,118
3365,YMR146C,519
3366,YMR147W,159
3367,YMR148W,482
3368,YMR149W,82
3369,YMR152W,441
3370,YMR153C-A,32
3371,YMR153W,310
3372,YMR154C,176
3373,YMR155W,198
3374,YMR156C,202
3375,YMR158W-B,521
3376,YMR160W,17
3377,YMR162C,89
3378,YMR163C,539
3379,YMR165C,148
3380,YMR166C,11
3381,YMR168C,180
3382,YMR169C,115
3383,YMR170C,100
3384,YMR171C,15
3385,YMR172C-A,346
3386,YMR172W,44
3387,YMR173W,36
3388,YMR173W-A,244
3389,YMR174C,100
3390,YMR175W,22
3391,YMR175W-A,320
3392,YMR176W,352
3393,YMR177W,51
3394,YMR178W,20
3395,YMR179W,253
3396,YMR180C,159
3397,YMR181C,259
3398,YMR182W-A,460
3399,YMR185W,220
3400,YMR186W,140
3401,YMR187C,135
3402,YMR188C,340
3403,YMR189W,161
3404,YMR190C,40
3405,YMR191W,97
3406,YMR192W,17
3407,YMR193C-A,482
3408,YMR193W,43
3409,YMR194W,276
3410,YMR195W,68
3411,YMR196W,150
3412,YMR197C,46
3413,YMR198W,76
3414,YMR199W,280
3415,YMR200W,130
3416,YMR201C,139
3417,YMR202W,92
3418,YMR203W,354
3419,YMR204C,194
3420,YMR205C,211
3421,YMR206W,65
3422,YMR208W,17
3423,YMR209C,407
3424,YMR210W,32
3425,YMR211W,27
3426,YMR215W,93
3427,YMR216C,61
3428,YMR217W,137
3429,YMR219W,591
3430,YMR220W,78
3431,YMR221C,52
3432,YMR222C,161
3433,YMR224C,188
3434,YMR225C,156
3435,YMR226C,107
3436,YMR227C,436
3437,YMR229C,30
3438,YMR230W,227
3439,YMR230W-A,559
3440,YMR231W,64
3441,YMR233W,145
3442,YMR234W,384
3443,YMR237W,294
3444,YMR238W,47
3445,YMR239C,45
3446,YMR240C,45
3447,YMR241W,54
3448,YMR242C,43
3449,YMR242W-A,37
3450,YMR243C,374
3451,YMR244C-A,331
3452,YMR244W,39
3453,YMR245W,83
3454,YMR246W,377
3455,YMR247C,83
3456,YMR247W-A,242
3457,YMR250W,130
3458,YMR251W,101
3459,YMR251W-A,120
3460,YMR252C,220
3461,YMR255W,240
3462,YMR256C,204
3463,YMR257C,139
3464,YMR258C,321
3465,YMR259C,371
3466,YMR260C,253
3467,YMR263W,16
3468,YMR264W,59
3469,YMR265C,512
3470,YMR266W,86
3471,YMR267W,245
3472,YMR269W,171
3473,YMR270C,65
3474,YMR271C,82
3475,YMR273C,231
3476,YMR274C,277
3477,YMR277W,284
3478,YMR278W,109
3479,YMR279C,94
3480,YMR282C,565
3481,YMR284W,401
3482,YMR285C,568
3483,YMR288W,37
3484,YMR289W,100
3485,YMR292W,276
3486,YMR293C,9
3487,YMR294W,102
3488,YMR294W-A,26
3489,YMR295C,294
3490,YMR296C,461
3491,YMR297W,12
3492,YMR298W,224
3493,YMR299C,107
3494,YMR300C,440
3495,YMR301C,362
3496,YMR302C,277
3497,YMR303C,161
3498,YMR304C-A,290
3499,YMR305C,148
3500,YMR308C,522
3501,YMR309C,256
3502,YMR310C,40
3503,YMR311C,474
3504,YMR312W,323
3505,YMR314W,171
3506,YMR315W,119
3507,YMR315W-A,92
3508,YMR316C-A,410
3509,YMR316W,127
3510,YMR317W,102
3511,YMR318C,102
3512,YMR319C,49
3513,YMR321C,130
3514,YMR322C,466
3515,YMR323W,104
3516,YMR325W,100
3517,YNL002C,13
3518,YNL003C,134
3519,YNL004W,297
3520,YNL006W,22
3521,YNL007C,244
3522,YNL008C,104
3523,YNL009W,89
3524,YNL010W,12
3525,YNL011C,456
3526,YNL012W,45
3527,YNL013C,18
3528,YNL014W,141
3529,YNL015W,26
3530,YNL019C,553
3531,YNL023C,93
3532,YNL024C,30
3533,YNL025C,181
3534,YNL026W,160
3535,YNL027W,256
3536,YNL029C,488
3537,YNL030W,130
3538,YNL031C,88
3539,YNL033W,530
3540,YNL035C,146
3541,YNL036W,136
3542,YNL037C,228
3543,YNL038W,313
3544,YNL039W,265
3545,YNL041C,176
3546,YNL042W-B,162
3547,YNL044W,114
3548,YNL045W,59
3549,YNL046W,56
3550,YNL047C,257
3551,YNL050C,7
3552,YNL051W,158
3553,YNL054W,540
3554,YNL055C,106
3555,YNL056W,447
3556,YNL057W,283
3557,YNL059C,43
3558,YNL061W,17
3559,YNL063W,153
3560,YNL064C,149
3561,YNL065W,102
3562,YNL067W,309
3563,YNL067W-B,45
3564,YNL069C,559
3565,YNL070W,204
3566,YNL071W,261
3567,YNL072W,79
3568,YNL074C,236
3569,YNL075W,62
3570,YNL076W,574
3571,YNL077W,178
3572,YNL079C,288
3573,YNL080C,198
3574,YNL081C,130
3575,YNL082W,163
3576,YNL083W,383
3577,YNL085W,42
3578,YNL087W,8
3579,YNL088W,255
3580,YNL089C,106
3581,YNL091W,155
3582,YNL092W,99
3583,YNL093W,355
3584,YNL094W,124
3585,YNL095C,93
3586,YNL096C,53
3587,YNL097C-B,362
3588,YNL097W-A,122
3589,YNL099C,240
3590,YNL100W,362
3591,YNL101W,465
3592,YNL102W,120
3593,YNL103W,435
3594,YNL104C,265
3595,YNL107W,174
3596,YNL108C,8
3597,YNL109W,38
3598,YNL110C,431
3599,YNL111C,134
3600,YNL112W,118
3601,YNL113W,75
3602,YNL114C,247
3603,YNL115C,178
3604,YNL116W,295
3605,YNL117W,149
3606,YNL118C,235
3607,YNL122C,12
3608,YNL124W,541
3609,YNL126W,41
3610,YNL127W,330
3611,YNL128W,130
3612,YNL129W,227
3613,YNL130C,345
3614,YNL132W,17
3615,YNL133C,554
3616,YNL134C,528
3617,YNL136W,247
3618,YNL137C,71
3619,YNL138W,126
3620,YNL141W,328
3621,YNL142W,175
3622,YNL143C,97
3623,YNL144C,178
3624,YNL144W-A,101
3625,YNL145W,123
3626,YNL146C-A,7
3627,YNL146W,312
3628,YNL147W,434
3629,YNL148C,344
3630,YNL151C,68
3631,YNL155W,43
3632,YNL156C,331
3633,YNL158W,150
3634,YNL159C,355
3635,YNL160W,164
3636,YNL161W,164
3637,YNL162W-A,212
3638,YNL163C,47
3639,YNL164C,361
3640,YNL165W,599
3641,YNL168C,55
3642,YNL169C,135
3643,YNL170W,444
3644,YNL171C,135
3645,YNL173C,113
3646,YNL176C,342
3647,YNL177C,264
3648,YNL179C,121
3649,YNL180C,575
3650,YNL182C,544
3651,YNL184C,126
3652,YNL185C,340
3653,YNL186W,248
3654,YNL187W,380
3655,YNL188W,211
3656,YNL190W,313
3657,YNL191W,103
3658,YNL192W,192
3659,YNL193W,65
3660,YNL194C,177
3661,YNL196C,102
3662,YNL198C,144
3663,YNL199C,430
3664,YNL200C,138
3665,YNL201C,471
3666,YNL202W,441
3667,YNL203C,272
3668,YNL204C,29
3669,YNL205C,271
3670,YNL206C,186
3671,YNL207W,273
3672,YNL208W,87
3673,YNL209W,250
3674,YNL210W,161
3675,YNL211C,460
3676,YNL216W,343
3677,YNL217W,197
3678,YNL220W,107
3679,YNL222W,24
3680,YNL223W,426
3681,YNL224C,381
3682,YNL225C,283
3683,YNL226W,138
3684,YNL227C,206
3685,YNL228W,326
3686,YNL229C,205
3687,YNL230C,23
3688,YNL231C,28
3689,YNL233W,310
3690,YNL234W,429
3691,YNL235C,177
3692,YNL236W,211
3693,YNL237W,219
3694,YNL238W,24
3695,YNL241C,176
3696,YNL242W,327
3697,YNL243W,80
3698,YNL244C,468
3699,YNL245C,168
3700,YNL246W,154
3701,YNL249C,15
3702,YNL251C,381
3703,YNL252C,247
3704,YNL253W,99
3705,YNL254C,118
3706,YNL258C,243
3707,YNL259C,590
3708,YNL260C,16
3709,YNL261W,113
3710,YNL262W,283
3711,YNL264C,204
3712,YNL265C,78
3713,YNL266W,83
3714,YNL268W,7
3715,YNL270C,101
3716,YNL271C,523
3717,YNL272C,336
3718,YNL273W,272
3719,YNL274C,120
3720,YNL275W,388
3721,YNL276C,37
3722,YNL277W,10
3723,YNL277W-A,91
3724,YNL278W,82
3725,YNL279W,98
3726,YNL280C,183
3727,YNL282W,591
3728,YNL283C,14
3729,YNL284C,143
3730,YNL285W,99
3731,YNL286W,236
3732,YNL287W,255
3733,YNL289W,26
3734,YNL290W,35
3735,YNL291C,371
3736,YNL292W,200
3737,YNL296W,296
3738,YNL298W,436
3739,YNL299W,252
3740,YNL300W,168
3741,YNL301C,319
3742,YNL302C,513
3743,YNL307C,427
3744,YNL308C,199
3745,YNL311C,182
3746,YNL312W,8
3747,YNL313C,175
3748,YNL316C,210
3749,YNL320W,184
3750,YNL321W,209
3751,YNL322C,249
3752,YNL323W,386
3753,YNL324W,449
3754,YNL325C,166
3755,YNL326C,71
3756,YNL327W,14
3757,YNL329C,192
3758,YNL330C,95
3759,YNL332W,40
3760,YNL333W,101
3761,YNL334C,293
3762,YNL335W,92
3763,YNL336W,71
3764,YNL337W,555
3765,YNL338W,107
3766,YNL339C,519
3767,YNR001C,201
3768,YNR002C,112
3769,YNR003C,499
3770,YNR003W-A,457
3771,YNR004W,61
3772,YNR006W,223
3773,YNR009W,93
3774,YNR010W,167
3775,YNR011C,28
3776,YNR012W,455
3777,YNR014W,91
3778,YNR015W,160
3779,YNR016C,99
3780,YNR017W,435
3781,YNR018W,75
3782,YNR019W,307
3783,YNR022C,44
3784,YNR023W,324
3785,YNR024W,237
3786,YNR026C,33
3787,YNR027W,206
3788,YNR028W,98
3789,YNR029C,83
3790,YNR030W,217
3791,YNR032C-A,101
3792,YNR033W,75
3793,YNR034W-A,150
3794,YNR035C,202
3795,YNR036C,154
3796,YNR037C,199
3797,YNR038W,72
3798,YNR041C,167
3799,YNR042W,363
3800,YNR043W,72
3801,YNR044W,122
3802,YNR045W,70
3803,YNR047W,269
3804,YNR048W,83
3805,YNR049C,341
3806,YNR050C,13
3807,YNR052C,21
3808,YNR053C,106
3809,YNR055C,43
3810,YNR056C,19
3811,YNR057C,71
3812,YNR058W,91
3813,YNR059W,442
3814,YNR060W,104
3815,YNR062C,568
3816,YNR064C,72
3817,YNR067C,124
3818,YNR069C,231
3819,YNR071C,97
3820,YNR072W,125
3821,YNR073C,140
3822,YNR075W,85
3823,YNR076W,101
3824,YOL001W,106
3825,YOL003C,299
3826,YOL005C,310
3827,YOL006C,344
3828,YOL009C,496
3829,YOL010W,319
3830,YOL011W,111
3831,YOL012C,565
3832,YOL013C,423
3833,YOL013W-A,267
3834,YOL014W,241
3835,YOL015W,155
3836,YOL016C,20
3837,YOL017W,189
3838,YOL018C,162
3839,YOL019W,160
3840,YOL019W-A,267
3841,YOL020W,136
3842,YOL022C,432
3843,YOL023W,170
3844,YOL024W,23
3845,YOL028C,48
3846,YOL029C,440
3847,YOL030W,37
3848,YOL031C,590
3849,YOL032W,169
3850,YOL033W,14
3851,YOL035C,222
3852,YOL036W,148
3853,YOL038C-A,243
3854,YOL038W,78
3855,YOL040C,395
3856,YOL041C,20
3857,YOL042W,290
3858,YOL043C,111
3859,YOL044W,23
3860,YOL045W,159
3861,YOL047C,84
3862,YOL048C,225
3863,YOL049W,8
3864,YOL050C,150
3865,YOL051W,121
3866,YOL052C,148
3867,YOL052C-A,122
3868,YOL053W,114
3869,YOL055C,29
3870,YOL056W,103
3871,YOL057W,187
3872,YOL058W,593
3873,YOL059W,83
3874,YOL061W,504
3875,YOL062C,417
3876,YOL063C,293
3877,YOL064C,86
3878,YOL065C,171
3879,YOL067C,166
3880,YOL068C,259
3881,YOL071W,75
3882,YOL073C,68
3883,YOL076W,267
3884,YOL077W-A,167
3885,YOL079W,449
3886,YOL080C,408
3887,YOL082W,393
3888,YOL083C-A,304
3889,YOL083W,105
3890,YOL084W,191
3891,YOL085C,143
3892,YOL086C,128
3893,YOL088C,486
3894,YOL089C,115
3895,YOL090W,174
3896,YOL091W,92
3897,YOL093W,197
3898,YOL094C,18
3899,YOL095C,219
3900,YOL096C,188
3901,YOL097C,227
3902,YOL097W-A,31
3903,YOL098C,222
3904,YOL100W,253
3905,YOL101C,14
3906,YOL103W,543
3907,YOL104C,133
3908,YOL105C,155
3909,YOL106W,85
3910,YOL108C,193
3911,YOL109W,177
3912,YOL110W,79
3913,YOL111C,15
3914,YOL112W,298
3915,YOL115W,338
3916,YOL116W,72
3917,YOL117W,265
3918,YOL118C,119
3919,YOL119C,312
3920,YOL120C,345
3921,YOL121C,233
3922,YOL122C,41
3923,YOL123W,60
3924,YOL124C,22
3925,YOL125W,68
3926,YOL126C,88
3927,YOL128C,120
3928,YOL129W,209
3929,YOL130W,118
3930,YOL132W,228
3931,YOL133W,584
3932,YOL134C,278
3933,YOL136C,285
3934,YOL137W,16
3935,YOL138C,103
3936,YOL141W,149
3937,YOL143C,103
3938,YOL144W,185
3939,YOL146W,131
3940,YOL147C,87
3941,YOL148C,14
3942,YOL149W,124
3943,YOL150C,33
3944,YOL151W,90
3945,YOL152W,23
3946,YOL154W,108
3947,YOL155C,141
3948,YOL155W-A,43
3949,YOL156W,136
3950,YOL157C,125
3951,YOL159C,104
3952,YOL159C-A,74
3953,YOL160W,528
3954,YOL161C,100
3955,YOL162W,21
3956,YOL163W,554
3957,YOL164W,138
3958,YOL164W-A,38
3959,YOL166C,92
3960,YOR001W,249
3961,YOR002W,205
3962,YOR003W,116
3963,YOR004W,146
3964,YOR005C,274
3965,YOR007C,87
3966,YOR008C-A,411
3967,YOR009W,128
3968,YOR010C,126
3969,YOR011W,226
3970,YOR011W-A,194
3971,YOR012W,320
3972,YOR013W,528
3973,YOR014W,62
3974,YOR016C,28
3975,YOR017W,69
3976,YOR018W,189
3977,YOR019W,173
3978,YOR020C,113
3979,YOR020W-A,27
3980,YOR021C,388
3981,YOR022C,146
3982,YOR023C,84
3983,YOR025W,90
3984,YOR026W,130
3985,YOR027W,100
3986,YOR028C,165
3987,YOR029W,18
3988,YOR030W,360
3989,YOR032C,12
3990,YOR032W-A,17
3991,YOR034C,517
3992,YOR035C,204
3993,YOR036W,43
3994,YOR037W,302
3995,YOR038C,75
3996,YOR040W,254
3997,YOR042W,197
3998,YOR043W,8
3999,YOR044W,40
4000,YOR045W,195
4001,YOR046C,29
4002,YOR048C,418
4003,YOR049C,341
4004,YOR050C,145
4005,YOR051C,98
4006,YOR052C,214
4007,YOR053W,27
4008,YOR057W,167
4009,YOR058C,354
4010,YOR059C,22
4011,YOR061W,183
4012,YOR062C,103
4013,YOR063W,111
4014,YOR064C,124
4015,YOR065W,408
4016,YOR066W,80
4017,YOR067C,276
4018,YOR068C,276
4019,YOR069W,33
4020,YOR071C,127
4021,YOR072W,158
4022,YOR072W-A,161
4023,YOR072W-B,578
4024,YOR073W,41
4025,YOR073W-A,548
4026,YOR079C,88
4027,YOR080W,36
4028,YOR081C,112
4029,YOR083W,236
4030,YOR084W,94
4031,YOR086C,584
4032,YOR087W,33
4033,YOR089C,33
4034,YOR091W,31
4035,YOR092W,246
4036,YOR094W,240
4037,YOR095C,23
4038,YOR096W,52
4039,YOR097C,399
4040,YOR099W,418
4041,YOR100C,135
4042,YOR102W,28
4043,YOR104W,265
4044,YOR105W,178
4045,YOR106W,143
4046,YOR107W,70
4047,YOR108C-A,63
4048,YOR108W,321
4049,YOR109W,384
4050,YOR110W,139
4051,YOR113W,92
4052,YOR114W,487
4053,YOR115C,24
4054,YOR116C,373
4055,YOR117W,294
4056,YOR118W,366
4057,YOR119C,100
4058,YOR120W,116
4059,YOR122C,268
4060,YOR123C,438
4061,YOR124C,294
4062,YOR125C,125
4063,YOR128C,95
4064,YOR129C,72
4065,YOR130C,477
4066,YOR131C,41
4067,YOR132W,220
4068,YOR133W,261
4069,YOR134W,105
4070,YOR136W,113
4071,YOR137C,512
4072,YOR138C,560
4073,YOR140W,24
4074,YOR141C,316
4075,YOR142W,60
4076,YOR143C,103
4077,YOR144C,541
4078,YOR145C,561
4079,YOR146W,243
4080,YOR147W,10
4081,YOR148C,565
4082,YOR149C,102
4083,YOR150W,43
4084,YOR151C,21
4085,YOR152C,459
4086,YOR153W,93
4087,YOR158W,245
4088,YOR161C,76
4089,YOR161C-C,218
4090,YOR162C,334
4091,YOR163W,418
4092,YOR166C,47
4093,YOR168W,93
4094,YOR169C,27
4095,YOR170W,92
4096,YOR171C,8
4097,YOR172W,55
4098,YOR173W,127
4099,YOR174W,367
4100,YOR175C,372
4101,YOR176W,360
4102,YOR177C,126
4103,YOR178C,364
4104,YOR179C,289
4105,YOR180C,107
4106,YOR181W,92
4107,YOR182C,8
4108,YOR184W,123
4109,YOR185C,14
4110,YOR186C-A,65
4111,YOR186W,141
4112,YOR187W,352
4113,YOR188W,55
4114,YOR189W,371
4115,YOR190W,18
4116,YOR191W,349
4117,YOR192C,136
4118,YOR193W,89
4119,YOR194C,181
4120,YOR197W,176
4121,YOR198C,202
4122,YOR200W,114
4123,YOR201C,173
4124,YOR202W,68
4125,YOR204W,92
4126,YOR205C,223
4127,YOR207C,194
4128,YOR208W,241
4129,YOR211C,556
4130,YOR213C,268
4131,YOR214C,163
4132,YOR215C,160
4133,YOR216C,68
4134,YOR217W,247
4135,YOR218C,114
4136,YOR219C,15
4137,YOR221C,15
4138,YOR222W,37
4139,YOR223W,103
4140,YOR224C,47
4141,YOR226C,88
4142,YOR227W,463
4143,YOR228C,255
4144,YOR230W,139
4145,YOR231C-A,126
4146,YOR231W,453
4147,YOR232W,145
4148,YOR233W,7
4149,YOR234C,433
4150,YOR235W,35
4151,YOR237W,144
4152,YOR238W,378
4153,YOR239W,223
4154,YOR242C,95
4155,YOR245C,46
4156,YOR246C,141
4157,YOR247W,249
4158,YOR248W,586
4159,YOR249C,54
4160,YOR253W,134
4161,YOR256C,571
4162,YOR258W,157
4163,YOR261C,531
4164,YOR264W,134
4165,YOR265W,96
4166,YOR266W,246
4167,YOR267C,7
4168,YOR270C,409
4169,YOR271C,493
4170,YOR272W,570
4171,YOR273C,25
4172,YOR276W,597
4173,YOR277C,43
4174,YOR278W,354
4175,YOR279C,72
4176,YOR280C,98
4177,YOR281C,316
4178,YOR283W,35
4179,YOR285W,83
4180,YOR286W,92
4181,YOR287C,230
4182,YOR288C,131
4183,YOR289W,76
4184,YOR290C,87
4185,YOR291W,284
4186,YOR292C,32
4187,YOR293C-A,141
4188,YOR293W,489
4189,YOR294W,15
4190,YOR296W,129
4191,YOR298C-A,144
4192,YOR298W,389
4193,YOR300W,194
4194,YOR301W,263
4195,YOR302W,259
4196,YOR303W,393
4197,YOR304C-A,237
4198,YOR304W,422
4199,YOR305W,38
4200,YOR306C,172
4201,YOR307C,28
4202,YOR308C,100
4203,YOR311C,102
4204,YOR313C,148
4205,YOR315W,32
4206,YOR316C,44
4207,YOR316C-A,320
4208,YOR317W,83
4209,YOR318C,560
4210,YOR320C,156
4211,YOR322C,430
4212,YOR323C,7
4213,YOR327C,93
4214,YOR328W,161
4215,YOR329C,237
4216,YOR329W-A,397
4217,YOR331C,254
4218,YOR332W,97
4219,YOR335C,491
4220,YOR335W-A,508
4221,YOR336W,75
4222,YOR337W,22
4223,YOR338W,98
4224,YOR339C,309
4225,YOR340C,40
4226,YOR343C,234
4227,YOR344C,318
4228,YOR345C,182
4229,YOR346W,174
4230,YOR347C,120
4231,YOR348C,108
4232,YOR350C,247
4233,YOR351C,111
4234,YOR352W,33
4235,YOR353C,234
4236,YOR354C,122
4237,YOR355W,29
4238,YOR356W,79
4239,YOR359W,27
4240,YOR360C,292
4241,YOR364W,317
4242,YOR365C,22
4243,YOR366W,38
4244,YOR367W,82
4245,YOR368W,57
4246,YOR369C,21
4247,YOR370C,112
4248,YOR371C,330
4249,YOR374W,130
4250,YOR375C,147
4251,YOR376W,44
4252,YOR376W-A,426
4253,YOR377W,244
4254,YOR380W,201
4255,YOR381W,82
4256,YOR381W-A,255
4257,YOR382W,88
4258,YOR385W,62
4259,YOR387C,91
4260,YOR388C,180
4261,YOR389W,422
4262,YOR390W,518
4263,YOR391C,466
4264,YOR393W,104
4265,YOR394C-A,257
4266,YOR394W,129
4267,YPL002C,345
4268,YPL003W,243
4269,YPL004C,123
4270,YPL006W,424
4271,YPL007C,64
4272,YPL008W,537
4273,YPL012W,304
4274,YPL013C,74
4275,YPL014W,89
4276,YPL015C,564
4277,YPL017C,458
4278,YPL018W,67
4279,YPL019C,466
4280,YPL020C,255
4281,YPL021W,598
4282,YPL022W,404
4283,YPL026C,121
4284,YPL027W,326
4285,YPL028W,31
4286,YPL030W,472
4287,YPL033C,73
4288,YPL034W,147
4289,YPL035C,398
4290,YPL036W,176
4291,YPL038W,213
4292,YPL040C,62
4293,YPL041C,230
4294,YPL042C,303
4295,YPL043W,206
4296,YPL046C,365
4297,YPL047W,152
4298,YPL049C,581
4299,YPL050C,396
4300,YPL051W,558
4301,YPL052W,105
4302,YPL053C,73
4303,YPL054W,34
4304,YPL056C,243
4305,YPL057C,292
4306,YPL058C,191
4307,YPL059W,133
4308,YPL060W,72
4309,YPL061W,62
4310,YPL065W,175
4311,YPL066W,35
4312,YPL067C,48
4313,YPL069C,291
4314,YPL070W,364
4315,YPL072W,105
4316,YPL074W,200
4317,YPL075W,12
4318,YPL077C,329
4319,YPL079W,77
4320,YPL081W,116
4321,YPL082C,222
4322,YPL083C,40
4323,YPL084W,315
4324,YPL085W,218
4325,YPL086C,595
4326,YPL087W,409
4327,YPL088W,96
4328,YPL089C,12
4329,YPL091W,35
4330,YPL092W,584
4331,YPL093W,56
4332,YPL094C,262
4333,YPL095C,103
4334,YPL096C-A,447
4335,YPL096W,47
4336,YPL100W,192
4337,YPL103C,261
4338,YPL108W,131
4339,YPL109C,92
4340,YPL110C,23
4341,YPL111W,134
4342,YPL112C,22
4343,YPL113C,258
4344,YPL114W,63
4345,YPL115C,332
4346,YPL118W,269
4347,YPL119C,76
4348,YPL120W,253
4349,YPL122C,500
4350,YPL123C,269
4351,YPL124W,235
4352,YPL125W,283
4353,YPL128C,319
4354,YPL129W,492
4355,YPL130W,143
4356,YPL132W,472
4357,YPL133C,17
4358,YPL134C,85
4359,YPL135C-A,470
4360,YPL135W,100
4361,YPL136W,70
4362,YPL137C,72
4363,YPL138C,286
4364,YPL139C,279
4365,YPL140C,15
4366,YPL141C,30
4367,YPL142C,65
4368,YPL146C,342
4369,YPL147W,86
4370,YPL148C,165
4371,YPL149W,274
4372,YPL152W,19
4373,YPL152W-A,211
4374,YPL154C,325
4375,YPL156C,86
4376,YPL157W,378
4377,YPL158C,129
4378,YPL159C,69
4379,YPL160W,30
4380,YPL161C,550
4381,YPL162C,225
4382,YPL163C,11
4383,YPL164C,250
4384,YPL165C,36
4385,YPL167C,264
4386,YPL168W,208
4387,YPL169C,176
4388,YPL170W,116
4389,YPL171C,47
4390,YPL172C,237
4391,YPL174C,561
4392,YPL175W,9
4393,YPL176C,12
4394,YPL177C,138
4395,YPL178W,197
4396,YPL179W,163
4397,YPL180W,216
4398,YPL181W,378
4399,YPL182C,576
4400,YPL185W,12
4401,YPL186C,410
4402,YPL187W,17
4403,YPL188W,339
4404,YPL189C-A,150
4405,YPL189W,494
4406,YPL190C,387
4407,YPL191C,426
4408,YPL192C,20
4409,YPL193W,268
4410,YPL194W,370
4411,YPL195W,539
4412,YPL196W,102
4413,YPL197C,66
4414,YPL198W,114
4415,YPL199C,288
4416,YPL200W,236
4417,YPL201C,98
4418,YPL202C,94
4419,YPL203W,368
4420,YPL204W,25
4421,YPL205C,366
4422,YPL206C,75
4423,YPL207W,128
4424,YPL208W,23
4425,YPL209C,128
4426,YPL210C,454
4427,YPL213W,316
4428,YPL214C,415
4429,YPL215W,186
4430,YPL217C,426
4431,YPL218W,15
4432,YPL221W,79
4433,YPL222C-A,134
4434,YPL222W,313
4435,YPL223C,122
4436,YPL225W,188
4437,YPL226W,233
4438,YPL227C,284
4439,YPL228W,75
4440,YPL229W,440
4441,YPL230W,231
4442,YPL231W,118
4443,YPL233W,199
4444,YPL234C,428
4445,YPL237W,425
4446,YPL238C,521
4447,YPL240C,33
4448,YPL241C,211
4449,YPL242C,220
4450,YPL243W,253
4451,YPL244C,234
4452,YPL245W,92
4453,YPL246C,200
4454,YPL247C,112
4455,YPL249C,413
4456,YPL250C,155
4457,YPL251W,320
4458,YPL252C,73
4459,YPL253C,298
4460,YPL254W,83
4461,YPL256C,118
4462,YPL257W,342
4463,YPL258C,31
4464,YPL259C,266
4465,YPL260W,292
4466,YPL262W,235
4467,YPL263C,600
4468,YPL264C,152
4469,YPL265W,183
4470,YPL267W,83
4471,YPL268W,42
4472,YPL269W,156
4473,YPL270W,63
4474,YPL271W,329
4475,YPL272C,92
4476,YPL274W,152
4477,YPL277C,309
4478,YPL278C,42
4479,YPL279C,519
4480,YPL280W,465
4481,YPL281C,104
4482,YPL282C,129
4483,YPL283C,517
4484,YPR001W,34
4485,YPR002C-A,252
4486,YPR002W,96
4487,YPR003C,123
4488,YPR004C,546
4489,YPR005C,43
4490,YPR006C,76
4491,YPR007C,30
4492,YPR008W,26
4493,YPR010C-A,9
4494,YPR011C,420
4495,YPR013C,226
4496,YPR015C,33
4497,YPR016C,319
4498,YPR017C,105
4499,YPR018W,459
4500,YPR019W,301
4501,YPR020W,463
4502,YPR021C,443
4503,YPR022C,51
4504,YPR027C,532
4505,YPR029C,497
4506,YPR030W,80
4507,YPR031W,224
4508,YPR032W,67
4509,YPR033C,236
4510,YPR034W,19
4511,YPR035W,59
4512,YPR036W,30
4513,YPR036W-A,86
4514,YPR037C,184
4515,YPR038W,445
4516,YPR040W,48
4517,YPR041W,283
4518,YPR042C,436
4519,YPR043W,73
4520,YPR044C,14
4521,YPR047W,163
4522,YPR048W,201
4523,YPR049C,133
4524,YPR050C,157
4525,YPR051W,159
4526,YPR052C,24
4527,YPR054W,570
4528,YPR055W,59
4529,YPR056W,522
4530,YPR058W,464
4531,YPR059C,85
4532,YPR060C,301
4533,YPR061C,538
4534,YPR062W,369
4535,YPR066W,159
4536,YPR068C,190
4537,YPR069C,88
4538,YPR071W,76
4539,YPR072W,400
4540,YPR073C,199
4541,YPR074C,215
4542,YPR075C,267
4543,YPR078C,23
4544,YPR079W,384
4545,YPR080W,584
4546,YPR081C,178
4547,YPR084W,7
4548,YPR085C,83
4549,YPR086W,71
4550,YPR092W,343
4551,YPR093C,9
4552,YPR094W,407
4553,YPR096C,510
4554,YPR097W,103
4555,YPR099C,112
4556,YPR101W,65
4557,YPR102C,315
4558,YPR103W,289
4559,YPR104C,20
4560,YPR105C,257
4561,YPR106W,81
4562,YPR107C,131
4563,YPR108W,264
4564,YPR108W-A,388
4565,YPR109W,171
4566,YPR110C,267
4567,YPR111W,207
4568,YPR112C,129
4569,YPR113W,104
4570,YPR115W,583
4571,YPR117W,172
4572,YPR118W,202
4573,YPR119W,108
4574,YPR122W,51
4575,YPR123C,392
4576,YPR125W,353
4577,YPR126C,10
4578,YPR127W,148
4579,YPR131C,83
4580,YPR132W,391
4581,YPR133C,49
4582,YPR133W-A,303
4583,YPR134W,153
4584,YPR135W,300
4585,YPR136C,184
4586,YPR137W,19
4587,YPR138C,326
4588,YPR141C,149
4589,YPR143W,256
4590,YPR144C,465
4591,YPR145C-A,106
4592,YPR145W,22
4593,YPR147C,208
4594,YPR149W,279
4595,YPR151C,28
4596,YPR152C,37
4597,YPR154W,100
4598,YPR155C,248
4599,YPR156C,339
4600,YPR159C-A,251
4601,YPR159W,118
4602,YPR160C-A,384
4603,YPR160W,131
4604,YPR160W-A,381
4605,YPR162C,39
4606,YPR164W,474
4607,YPR165W,214
4608,YPR166C,15
4609,YPR167C,95
4610,YPR168W,22
4611,YPR169W,186
4612,YPR169W-A,548
4613,YPR170C,167
4614,YPR170W-B,548
4615,YPR171W,69
4616,YPR172W,93
4617,YPR176C,64
4618,YPR177C,487
4619,YPR178W,191
4620,YPR179C,52
4621,YPR184W,14
4622,YPR185W,478
4623,YPR187W,535
4624,YPR190C,204
4625,YPR191W,135
4626,YPR193C,79
4627,YPR194C,237
4628,YPR195C,48
4629,YPR196W,87
4630,YPR197C,73
4631,YPR198W,253
4632,YPR199C,82
4633,YPR200C,60
4634,YPR201W,66
4635,YPR202W,319
