,id,count(TATA_distFromORF)
0,YAL001C,3
1,YAL002W,4
2,YAL003W,3
3,YAL005C,1
4,YAL008W,1
5,YAL009W,2
6,YAL011W,3
7,YAL012W,1
8,YAL013W,2
9,YAL015C,2
10,YAL016W,1
11,YAL017W,3
12,YAL018C,6
13,YAL021C,1
14,YAL022C,2
15,YAL024C,2
16,YAL025C,4
17,YAL026C,2
18,YAL026C-A,1
19,YAL027W,1
20,YAL028W,1
21,YAL030W,1
22,YAL031C,1
23,YAL032C,1
24,YAL033W,1
25,YAL034C,3
26,YAL034W-A,1
27,YAL037C-A,2
28,YAL037C-B,5
29,YAL037W,4
30,YAL038W,2
31,YAL041W,3
32,YAL042W,3
33,YAL043C,1
34,YAL044C,4
35,YAL044W-A,4
36,YAL045C,3
37,YAL046C,4
38,YAL047C,2
39,YAL048C,2
40,YAL051W,3
41,YAL053W,3
42,YAL054C,2
43,YAL055W,1
44,YAL056W,1
45,YAL058W,3
46,YAL059C-A,1
47,YAL060W,3
48,YAL061W,2
49,YAL062W,13
50,YAL063C,2
51,YAL063C-A,2
52,YAL064W,1
53,YAL066W,1
54,YAL067C,5
55,YAL068C,2
56,YAR002C-A,2
57,YAR003W,2
58,YAR008W,1
59,YAR014C,5
60,YAR015W,6
61,YAR018C,7
62,YAR020C,2
63,YAR023C,1
64,YAR027W,6
65,YAR028W,3
66,YAR030C,1
67,YAR031W,1
68,YAR033W,5
69,YAR035W,4
70,YAR050W,1
71,YAR053W,1
72,YAR064W,1
73,YAR066W,2
74,YAR069C,3
75,YAR070C,1
76,YAR071W,1
77,YAR073W,4
78,YBL002W,5
79,YBL003C,4
80,YBL006W-A,5
81,YBL007C,4
82,YBL008W-A,1
83,YBL011W,1
84,YBL014C,2
85,YBL015W,6
86,YBL016W,5
87,YBL019W,3
88,YBL021C,2
89,YBL022C,1
90,YBL025W,1
91,YBL026W,3
92,YBL028C,2
93,YBL029C-A,1
94,YBL029W,5
95,YBL030C,7
96,YBL031W,7
97,YBL032W,5
98,YBL033C,6
99,YBL034C,3
100,YBL035C,2
101,YBL036C,1
102,YBL037W,4
103,YBL039W-B,2
104,YBL040C,1
105,YBL041W,1
106,YBL042C,2
107,YBL043W,5
108,YBL044W,2
109,YBL045C,3
110,YBL046W,1
111,YBL047C,2
112,YBL048W,3
113,YBL049W,3
114,YBL052C,5
115,YBL053W,6
116,YBL057C,1
117,YBL058W,1
118,YBL059C-A,1
119,YBL059W,4
120,YBL060W,2
121,YBL061C,1
122,YBL062W,2
123,YBL063W,7
124,YBL064C,12
125,YBL066C,4
126,YBL067C,3
127,YBL068W,1
128,YBL068W-A,2
129,YBL069W,2
130,YBL071C,2
131,YBL071W-A,2
132,YBL072C,4
133,YBL074C,2
134,YBL075C,2
135,YBL077W,1
136,YBL078C,3
137,YBL081W,2
138,YBL082C,1
139,YBL084C,3
140,YBL086C,1
141,YBL087C,3
142,YBL088C,7
143,YBL091C-A,4
144,YBL094C,3
145,YBL095W,1
146,YBL097W,13
147,YBL098W,4
148,YBL099W,1
149,YBL100W-C,2
150,YBL101C,2
151,YBL102W,1
152,YBL103C,1
153,YBL104C,7
154,YBL105C,4
155,YBL106C,3
156,YBL107C,3
157,YBL107W-A,2
158,YBL108C-A,2
159,YBL109W,3
160,YBR001C,2
161,YBR006W,2
162,YBR008C,2
163,YBR009C,4
164,YBR010W,4
165,YBR013C,3
166,YBR014C,5
167,YBR015C,1
168,YBR016W,1
169,YBR017C,1
170,YBR018C,1
171,YBR019C,1
172,YBR020W,2
173,YBR021W,1
174,YBR022W,1
175,YBR023C,5
176,YBR024W,1
177,YBR025C,2
178,YBR026C,2
179,YBR028C,6
180,YBR029C,1
181,YBR030W,1
182,YBR031W,2
183,YBR032W,4
184,YBR033W,1
185,YBR034C,1
186,YBR035C,4
187,YBR036C,4
188,YBR037C,3
189,YBR038W,5
190,YBR040W,6
191,YBR041W,4
192,YBR042C,1
193,YBR043C,2
194,YBR044C,1
195,YBR045C,1
196,YBR048W,3
197,YBR049C,2
198,YBR050C,2
199,YBR052C,5
200,YBR053C,1
201,YBR054W,4
202,YBR055C,2
203,YBR056C-B,4
204,YBR056W,2
205,YBR056W-A,3
206,YBR057C,11
207,YBR058C-A,2
208,YBR059C,2
209,YBR060C,2
210,YBR061C,3
211,YBR062C,2
212,YBR063C,2
213,YBR066C,4
214,YBR067C,3
215,YBR068C,5
216,YBR069C,3
217,YBR070C,1
218,YBR071W,4
219,YBR072C-A,1
220,YBR072W,2
221,YBR073W,4
222,YBR074W,1
223,YBR076C-A,3
224,YBR076W,5
225,YBR078W,2
226,YBR079C,3
227,YBR080C,3
228,YBR081C,2
229,YBR083W,3
230,YBR085C-A,1
231,YBR087W,1
232,YBR088C,3
233,YBR089C-A,3
234,YBR089W,3
235,YBR090C,1
236,YBR091C,4
237,YBR092C,1
238,YBR093C,4
239,YBR096W,1
240,YBR097W,4
241,YBR098W,4
242,YBR099C,3
243,YBR101C,2
244,YBR102C,1
245,YBR103C-A,2
246,YBR104W,2
247,YBR105C,3
248,YBR106W,5
249,YBR107C,1
250,YBR108W,1
251,YBR109W-A,2
252,YBR110W,2
253,YBR111C,1
254,YBR111W-A,1
255,YBR113W,2
256,YBR114W,1
257,YBR115C,4
258,YBR117C,4
259,YBR118W,9
260,YBR120C,5
261,YBR121C,3
262,YBR123C,3
263,YBR125C,3
264,YBR126C,3
265,YBR126W-A,6
266,YBR126W-B,6
267,YBR127C,1
268,YBR128C,1
269,YBR129C,3
270,YBR132C,2
271,YBR133C,5
272,YBR135W,5
273,YBR136W,2
274,YBR138C,1
275,YBR139W,2
276,YBR140C,3
277,YBR143C,2
278,YBR144C,2
279,YBR145W,5
280,YBR146W,6
281,YBR147W,4
282,YBR148W,1
283,YBR149W,4
284,YBR150C,2
285,YBR151W,4
286,YBR152W,2
287,YBR153W,1
288,YBR154C,5
289,YBR155W,2
290,YBR156C,1
291,YBR157C,2
292,YBR158W,2
293,YBR159W,2
294,YBR160W,9
295,YBR161W,2
296,YBR162C,1
297,YBR162W-A,2
298,YBR163W,2
299,YBR164C,4
300,YBR165W,1
301,YBR166C,1
302,YBR167C,2
303,YBR169C,5
304,YBR170C,1
305,YBR172C,2
306,YBR174C,1
307,YBR176W,7
308,YBR177C,1
309,YBR179C,1
310,YBR181C,1
311,YBR182C,1
312,YBR182C-A,12
313,YBR183W,8
314,YBR184W,2
315,YBR185C,8
316,YBR186W,5
317,YBR187W,1
318,YBR190W,2
319,YBR191W,3
320,YBR191W-A,1
321,YBR192W,5
322,YBR193C,3
323,YBR194W,1
324,YBR195C,2
325,YBR196C,3
326,YBR197C,1
327,YBR200W,2
328,YBR200W-A,3
329,YBR201C-A,5
330,YBR203W,10
331,YBR207W,4
332,YBR208C,1
333,YBR209W,3
334,YBR210W,1
335,YBR212W,1
336,YBR213W,5
337,YBR214W,5
338,YBR215W,3
339,YBR217W,1
340,YBR219C,2
341,YBR220C,3
342,YBR221C,1
343,YBR222C,2
344,YBR223C,3
345,YBR223W-A,2
346,YBR225W,1
347,YBR227C,2
348,YBR228W,1
349,YBR229C,3
350,YBR230C,4
351,YBR230W-A,1
352,YBR233W-A,3
353,YBR238C,1
354,YBR239C,6
355,YBR240C,16
356,YBR241C,2
357,YBR242W,6
358,YBR243C,1
359,YBR244W,5
360,YBR246W,1
361,YBR247C,1
362,YBR249C,5
363,YBR250W,1
364,YBR252W,3
365,YBR253W,1
366,YBR255C-A,1
367,YBR256C,5
368,YBR257W,1
369,YBR258C,3
370,YBR259W,1
371,YBR260C,6
372,YBR261C,1
373,YBR263W,4
374,YBR266C,2
375,YBR267W,1
376,YBR268W,2
377,YBR269C,3
378,YBR271W,1
379,YBR272C,4
380,YBR274W,1
381,YBR275C,6
382,YBR276C,1
383,YBR279W,3
384,YBR280C,4
385,YBR285W,5
386,YBR286W,3
387,YBR287W,1
388,YBR290W,5
389,YBR291C,4
390,YBR293W,2
391,YBR294W,3
392,YBR295W,5
393,YBR296C,4
394,YBR296C-A,3
395,YBR298C,4
396,YBR299W,2
397,YBR301W,2
398,YBR302C,1
399,YCL001W,1
400,YCL001W-A,1
401,YCL004W,6
402,YCL005W,3
403,YCL005W-A,2
404,YCL007C,2
405,YCL008C,1
406,YCL009C,3
407,YCL010C,1
408,YCL011C,1
409,YCL012C,5
410,YCL014W,3
411,YCL017C,5
412,YCL018W,4
413,YCL022C,3
414,YCL023C,1
415,YCL024W,2
416,YCL025C,2
417,YCL026C-A,3
418,YCL026C-B,6
419,YCL027W,3
420,YCL030C,2
421,YCL031C,7
422,YCL034W,6
423,YCL035C,8
424,YCL038C,1
425,YCL039W,7
426,YCL040W,8
427,YCL042W,6
428,YCL043C,7
429,YCL044C,1
430,YCL045C,5
431,YCL047C,4
432,YCL048W,2
433,YCL048W-A,3
434,YCL049C,2
435,YCL054W,5
436,YCL054W-A,3
437,YCL055W,1
438,YCL057C-A,3
439,YCL057W,1
440,YCL058C,5
441,YCL059C,2
442,YCL061C,4
443,YCL063W,2
444,YCL064C,2
445,YCL065W,2
446,YCL066W,4
447,YCL067C,5
448,YCL068C,6
449,YCL069W,9
450,YCL073C,1
451,YCR001W,3
452,YCR002C,2
453,YCR004C,2
454,YCR005C,1
455,YCR007C,4
456,YCR008W,4
457,YCR009C,7
458,YCR010C,4
459,YCR012W,3
460,YCR013C,5
461,YCR014C,2
462,YCR015C,2
463,YCR016W,1
464,YCR017C,2
465,YCR019W,1
466,YCR020C,2
467,YCR020C-A,1
468,YCR020W-B,1
469,YCR021C,1
470,YCR022C,1
471,YCR023C,2
472,YCR024C-A,1
473,YCR024C-B,1
474,YCR026C,7
475,YCR027C,1
476,YCR028C,3
477,YCR030C,3
478,YCR031C,3
479,YCR034W,6
480,YCR035C,1
481,YCR036W,1
482,YCR037C,1
483,YCR039C,5
484,YCR040W,4
485,YCR041W,2
486,YCR042C,3
487,YCR043C,1
488,YCR045C,2
489,YCR046C,4
490,YCR048W,1
491,YCR050C,9
492,YCR051W,9
493,YCR054C,5
494,YCR059C,18
495,YCR060W,8
496,YCR061W,4
497,YCR063W,1
498,YCR068W,1
499,YCR071C,3
500,YCR072C,1
501,YCR073C,1
502,YCR075C,2
503,YCR075W-A,1
504,YCR076C,2
505,YCR081C-A,1
506,YCR081W,3
507,YCR082W,3
508,YCR083W,5
509,YCR084C,2
510,YCR086W,4
511,YCR087C-A,1
512,YCR087W,2
513,YCR088W,5
514,YCR089W,2
515,YCR090C,4
516,YCR094W,1
517,YCR095C,2
518,YCR095W-A,2
519,YCR096C,3
520,YCR097W,1
521,YCR098C,2
522,YCR099C,3
523,YCR101C,1
524,YCR102C,1
525,YCR104W,2
526,YCR105W,3
527,YCR107W,2
528,YDL001W,1
529,YDL002C,2
530,YDL003W,7
531,YDL004W,3
532,YDL005C,1
533,YDL006W,1
534,YDL008W,8
535,YDL009C,3
536,YDL010W,1
537,YDL011C,2
538,YDL012C,1
539,YDL013W,1
540,YDL014W,1
541,YDL015C,1
542,YDL017W,1
543,YDL018C,3
544,YDL019C,2
545,YDL020C,3
546,YDL021W,7
547,YDL022W,4
548,YDL024C,1
549,YDL025W-A,5
550,YDL026W,2
551,YDL027C,10
552,YDL028C,5
553,YDL029W,2
554,YDL030W,1
555,YDL031W,1
556,YDL032W,1
557,YDL034W,2
558,YDL035C,3
559,YDL036C,2
560,YDL040C,1
561,YDL041W,1
562,YDL042C,3
563,YDL044C,1
564,YDL045C,3
565,YDL045W-A,2
566,YDL046W,8
567,YDL048C,3
568,YDL049C,2
569,YDL053C,5
570,YDL055C,4
571,YDL057W,3
572,YDL060W,2
573,YDL061C,5
574,YDL065C,1
575,YDL066W,2
576,YDL068W,2
577,YDL069C,1
578,YDL070W,3
579,YDL072C,4
580,YDL073W,2
581,YDL074C,1
582,YDL077C,1
583,YDL078C,7
584,YDL081C,2
585,YDL082W,2
586,YDL084W,2
587,YDL085C-A,2
588,YDL085W,2
589,YDL086C-A,3
590,YDL086W,1
591,YDL087C,2
592,YDL089W,4
593,YDL090C,2
594,YDL091C,2
595,YDL092W,5
596,YDL093W,1
597,YDL097C,2
598,YDL098C,3
599,YDL102W,2
600,YDL103C,3
601,YDL104C,4
602,YDL107W,2
603,YDL108W,3
604,YDL109C,1
605,YDL110C,5
606,YDL111C,5
607,YDL112W,1
608,YDL113C,1
609,YDL115C,3
610,YDL116W,2
611,YDL118W,6
612,YDL122W,2
613,YDL123W,3
614,YDL124W,5
615,YDL125C,4
616,YDL126C,2
617,YDL127W,1
618,YDL128W,3
619,YDL129W,5
620,YDL130W,3
621,YDL130W-A,3
622,YDL131W,14
623,YDL132W,1
624,YDL133C-A,2
625,YDL133W,4
626,YDL134C,2
627,YDL135C,8
628,YDL138W,3
629,YDL139C,7
630,YDL140C,4
631,YDL141W,1
632,YDL142C,1
633,YDL143W,1
634,YDL145C,1
635,YDL146W,4
636,YDL149W,1
637,YDL150W,1
638,YDL153C,3
639,YDL159C-B,1
640,YDL160C-A,9
641,YDL162C,2
642,YDL163W,1
643,YDL165W,3
644,YDL166C,6
645,YDL167C,5
646,YDL168W,5
647,YDL169C,2
648,YDL171C,1
649,YDL173W,4
650,YDL174C,3
651,YDL175C,4
652,YDL178W,3
653,YDL180W,1
654,YDL182W,2
655,YDL184C,5
656,YDL185C-A,1
657,YDL185W,1
658,YDL186W,2
659,YDL188C,2
660,YDL189W,1
661,YDL190C,1
662,YDL191W,1
663,YDL192W,1
664,YDL193W,6
665,YDL194W,3
666,YDL195W,1
667,YDL196W,1
668,YDL198C,6
669,YDL199C,1
670,YDL200C,1
671,YDL201W,1
672,YDL202W,3
673,YDL203C,4
674,YDL204W,1
675,YDL205C,2
676,YDL206W,1
677,YDL207W,4
678,YDL210W,4
679,YDL212W,1
680,YDL213C,1
681,YDL215C,1
682,YDL216C,2
683,YDL217C,1
684,YDL218W,1
685,YDL222C,2
686,YDL223C,1
687,YDL228C,8
688,YDL229W,4
689,YDL230W,1
690,YDL231C,2
691,YDL232W,1
692,YDL233W,2
693,YDL234C,4
694,YDL236W,3
695,YDL238C,3
696,YDL241W,11
697,YDL243C,1
698,YDL244W,4
699,YDL245C,3
700,YDL246C,4
701,YDL247W,3
702,YDL247W-A,3
703,YDL248W,1
704,YDR001C,4
705,YDR002W,5
706,YDR003W,4
707,YDR004W,4
708,YDR005C,2
709,YDR006C,2
710,YDR007W,3
711,YDR008C,1
712,YDR009W,1
713,YDR010C,3
714,YDR011W,2
715,YDR012W,2
716,YDR013W,1
717,YDR014W,1
718,YDR014W-A,1
719,YDR015C,2
720,YDR016C,3
721,YDR017C,4
722,YDR019C,4
723,YDR021W,3
724,YDR023W,8
725,YDR024W,5
726,YDR025W,3
727,YDR026C,3
728,YDR027C,4
729,YDR028C,3
730,YDR031W,3
731,YDR032C,9
732,YDR033W,2
733,YDR034W-B,1
734,YDR036C,1
735,YDR037W,3
736,YDR038C,1
737,YDR039C,1
738,YDR040C,8
739,YDR042C,3
740,YDR043C,1
741,YDR044W,1
742,YDR045C,2
743,YDR047W,4
744,YDR048C,1
745,YDR050C,1
746,YDR051C,7
747,YDR052C,4
748,YDR053W,2
749,YDR055W,3
750,YDR056C,3
751,YDR057W,1
752,YDR058C,3
753,YDR059C,2
754,YDR060W,1
755,YDR061W,1
756,YDR063W,4
757,YDR065W,1
758,YDR066C,1
759,YDR067C,1
760,YDR068W,3
761,YDR069C,1
762,YDR070C,5
763,YDR072C,1
764,YDR073W,5
765,YDR075W,4
766,YDR076W,4
767,YDR077W,2
768,YDR079C-A,3
769,YDR079W,4
770,YDR080W,4
771,YDR083W,3
772,YDR084C,1
773,YDR085C,2
774,YDR086C,2
775,YDR087C,2
776,YDR088C,4
777,YDR090C,3
778,YDR092W,2
779,YDR094W,1
780,YDR097C,1
781,YDR098C,4
782,YDR100W,2
783,YDR101C,1
784,YDR103W,2
785,YDR106W,1
786,YDR109C,2
787,YDR110W,4
788,YDR113C,5
789,YDR114C,5
790,YDR115W,10
791,YDR116C,1
792,YDR118W-A,3
793,YDR119W,2
794,YDR119W-A,1
795,YDR120C,2
796,YDR121W,1
797,YDR124W,3
798,YDR125C,5
799,YDR126W,8
800,YDR127W,4
801,YDR129C,2
802,YDR130C,3
803,YDR132C,4
804,YDR133C,1
805,YDR135C,4
806,YDR137W,3
807,YDR140W,2
808,YDR141C,3
809,YDR142C,3
810,YDR143C,5
811,YDR144C,1
812,YDR145W,2
813,YDR146C,3
814,YDR148C,3
815,YDR150W,1
816,YDR151C,1
817,YDR152W,1
818,YDR153C,1
819,YDR154C,3
820,YDR155C,3
821,YDR158W,1
822,YDR160W,5
823,YDR163W,1
824,YDR168W,1
825,YDR169C,3
826,YDR170C,2
827,YDR171W,3
828,YDR173C,1
829,YDR174W,2
830,YDR177W,2
831,YDR178W,4
832,YDR179C,6
833,YDR179W-A,5
834,YDR182W-A,3
835,YDR183W,4
836,YDR184C,1
837,YDR185C,7
838,YDR189W,5
839,YDR192C,1
840,YDR194C,11
841,YDR195W,8
842,YDR198C,2
843,YDR199W,4
844,YDR201W,1
845,YDR202C,2
846,YDR204W,2
847,YDR205W,2
848,YDR206W,5
849,YDR207C,1
850,YDR209C,4
851,YDR210W,6
852,YDR211W,3
853,YDR212W,6
854,YDR213W,1
855,YDR214W,2
856,YDR215C,1
857,YDR216W,5
858,YDR217C,1
859,YDR218C,4
860,YDR219C,1
861,YDR220C,1
862,YDR222W,1
863,YDR223W,2
864,YDR224C,5
865,YDR225W,3
866,YDR226W,9
867,YDR227W,1
868,YDR228C,1
869,YDR229W,4
870,YDR230W,5
871,YDR231C,3
872,YDR232W,2
873,YDR233C,4
874,YDR234W,9
875,YDR239C,2
876,YDR240C,1
877,YDR241W,1
878,YDR242W,2
879,YDR243C,6
880,YDR244W,4
881,YDR245W,5
882,YDR246W,1
883,YDR247W,1
884,YDR248C,2
885,YDR249C,1
886,YDR253C,11
887,YDR254W,3
888,YDR256C,3
889,YDR257C,3
890,YDR258C,8
891,YDR260C,4
892,YDR261C,3
893,YDR262W,1
894,YDR263C,5
895,YDR264C,2
896,YDR265W,2
897,YDR266C,1
898,YDR268W,1
899,YDR270W,2
900,YDR274C,2
901,YDR276C,2
902,YDR277C,1
903,YDR278C,1
904,YDR279W,1
905,YDR280W,2
906,YDR281C,1
907,YDR282C,4
908,YDR283C,3
909,YDR284C,5
910,YDR288W,1
911,YDR289C,4
912,YDR291W,4
913,YDR292C,2
914,YDR294C,3
915,YDR295C,4
916,YDR296W,3
917,YDR297W,1
918,YDR298C,1
919,YDR299W,1
920,YDR302W,3
921,YDR303C,1
922,YDR304C,2
923,YDR308C,3
924,YDR309C,2
925,YDR310C,1
926,YDR312W,1
927,YDR313C,1
928,YDR317W,4
929,YDR318W,4
930,YDR319C,4
931,YDR320C,3
932,YDR320C-A,4
933,YDR320W-B,5
934,YDR321W,5
935,YDR322C-A,3
936,YDR322W,3
937,YDR323C,3
938,YDR326C,6
939,YDR327W,4
940,YDR328C,4
941,YDR329C,1
942,YDR331W,1
943,YDR332W,3
944,YDR333C,1
945,YDR336W,1
946,YDR337W,2
947,YDR338C,3
948,YDR339C,3
949,YDR340W,2
950,YDR341C,3
951,YDR342C,2
952,YDR343C,2
953,YDR344C,3
954,YDR345C,2
955,YDR346C,5
956,YDR347W,4
957,YDR348C,1
958,YDR349C,1
959,YDR350C,1
960,YDR351W,1
961,YDR352W,2
962,YDR354C-A,2
963,YDR354W,1
964,YDR356W,1
965,YDR357C,3
966,YDR358W,2
967,YDR359C,4
968,YDR360W,1
969,YDR363W-A,2
970,YDR364C,2
971,YDR365C,2
972,YDR366C,1
973,YDR367W,11
974,YDR369C,4
975,YDR370C,6
976,YDR371C-A,2
977,YDR371W,1
978,YDR372C,1
979,YDR373W,1
980,YDR374C,8
981,YDR374W-A,8
982,YDR375C,1
983,YDR376W,1
984,YDR377W,3
985,YDR380W,2
986,YDR381C-A,9
987,YDR381W,2
988,YDR382W,9
989,YDR383C,5
990,YDR384C,2
991,YDR385W,6
992,YDR387C,3
993,YDR388W,1
994,YDR389W,1
995,YDR391C,3
996,YDR392W,3
997,YDR393W,2
998,YDR394W,2
999,YDR396W,4
1000,YDR397C,2
1001,YDR398W,2
1002,YDR399W,2
1003,YDR401W,6
1004,YDR403W,2
1005,YDR404C,2
1006,YDR406W,4
1007,YDR407C,1
1008,YDR408C,3
1009,YDR409W,1
1010,YDR410C,6
1011,YDR412W,1
1012,YDR413C,2
1013,YDR414C,7
1014,YDR415C,1
1015,YDR417C,2
1016,YDR419W,4
1017,YDR420W,2
1018,YDR421W,4
1019,YDR422C,4
1020,YDR423C,4
1021,YDR424C,1
1022,YDR425W,3
1023,YDR427W,9
1024,YDR428C,1
1025,YDR429C,2
1026,YDR430C,4
1027,YDR432W,2
1028,YDR434W,5
1029,YDR435C,1
1030,YDR436W,1
1031,YDR437W,2
1032,YDR438W,4
1033,YDR439W,3
1034,YDR441C,4
1035,YDR442W,4
1036,YDR444W,2
1037,YDR445C,5
1038,YDR446W,5
1039,YDR447C,3
1040,YDR448W,4
1041,YDR449C,1
1042,YDR451C,6
1043,YDR452W,6
1044,YDR453C,2
1045,YDR454C,1
1046,YDR457W,6
1047,YDR458C,3
1048,YDR461W,2
1049,YDR462W,6
1050,YDR463W,4
1051,YDR464C-A,3
1052,YDR464W,2
1053,YDR465C,1
1054,YDR466W,2
1055,YDR467C,3
1056,YDR470C,1
1057,YDR472W,3
1058,YDR475C,1
1059,YDR476C,3
1060,YDR477W,3
1061,YDR478W,1
1062,YDR479C,1
1063,YDR480W,3
1064,YDR481C,3
1065,YDR482C,1
1066,YDR485C,1
1067,YDR486C,7
1068,YDR487C,4
1069,YDR490C,5
1070,YDR491C,1
1071,YDR492W,5
1072,YDR493W,4
1073,YDR494W,4
1074,YDR495C,4
1075,YDR496C,4
1076,YDR497C,2
1077,YDR500C,4
1078,YDR501W,5
1079,YDR502C,2
1080,YDR503C,2
1081,YDR505C,3
1082,YDR506C,4
1083,YDR508C,4
1084,YDR509W,1
1085,YDR511W,1
1086,YDR512C,3
1087,YDR513W,4
1088,YDR514C,1
1089,YDR515W,1
1090,YDR516C,2
1091,YDR518W,2
1092,YDR519W,1
1093,YDR520C,2
1094,YDR522C,6
1095,YDR523C,1
1096,YDR524C,1
1097,YDR524C-B,1
1098,YDR524W-C,1
1099,YDR525W,1
1100,YDR528W,3
1101,YDR529C,1
1102,YDR530C,2
1103,YDR532C,3
1104,YDR533C,4
1105,YDR534C,1
1106,YDR535C,2
1107,YDR536W,3
1108,YDR537C,2
1109,YDR539W,3
1110,YDR540C,5
1111,YDR541C,1
1112,YDR542W,3
1113,YDR543C,4
1114,YDR544C,3
1115,YEL001C,5
1116,YEL002C,3
1117,YEL003W,2
1118,YEL004W,2
1119,YEL005C,3
1120,YEL006W,2
1121,YEL008W,1
1122,YEL009C,2
1123,YEL009C-A,3
1124,YEL010W,3
1125,YEL011W,8
1126,YEL012W,2
1127,YEL013W,7
1128,YEL014C,5
1129,YEL015W,1
1130,YEL017C-A,3
1131,YEL017W,3
1132,YEL018C-A,3
1133,YEL018W,3
1134,YEL019C,1
1135,YEL020C,4
1136,YEL020C-B,3
1137,YEL020W-A,1
1138,YEL021W,4
1139,YEL022W,2
1140,YEL023C,3
1141,YEL026W,3
1142,YEL027W,5
1143,YEL028W,1
1144,YEL030W,2
1145,YEL033W,2
1146,YEL034C-A,3
1147,YEL034W,3
1148,YEL035C,1
1149,YEL038W,2
1150,YEL039C,4
1151,YEL040W,3
1152,YEL041W,2
1153,YEL042W,5
1154,YEL046C,2
1155,YEL047C,5
1156,YEL048C,2
1157,YEL049W,2
1158,YEL050C,1
1159,YEL053W-A,1
1160,YEL054C,1
1161,YEL057C,7
1162,YEL059C-A,5
1163,YEL059W,2
1164,YEL060C,1
1165,YEL061C,2
1166,YEL063C,5
1167,YEL064C,6
1168,YEL065W,1
1169,YEL066W,1
1170,YEL067C,2
1171,YEL068C,1
1172,YEL069C,1
1173,YEL070W,4
1174,YEL071W,3
1175,YEL073C,9
1176,YEL074W,2
1177,YER001W,1
1178,YER002W,1
1179,YER003C,2
1180,YER004W,3
1181,YER005W,2
1182,YER006C-A,1
1183,YER006W,1
1184,YER007C-A,3
1185,YER007W,5
1186,YER008C,2
1187,YER010C,5
1188,YER011W,2
1189,YER014C-A,1
1190,YER015W,3
1191,YER016W,2
1192,YER017C,1
1193,YER019C-A,1
1194,YER020W,1
1195,YER022W,8
1196,YER023C-A,1
1197,YER023W,2
1198,YER024W,2
1199,YER025W,1
1200,YER026C,14
1201,YER028C,1
1202,YER035W,1
1203,YER036C,9
1204,YER037W,10
1205,YER038C,1
1206,YER038W-A,3
1207,YER039C-A,1
1208,YER040W,1
1209,YER041W,1
1210,YER042W,6
1211,YER043C,3
1212,YER044C,5
1213,YER044C-A,2
1214,YER045C,1
1215,YER047C,2
1216,YER049W,4
1217,YER052C,1
1218,YER053C,3
1219,YER053C-A,3
1220,YER054C,4
1221,YER055C,4
1222,YER056C,5
1223,YER056C-A,1
1224,YER057C,7
1225,YER058W,6
1226,YER059W,1
1227,YER060W,3
1228,YER060W-A,1
1229,YER061C,1
1230,YER062C,2
1231,YER063W,2
1232,YER064C,9
1233,YER065C,2
1234,YER066W,1
1235,YER067C-A,1
1236,YER067W,3
1237,YER068W,2
1238,YER069W,4
1239,YER070W,2
1240,YER072W,1
1241,YER073W,3
1242,YER074W,4
1243,YER074W-A,3
1244,YER076C,2
1245,YER077C,4
1246,YER078C,5
1247,YER078W-A,2
1248,YER079W,5
1249,YER080W,3
1250,YER081W,7
1251,YER082C,2
1252,YER083C,2
1253,YER084W,1
1254,YER084W-A,1
1255,YER087C-A,2
1256,YER087C-B,1
1257,YER087W,3
1258,YER088W-B,3
1259,YER089C,3
1260,YER090C-A,1
1261,YER090W,1
1262,YER091C,1
1263,YER092W,3
1264,YER093C,1
1265,YER093C-A,2
1266,YER096W,1
1267,YER097W,1
1268,YER098W,1
1269,YER101C,1
1270,YER103W,2
1271,YER104W,5
1272,YER105C,2
1273,YER107C,3
1274,YER110C,1
1275,YER113C,4
1276,YER114C,2
1277,YER115C,1
1278,YER116C,2
1279,YER117W,2
1280,YER118C,1
1281,YER119C,2
1282,YER120W,2
1283,YER121W,3
1284,YER122C,1
1285,YER123W,1
1286,YER124C,1
1287,YER126C,3
1288,YER127W,1
1289,YER128W,5
1290,YER130C,5
1291,YER131W,3
1292,YER133W-A,2
1293,YER134C,1
1294,YER137W-A,2
1295,YER138W-A,1
1296,YER139C,2
1297,YER140W,3
1298,YER141W,2
1299,YER142C,1
1300,YER143W,2
1301,YER144C,6
1302,YER145C,2
1303,YER145C-A,1
1304,YER147C-A,4
1305,YER148W,1
1306,YER148W-A,1
1307,YER150W,1
1308,YER151C,1
1309,YER158C,2
1310,YER158W-A,9
1311,YER159C,2
1312,YER161C,1
1313,YER162C,2
1314,YER163C,1
1315,YER164W,1
1316,YER165W,4
1317,YER168C,1
1318,YER170W,6
1319,YER171W,2
1320,YER172C,1
1321,YER172C-A,1
1322,YER174C,1
1323,YER175C,1
1324,YER176W,1
1325,YER177W,1
1326,YER178W,3
1327,YER179W,2
1328,YER182W,2
1329,YER183C,3
1330,YER184C,1
1331,YER185W,1
1332,YER186C,1
1333,YER188C-A,1
1334,YER188W,3
1335,YFL003C,1
1336,YFL004W,4
1337,YFL005W,4
1338,YFL007W,2
1339,YFL010C,1
1340,YFL011W,2
1341,YFL012W,2
1342,YFL013C,2
1343,YFL013W-A,2
1344,YFL014W,5
1345,YFL015C,2
1346,YFL015W-A,2
1347,YFL017W-A,10
1348,YFL018C,12
1349,YFL019C,3
1350,YFL020C,2
1351,YFL021C-A,1
1352,YFL021W,4
1353,YFL022C,10
1354,YFL024C,1
1355,YFL025C,2
1356,YFL026W,1
1357,YFL028C,4
1358,YFL029C,6
1359,YFL030W,8
1360,YFL031C-A,5
1361,YFL031W,6
1362,YFL032W,4
1363,YFL033C,5
1364,YFL034C-A,1
1365,YFL034C-B,1
1366,YFL039C,4
1367,YFL040W,2
1368,YFL041W,3
1369,YFL041W-A,1
1370,YFL044C,1
1371,YFL046W,2
1372,YFL049W,4
1373,YFL050C,3
1374,YFL051C,2
1375,YFL053W,2
1376,YFL054C,5
1377,YFL055W,4
1378,YFL058W,8
1379,YFL059W,2
1380,YFL060C,1
1381,YFL061W,3
1382,YFL062W,1
1383,YFL063W,3
1384,YFR001W,6
1385,YFR002W,1
1386,YFR003C,4
1387,YFR006W,2
1388,YFR007W,1
1389,YFR008W,3
1390,YFR009W,2
1391,YFR010W,2
1392,YFR010W-A,5
1393,YFR011C,5
1394,YFR012W,4
1395,YFR013W,3
1396,YFR014C,2
1397,YFR015C,4
1398,YFR016C,2
1399,YFR017C,5
1400,YFR018C,1
1401,YFR021W,1
1402,YFR022W,4
1403,YFR023W,2
1404,YFR024C-A,3
1405,YFR026C,1
1406,YFR027W,3
1407,YFR028C,2
1408,YFR029W,5
1409,YFR030W,4
1410,YFR032C,2
1411,YFR032C-A,2
1412,YFR034C,1
1413,YFR035C,2
1414,YFR036W,1
1415,YFR036W-A,4
1416,YFR043C,5
1417,YFR047C,1
1418,YFR050C,5
1419,YFR051C,1
1420,YFR053C,1
1421,YFR054C,2
1422,YFR055W,3
1423,YFR057W,1
1424,YGL001C,6
1425,YGL004C,1
1426,YGL006W,1
1427,YGL006W-A,1
1428,YGL007W,3
1429,YGL008C,1
1430,YGL009C,3
1431,YGL010W,4
1432,YGL011C,3
1433,YGL012W,1
1434,YGL013C,1
1435,YGL014C-A,1
1436,YGL015C,1
1437,YGL016W,3
1438,YGL018C,2
1439,YGL020C,2
1440,YGL021W,2
1441,YGL023C,1
1442,YGL025C,1
1443,YGL028C,2
1444,YGL029W,2
1445,YGL031C,1
1446,YGL032C,2
1447,YGL033W,4
1448,YGL036W,10
1449,YGL037C,10
1450,YGL038C,3
1451,YGL040C,2
1452,YGL041W-A,3
1453,YGL043W,1
1454,YGL044C,2
1455,YGL050W,4
1456,YGL051W,5
1457,YGL052W,3
1458,YGL053W,1
1459,YGL054C,4
1460,YGL055W,5
1461,YGL056C,1
1462,YGL057C,6
1463,YGL058W,3
1464,YGL059W,3
1465,YGL062W,2
1466,YGL063C-A,3
1467,YGL063W,3
1468,YGL064C,4
1469,YGL065C,3
1470,YGL066W,2
1471,YGL067W,3
1472,YGL069C,2
1473,YGL075C,1
1474,YGL076C,9
1475,YGL077C,3
1476,YGL078C,1
1477,YGL080W,1
1478,YGL081W,1
1479,YGL083W,3
1480,YGL084C,6
1481,YGL085W,4
1482,YGL086W,1
1483,YGL088W,1
1484,YGL089C,2
1485,YGL090W,3
1486,YGL091C,2
1487,YGL092W,2
1488,YGL093W,1
1489,YGL094C,1
1490,YGL095C,5
1491,YGL096W,2
1492,YGL097W,6
1493,YGL098W,4
1494,YGL099W,3
1495,YGL100W,3
1496,YGL101W,4
1497,YGL102C,2
1498,YGL103W,4
1499,YGL104C,3
1500,YGL105W,9
1501,YGL108C,3
1502,YGL109W,1
1503,YGL110C,1
1504,YGL111W,1
1505,YGL113W,6
1506,YGL114W,2
1507,YGL115W,2
1508,YGL116W,1
1509,YGL117W,5
1510,YGL119W,1
1511,YGL120C,2
1512,YGL121C,5
1513,YGL122C,4
1514,YGL123C-A,1
1515,YGL123W,2
1516,YGL125W,11
1517,YGL127C,1
1518,YGL128C,13
1519,YGL129C,6
1520,YGL130W,2
1521,YGL131C,5
1522,YGL132W,1
1523,YGL133W,1
1524,YGL134W,1
1525,YGL136C,1
1526,YGL137W,2
1527,YGL143C,2
1528,YGL145W,3
1529,YGL146C,3
1530,YGL147C,1
1531,YGL150C,1
1532,YGL156W,2
1533,YGL157W,3
1534,YGL158W,3
1535,YGL159W,3
1536,YGL160W,1
1537,YGL162W,2
1538,YGL163C,3
1539,YGL164C,4
1540,YGL165C,2
1541,YGL166W,1
1542,YGL168W,3
1543,YGL169W,1
1544,YGL170C,2
1545,YGL171W,2
1546,YGL172W,3
1547,YGL173C,4
1548,YGL177W,1
1549,YGL178W,2
1550,YGL179C,6
1551,YGL180W,1
1552,YGL181W,1
1553,YGL182C,2
1554,YGL183C,1
1555,YGL184C,11
1556,YGL185C,4
1557,YGL186C,5
1558,YGL187C,2
1559,YGL190C,4
1560,YGL191W,1
1561,YGL192W,7
1562,YGL194C,3
1563,YGL195W,2
1564,YGL196W,1
1565,YGL197W,3
1566,YGL199C,4
1567,YGL202W,2
1568,YGL204C,3
1569,YGL205W,1
1570,YGL206C,3
1571,YGL207W,5
1572,YGL209W,1
1573,YGL210W,2
1574,YGL213C,2
1575,YGL214W,2
1576,YGL215W,1
1577,YGL218W,1
1578,YGL219C,5
1579,YGL220W,4
1580,YGL221C,4
1581,YGL222C,1
1582,YGL224C,16
1583,YGL225W,10
1584,YGL226C-A,4
1585,YGL227W,5
1586,YGL228W,1
1587,YGL229C,2
1588,YGL230C,1
1589,YGL231C,3
1590,YGL232W,2
1591,YGL233W,2
1592,YGL238W,2
1593,YGL240W,4
1594,YGL241W,1
1595,YGL242C,1
1596,YGL243W,2
1597,YGL244W,4
1598,YGL250W,4
1599,YGL251C,6
1600,YGL253W,1
1601,YGL255W,2
1602,YGL256W,1
1603,YGL258W,3
1604,YGL258W-A,3
1605,YGL259W,1
1606,YGL261C,2
1607,YGL263W,3
1608,YGR001C,6
1609,YGR002C,3
1610,YGR003W,1
1611,YGR004W,7
1612,YGR005C,3
1613,YGR007W,2
1614,YGR008C,2
1615,YGR009C,2
1616,YGR011W,1
1617,YGR012W,1
1618,YGR013W,2
1619,YGR014W,3
1620,YGR015C,1
1621,YGR018C,4
1622,YGR019W,2
1623,YGR021W,1
1624,YGR025W,2
1625,YGR026W,2
1626,YGR027C,3
1627,YGR028W,5
1628,YGR029W,1
1629,YGR031C-A,4
1630,YGR031W,1
1631,YGR032W,4
1632,YGR033C,1
1633,YGR034W,3
1634,YGR035C,5
1635,YGR035W-A,1
1636,YGR036C,2
1637,YGR037C,2
1638,YGR038W,3
1639,YGR039W,2
1640,YGR040W,3
1641,YGR041W,2
1642,YGR042W,1
1643,YGR043C,4
1644,YGR046W,1
1645,YGR048W,1
1646,YGR049W,5
1647,YGR050C,1
1648,YGR051C,6
1649,YGR052W,5
1650,YGR053C,3
1651,YGR055W,2
1652,YGR056W,6
1653,YGR057C,4
1654,YGR058W,4
1655,YGR060W,3
1656,YGR061C,2
1657,YGR063C,1
1658,YGR064W,1
1659,YGR065C,4
1660,YGR066C,2
1661,YGR067C,3
1662,YGR070W,2
1663,YGR071C,2
1664,YGR072W,1
1665,YGR073C,1
1666,YGR074W,8
1667,YGR075C,1
1668,YGR078C,3
1669,YGR079W,2
1670,YGR081C,2
1671,YGR083C,3
1672,YGR084C,1
1673,YGR085C,4
1674,YGR086C,4
1675,YGR087C,5
1676,YGR090W,1
1677,YGR091W,4
1678,YGR092W,1
1679,YGR093W,6
1680,YGR094W,2
1681,YGR095C,1
1682,YGR096W,1
1683,YGR098C,3
1684,YGR101W,3
1685,YGR102C,1
1686,YGR104C,2
1687,YGR105W,2
1688,YGR106C,4
1689,YGR108W,4
1690,YGR109C,3
1691,YGR110W,2
1692,YGR111W,3
1693,YGR115C,1
1694,YGR116W,2
1695,YGR117C,1
1696,YGR118W,4
1697,YGR119C,1
1698,YGR120C,1
1699,YGR121C,1
1700,YGR121W-A,3
1701,YGR122C-A,6
1702,YGR122W,2
1703,YGR125W,7
1704,YGR126W,1
1705,YGR128C,1
1706,YGR129W,1
1707,YGR130C,1
1708,YGR131W,3
1709,YGR132C,2
1710,YGR133W,3
1711,YGR134W,3
1712,YGR135W,2
1713,YGR136W,3
1714,YGR137W,1
1715,YGR138C,3
1716,YGR140W,3
1717,YGR141W,1
1718,YGR142W,5
1719,YGR143W,2
1720,YGR144W,2
1721,YGR145W,5
1722,YGR146C,5
1723,YGR146C-A,2
1724,YGR147C,1
1725,YGR148C,1
1726,YGR149W,3
1727,YGR150C,2
1728,YGR151C,3
1729,YGR152C,1
1730,YGR154C,4
1731,YGR155W,2
1732,YGR156W,4
1733,YGR157W,2
1734,YGR161C,3
1735,YGR163W,3
1736,YGR164W,5
1737,YGR165W,4
1738,YGR166W,8
1739,YGR167W,7
1740,YGR168C,2
1741,YGR169C,2
1742,YGR169C-A,1
1743,YGR170W,3
1744,YGR171C,1
1745,YGR173W,1
1746,YGR174C,3
1747,YGR174W-A,2
1748,YGR175C,5
1749,YGR176W,6
1750,YGR177C,4
1751,YGR178C,2
1752,YGR179C,5
1753,YGR180C,1
1754,YGR181W,1
1755,YGR182C,3
1756,YGR183C,1
1757,YGR184C,4
1758,YGR187C,2
1759,YGR188C,3
1760,YGR189C,2
1761,YGR192C,4
1762,YGR193C,4
1763,YGR194C,4
1764,YGR195W,7
1765,YGR196C,4
1766,YGR197C,1
1767,YGR198W,4
1768,YGR199W,6
1769,YGR200C,3
1770,YGR201C,3
1771,YGR202C,2
1772,YGR203W,5
1773,YGR204C-A,2
1774,YGR204W,4
1775,YGR205W,4
1776,YGR206W,2
1777,YGR209C,1
1778,YGR210C,3
1779,YGR211W,2
1780,YGR212W,1
1781,YGR213C,3
1782,YGR215W,1
1783,YGR217W,2
1784,YGR218W,1
1785,YGR220C,2
1786,YGR221C,5
1787,YGR222W,5
1788,YGR223C,4
1789,YGR224W,3
1790,YGR225W,1
1791,YGR226C,2
1792,YGR227W,5
1793,YGR228W,10
1794,YGR229C,1
1795,YGR231C,1
1796,YGR232W,1
1797,YGR233C,2
1798,YGR234W,5
1799,YGR235C,2
1800,YGR236C,3
1801,YGR237C,2
1802,YGR239C,5
1803,YGR240C,1
1804,YGR240C-A,2
1805,YGR241C,2
1806,YGR242W,2
1807,YGR243W,3
1808,YGR244C,4
1809,YGR245C,4
1810,YGR246C,1
1811,YGR247W,1
1812,YGR248W,2
1813,YGR249W,3
1814,YGR250C,4
1815,YGR252W,1
1816,YGR253C,3
1817,YGR254W,2
1818,YGR255C,5
1819,YGR256W,4
1820,YGR257C,3
1821,YGR260W,2
1822,YGR261C,6
1823,YGR262C,3
1824,YGR263C,7
1825,YGR270W,1
1826,YGR271C-A,4
1827,YGR271W,6
1828,YGR276C,2
1829,YGR279C,2
1830,YGR280C,2
1831,YGR281W,7
1832,YGR282C,3
1833,YGR283C,1
1834,YGR284C,1
1835,YGR285C,14
1836,YGR286C,5
1837,YGR287C,2
1838,YGR288W,3
1839,YGR289C,1
1840,YGR292W,1
1841,YGR294W,2
1842,YGR295C,2
1843,YGR296W,1
1844,YHL002C-A,1
1845,YHL002W,3
1846,YHL003C,3
1847,YHL006C,2
1848,YHL008C,3
1849,YHL009C,5
1850,YHL010C,4
1851,YHL011C,1
1852,YHL012W,3
1853,YHL013C,1
1854,YHL014C,3
1855,YHL015W,4
1856,YHL015W-A,1
1857,YHL016C,2
1858,YHL018W,3
1859,YHL019W-A,1
1860,YHL020C,5
1861,YHL021C,2
1862,YHL022C,1
1863,YHL023C,4
1864,YHL024W,7
1865,YHL026C,2
1866,YHL027W,2
1867,YHL028W,2
1868,YHL030W,4
1869,YHL030W-A,1
1870,YHL031C,4
1871,YHL032C,2
1872,YHL033C,1
1873,YHL034C,2
1874,YHL034W-A,6
1875,YHL035C,6
1876,YHL036W,4
1877,YHL038C,3
1878,YHL040C,1
1879,YHL041W,1
1880,YHL042W,1
1881,YHL043W,5
1882,YHL044W,6
1883,YHL046C,4
1884,YHL047C,7
1885,YHL048W,1
1886,YHL049C,1
1887,YHR001W,3
1888,YHR001W-A,3
1889,YHR002W,2
1890,YHR003C,7
1891,YHR004C,2
1892,YHR005C,5
1893,YHR006W,1
1894,YHR007C,2
1895,YHR008C,8
1896,YHR011W,1
1897,YHR016C,1
1898,YHR017W,3
1899,YHR018C,5
1900,YHR019C,1
1901,YHR020W,1
1902,YHR021C,7
1903,YHR021W-A,5
1904,YHR022C,5
1905,YHR026W,2
1906,YHR027C,5
1907,YHR028C,6
1908,YHR028W-A,3
1909,YHR029C,5
1910,YHR030C,5
1911,YHR032C-A,3
1912,YHR033W,3
1913,YHR036W,1
1914,YHR037W,2
1915,YHR039C,2
1916,YHR039C-A,2
1917,YHR041C,6
1918,YHR042W,2
1919,YHR043C,7
1920,YHR044C,5
1921,YHR045W,4
1922,YHR046C,3
1923,YHR047C,1
1924,YHR048W,3
1925,YHR049C-A,2
1926,YHR049W,2
1927,YHR050W,4
1928,YHR052W,2
1929,YHR052W-A,4
1930,YHR053C,2
1931,YHR054C,1
1932,YHR054W-A,4
1933,YHR055C,2
1934,YHR056C,3
1935,YHR057C,2
1936,YHR058C,5
1937,YHR059W,2
1938,YHR060W,5
1939,YHR061C,1
1940,YHR062C,5
1941,YHR063C,4
1942,YHR063W-A,2
1943,YHR064C,3
1944,YHR065C,1
1945,YHR066W,2
1946,YHR067W,1
1947,YHR068W,6
1948,YHR070C-A,5
1949,YHR071C-A,1
1950,YHR071W,6
1951,YHR072W,1
1952,YHR072W-A,1
1953,YHR073C-B,6
1954,YHR073W-A,2
1955,YHR074W,4
1956,YHR075C,2
1957,YHR076W,1
1958,YHR077C,1
1959,YHR078W,1
1960,YHR079C,2
1961,YHR079C-A,2
1962,YHR081W,2
1963,YHR082C,2
1964,YHR083W,1
1965,YHR084W,3
1966,YHR085W,6
1967,YHR086W,1
1968,YHR086W-A,1
1969,YHR088W,3
1970,YHR089C,2
1971,YHR090C,3
1972,YHR091C,3
1973,YHR092C,2
1974,YHR093W,2
1975,YHR094C,5
1976,YHR095W,3
1977,YHR096C,4
1978,YHR100C,6
1979,YHR102W,2
1980,YHR103W,4
1981,YHR104W,3
1982,YHR105W,2
1983,YHR106W,4
1984,YHR109W,2
1985,YHR110W,1
1986,YHR111W,3
1987,YHR112C,5
1988,YHR113W,4
1989,YHR114W,3
1990,YHR117W,5
1991,YHR118C,2
1992,YHR119W,2
1993,YHR120W,2
1994,YHR121W,1
1995,YHR122W,5
1996,YHR123W,1
1997,YHR124W,3
1998,YHR126C,4
1999,YHR127W,2
2000,YHR128W,5
2001,YHR131C,5
2002,YHR132C,3
2003,YHR132W-A,4
2004,YHR135C,2
2005,YHR136C,8
2006,YHR137W,10
2007,YHR139C,1
2008,YHR139C-A,4
2009,YHR140W,2
2010,YHR142W,4
2011,YHR143W,1
2012,YHR143W-A,6
2013,YHR145C,1
2014,YHR148W,2
2015,YHR153C,1
2016,YHR156C,1
2017,YHR158C,3
2018,YHR160C,4
2019,YHR161C,4
2020,YHR162W,3
2021,YHR163W,4
2022,YHR164C,5
2023,YHR165C,2
2024,YHR165W-A,6
2025,YHR166C,1
2026,YHR167W,1
2027,YHR168W,2
2028,YHR169W,1
2029,YHR170W,1
2030,YHR171W,6
2031,YHR173C,2
2032,YHR174W,2
2033,YHR176W,2
2034,YHR178W,1
2035,YHR179W,1
2036,YHR180C-B,2
2037,YHR180W,8
2038,YHR180W-A,1
2039,YHR181W,1
2040,YHR183W,3
2041,YHR184W,3
2042,YHR185C,5
2043,YHR186C,2
2044,YHR187W,1
2045,YHR188C,1
2046,YHR190W,1
2047,YHR191C,2
2048,YHR192W,1
2049,YHR193C,1
2050,YHR194W,1
2051,YHR196W,5
2052,YHR197W,5
2053,YHR201C,2
2054,YHR202W,2
2055,YHR206W,1
2056,YHR208W,3
2057,YHR209W,3
2058,YHR210C,1
2059,YHR211W,3
2060,YHR213W,2
2061,YHR213W-B,1
2062,YHR214C-D,3
2063,YHR214C-E,1
2064,YHR214W,2
2065,YHR215W,1
2066,YHR216W,6
2067,YHR217C,3
2068,YIL002W-A,5
2069,YIL003W,1
2070,YIL005W,3
2071,YIL006W,1
2072,YIL008W,3
2073,YIL009C-A,2
2074,YIL010W,2
2075,YIL011W,4
2076,YIL012W,1
2077,YIL013C,2
2078,YIL015W,2
2079,YIL016W,1
2080,YIL018W,3
2081,YIL020C,2
2082,YIL020C-A,1
2083,YIL021C-A,1
2084,YIL021W,1
2085,YIL022W,2
2086,YIL023C,2
2087,YIL024C,1
2088,YIL026C,1
2089,YIL027C,2
2090,YIL029C,1
2091,YIL029W-A,1
2092,YIL030C,5
2093,YIL031W,2
2094,YIL033C,2
2095,YIL034C,1
2096,YIL035C,3
2097,YIL036W,4
2098,YIL037C,1
2099,YIL039W,1
2100,YIL040W,3
2101,YIL043C,3
2102,YIL044C,6
2103,YIL045W,7
2104,YIL046W,4
2105,YIL047C,3
2106,YIL048W,4
2107,YIL049W,6
2108,YIL050W,9
2109,YIL051C,8
2110,YIL053W,3
2111,YIL056W,2
2112,YIL057C,2
2113,YIL058W,1
2114,YIL059C,2
2115,YIL060W,5
2116,YIL061C,6
2117,YIL062C,2
2118,YIL063C,8
2119,YIL066C,2
2120,YIL067C,2
2121,YIL068C,1
2122,YIL071C,3
2123,YIL071W-A,1
2124,YIL072W,5
2125,YIL073C,3
2126,YIL075C,1
2127,YIL076W,4
2128,YIL077C,1
2129,YIL078W,2
2130,YIL079C,3
2131,YIL082W,3
2132,YIL085C,1
2133,YIL087C,3
2134,YIL089W,3
2135,YIL091C,1
2136,YIL094C,4
2137,YIL095W,1
2138,YIL096C,2
2139,YIL097W,4
2140,YIL099W,7
2141,YIL100C-A,2
2142,YIL100W,2
2143,YIL101C,15
2144,YIL103W,2
2145,YIL105C,2
2146,YIL105W-A,3
2147,YIL106W,6
2148,YIL107C,4
2149,YIL108W,2
2150,YIL109C,4
2151,YIL110W,1
2152,YIL111W,1
2153,YIL112W,4
2154,YIL113W,1
2155,YIL115C,6
2156,YIL115W-A,13
2157,YIL116W,3
2158,YIL117C,1
2159,YIL118W,1
2160,YIL119C,2
2161,YIL121W,4
2162,YIL123W,1
2163,YIL124W,3
2164,YIL125W,2
2165,YIL130W,1
2166,YIL131C,3
2167,YIL133C,1
2168,YIL134C-A,4
2169,YIL135C,2
2170,YIL136W,6
2171,YIL137C,6
2172,YIL138C,2
2173,YIL139C,2
2174,YIL140W,1
2175,YIL141W,1
2176,YIL145C,1
2177,YIL147C,5
2178,YIL150C,2
2179,YIL151C,3
2180,YIL152W,2
2181,YIL155C,2
2182,YIL156W,1
2183,YIL156W-A,7
2184,YIL156W-B,2
2185,YIL157C,4
2186,YIL158W,4
2187,YIL160C,3
2188,YIL161W,2
2189,YIL162W,3
2190,YIL164C,2
2191,YIL165C,3
2192,YIL166C,2
2193,YIL169C,1
2194,YIL172C,1
2195,YIL173W,7
2196,YIL176C,2
2197,YIR001C,3
2198,YIR002C,1
2199,YIR003W,2
2200,YIR004W,8
2201,YIR005W,3
2202,YIR006C,2
2203,YIR007W,1
2204,YIR008C,3
2205,YIR009W,2
2206,YIR010W,4
2207,YIR011C,1
2208,YIR014W,1
2209,YIR016W,1
2210,YIR017W-A,9
2211,YIR018W,2
2212,YIR019C,1
2213,YIR020C-B,1
2214,YIR021W,1
2215,YIR021W-A,1
2216,YIR023C-A,1
2217,YIR023W,1
2218,YIR024C,1
2219,YIR026C,3
2220,YIR027C,2
2221,YIR028W,4
2222,YIR029W,1
2223,YIR031C,1
2224,YIR032C,2
2225,YIR033W,1
2226,YIR034C,3
2227,YIR035C,3
2228,YIR038C,3
2229,YIR039C,1
2230,YIR041W,2
2231,YIR042C,4
2232,YJL002C,3
2233,YJL003W,3
2234,YJL004C,3
2235,YJL006C,6
2236,YJL007C,2
2237,YJL008C,4
2238,YJL009W,3
2239,YJL010C,3
2240,YJL011C,1
2241,YJL012C,5
2242,YJL013C,1
2243,YJL014W,3
2244,YJL019W,2
2245,YJL020C,1
2246,YJL022W,2
2247,YJL023C,1
2248,YJL024C,3
2249,YJL025W,8
2250,YJL026C-A,7
2251,YJL026W,2
2252,YJL028W,4
2253,YJL029C,2
2254,YJL030W,3
2255,YJL032W,5
2256,YJL033W,3
2257,YJL034W,4
2258,YJL035C,1
2259,YJL036W,2
2260,YJL038C,1
2261,YJL039C,7
2262,YJL041W,1
2263,YJL042W,2
2264,YJL045W,5
2265,YJL047C,3
2266,YJL047C-A,4
2267,YJL048C,5
2268,YJL049W,4
2269,YJL050W,2
2270,YJL051W,3
2271,YJL052W,2
2272,YJL053W,7
2273,YJL054W,1
2274,YJL055W,1
2275,YJL056C,1
2276,YJL057C,5
2277,YJL058C,1
2278,YJL059W,4
2279,YJL060W,2
2280,YJL061W,1
2281,YJL062W,13
2282,YJL062W-A,3
2283,YJL063C,1
2284,YJL064W,2
2285,YJL065C,3
2286,YJL067W,5
2287,YJL068C,1
2288,YJL071W,1
2289,YJL075C,1
2290,YJL077W-A,2
2291,YJL078C,1
2292,YJL079C,2
2293,YJL081C,1
2294,YJL082W,4
2295,YJL083W,2
2296,YJL085W,1
2297,YJL087C,2
2298,YJL088W,2
2299,YJL089W,1
2300,YJL090C,2
2301,YJL093C,3
2302,YJL094C,2
2303,YJL095W,1
2304,YJL098W,1
2305,YJL099W,2
2306,YJL100W,1
2307,YJL101C,2
2308,YJL102W,4
2309,YJL103C,4
2310,YJL104W,4
2311,YJL105W,2
2312,YJL106W,1
2313,YJL107C,2
2314,YJL109C,2
2315,YJL111W,4
2316,YJL112W,2
2317,YJL115W,1
2318,YJL116C,2
2319,YJL117W,1
2320,YJL118W,5
2321,YJL119C,3
2322,YJL121C,3
2323,YJL124C,2
2324,YJL125C,9
2325,YJL127C,1
2326,YJL127C-B,1
2327,YJL127W-A,1
2328,YJL128C,3
2329,YJL130C,2
2330,YJL131C,1
2331,YJL132W,5
2332,YJL133C-A,2
2333,YJL133W,1
2334,YJL134W,5
2335,YJL135W,5
2336,YJL136C,3
2337,YJL137C,5
2338,YJL138C,1
2339,YJL139C,1
2340,YJL140W,3
2341,YJL141C,4
2342,YJL142C,1
2343,YJL143W,4
2344,YJL144W,2
2345,YJL147C,4
2346,YJL149W,9
2347,YJL150W,6
2348,YJL151C,9
2349,YJL152W,1
2350,YJL153C,3
2351,YJL154C,3
2352,YJL155C,2
2353,YJL156C,3
2354,YJL156W-A,2
2355,YJL157C,2
2356,YJL158C,1
2357,YJL159W,1
2358,YJL160C,4
2359,YJL161W,2
2360,YJL163C,4
2361,YJL166W,1
2362,YJL167W,3
2363,YJL168C,3
2364,YJL169W,1
2365,YJL170C,1
2366,YJL172W,1
2367,YJL173C,3
2368,YJL174W,1
2369,YJL177W,3
2370,YJL178C,2
2371,YJL181W,3
2372,YJL182C,1
2373,YJL183W,4
2374,YJL184W,5
2375,YJL185C,3
2376,YJL186W,3
2377,YJL188C,9
2378,YJL190C,1
2379,YJL191W,1
2380,YJL192C,1
2381,YJL193W,2
2382,YJL194W,2
2383,YJL196C,2
2384,YJL197C-A,2
2385,YJL197W,3
2386,YJL198W,2
2387,YJL199C,1
2388,YJL200C,6
2389,YJL201W,3
2390,YJL202C,3
2391,YJL205C,1
2392,YJL206C,3
2393,YJL208C,3
2394,YJL209W,1
2395,YJL210W,1
2396,YJL211C,2
2397,YJL212C,2
2398,YJL213W,1
2399,YJL214W,1
2400,YJL215C,2
2401,YJL216C,5
2402,YJL217W,1
2403,YJL218W,6
2404,YJL219W,1
2405,YJL221C,1
2406,YJL222W,7
2407,YJL223C,2
2408,YJR001W,3
2409,YJR002W,1
2410,YJR004C,4
2411,YJR005C-A,6
2412,YJR006W,5
2413,YJR007W,1
2414,YJR008W,2
2415,YJR009C,2
2416,YJR010C-A,6
2417,YJR010W,8
2418,YJR011C,5
2419,YJR012C,2
2420,YJR013W,4
2421,YJR014W,1
2422,YJR015W,1
2423,YJR016C,1
2424,YJR017C,5
2425,YJR018W,1
2426,YJR030C,1
2427,YJR031C,5
2428,YJR032W,2
2429,YJR033C,2
2430,YJR034W,1
2431,YJR035W,13
2432,YJR038C,3
2433,YJR040W,4
2434,YJR041C,1
2435,YJR042W,1
2436,YJR044C,5
2437,YJR045C,1
2438,YJR048W,6
2439,YJR053W,2
2440,YJR055W,3
2441,YJR057W,1
2442,YJR058C,2
2443,YJR059W,4
2444,YJR060W,5
2445,YJR061W,1
2446,YJR062C,2
2447,YJR063W,2
2448,YJR064W,2
2449,YJR066W,1
2450,YJR067C,2
2451,YJR068W,1
2452,YJR069C,4
2453,YJR070C,2
2454,YJR072C,2
2455,YJR074W,2
2456,YJR075W,2
2457,YJR076C,7
2458,YJR077C,1
2459,YJR078W,3
2460,YJR080C,2
2461,YJR083C,2
2462,YJR084W,2
2463,YJR085C,1
2464,YJR086W,3
2465,YJR087W,1
2466,YJR088C,3
2467,YJR089W,2
2468,YJR091C,1
2469,YJR092W,1
2470,YJR093C,8
2471,YJR094C,1
2472,YJR094W-A,4
2473,YJR095W,2
2474,YJR096W,1
2475,YJR097W,2
2476,YJR098C,1
2477,YJR099W,2
2478,YJR100C,5
2479,YJR101W,6
2480,YJR102C,2
2481,YJR103W,2
2482,YJR104C,2
2483,YJR105W,5
2484,YJR106W,1
2485,YJR108W,1
2486,YJR109C,4
2487,YJR110W,7
2488,YJR111C,5
2489,YJR112W,3
2490,YJR112W-A,2
2491,YJR114W,1
2492,YJR116W,5
2493,YJR117W,1
2494,YJR118C,1
2495,YJR119C,1
2496,YJR120W,1
2497,YJR121W,3
2498,YJR122W,2
2499,YJR124C,2
2500,YJR125C,8
2501,YJR126C,2
2502,YJR127C,2
2503,YJR130C,7
2504,YJR131W,7
2505,YJR132W,6
2506,YJR133W,1
2507,YJR134C,1
2508,YJR135C,1
2509,YJR136C,1
2510,YJR137C,5
2511,YJR139C,2
2512,YJR142W,1
2513,YJR144W,2
2514,YJR147W,3
2515,YJR148W,1
2516,YJR149W,1
2517,YJR150C,1
2518,YJR151C,1
2519,YJR151W-A,2
2520,YJR152W,1
2521,YJR153W,1
2522,YJR154W,1
2523,YJR155W,1
2524,YJR156C,4
2525,YJR157W,5
2526,YJR158W,3
2527,YJR159W,4
2528,YJR160C,3
2529,YJR161C,1
2530,YKL001C,1
2531,YKL006C-A,1
2532,YKL012W,1
2533,YKL014C,1
2534,YKL015W,6
2535,YKL016C,3
2536,YKL017C,6
2537,YKL019W,1
2538,YKL020C,2
2539,YKL021C,2
2540,YKL022C,2
2541,YKL023C-A,1
2542,YKL024C,1
2543,YKL025C,8
2544,YKL026C,3
2545,YKL027W,4
2546,YKL029C,4
2547,YKL033W,1
2548,YKL033W-A,1
2549,YKL034W,8
2550,YKL035W,3
2551,YKL039W,4
2552,YKL040C,3
2553,YKL041W,5
2554,YKL042W,4
2555,YKL043W,3
2556,YKL044W,1
2557,YKL045W,1
2558,YKL046C,3
2559,YKL047W,1
2560,YKL049C,7
2561,YKL050C,1
2562,YKL051W,2
2563,YKL052C,1
2564,YKL053W,2
2565,YKL054C,5
2566,YKL055C,6
2567,YKL059C,2
2568,YKL060C,3
2569,YKL061W,1
2570,YKL062W,1
2571,YKL063C,7
2572,YKL064W,1
2573,YKL065C,1
2574,YKL065W-A,4
2575,YKL066W,1
2576,YKL067W,3
2577,YKL068W-A,2
2578,YKL070W,3
2579,YKL071W,1
2580,YKL072W,5
2581,YKL073W,2
2582,YKL074C,3
2583,YKL075C,4
2584,YKL076C,1
2585,YKL077W,4
2586,YKL078W,1
2587,YKL079W,3
2588,YKL080W,8
2589,YKL082C,1
2590,YKL083W,4
2591,YKL084W,2
2592,YKL085W,3
2593,YKL086W,3
2594,YKL087C,5
2595,YKL089W,6
2596,YKL090W,2
2597,YKL092C,1
2598,YKL093W,1
2599,YKL094W,2
2600,YKL096C-B,2
2601,YKL096W,2
2602,YKL096W-A,2
2603,YKL097C,1
2604,YKL099C,2
2605,YKL100C,3
2606,YKL104C,4
2607,YKL105C,2
2608,YKL106C-A,3
2609,YKL106W,3
2610,YKL107W,6
2611,YKL109W,5
2612,YKL110C,1
2613,YKL111C,4
2614,YKL112W,1
2615,YKL113C,2
2616,YKL114C,1
2617,YKL115C,3
2618,YKL116C,1
2619,YKL117W,1
2620,YKL118W,1
2621,YKL119C,1
2622,YKL120W,2
2623,YKL122C,1
2624,YKL123W,3
2625,YKL124W,3
2626,YKL125W,3
2627,YKL127W,2
2628,YKL128C,1
2629,YKL129C,5
2630,YKL130C,3
2631,YKL132C,4
2632,YKL133C,7
2633,YKL134C,6
2634,YKL135C,5
2635,YKL136W,3
2636,YKL137W,1
2637,YKL138C,2
2638,YKL138C-A,2
2639,YKL140W,7
2640,YKL141W,11
2641,YKL142W,2
2642,YKL143W,1
2643,YKL144C,2
2644,YKL145W,7
2645,YKL145W-A,1
2646,YKL146W,3
2647,YKL147C,2
2648,YKL148C,3
2649,YKL149C,3
2650,YKL150W,3
2651,YKL151C,4
2652,YKL152C,9
2653,YKL153W,4
2654,YKL154W,1
2655,YKL156C-A,3
2656,YKL156W,1
2657,YKL157W,4
2658,YKL159C,4
2659,YKL160W,3
2660,YKL161C,1
2661,YKL162C,4
2662,YKL163W,1
2663,YKL164C,2
2664,YKL165C,2
2665,YKL165C-A,8
2666,YKL166C,8
2667,YKL167C,1
2668,YKL168C,3
2669,YKL169C,3
2670,YKL170W,3
2671,YKL171W,4
2672,YKL172W,4
2673,YKL176C,3
2674,YKL177W,4
2675,YKL178C,4
2676,YKL179C,3
2677,YKL180W,4
2678,YKL181W,3
2679,YKL182W,10
2680,YKL183C-A,2
2681,YKL183W,1
2682,YKL185W,2
2683,YKL186C,2
2684,YKL187C,4
2685,YKL189W,2
2686,YKL192C,1
2687,YKL193C,8
2688,YKL194C,9
2689,YKL196C,1
2690,YKL197C,3
2691,YKL198C,5
2692,YKL201C,1
2693,YKL203C,2
2694,YKL206C,2
2695,YKL207W,4
2696,YKL208W,10
2697,YKL209C,7
2698,YKL210W,1
2699,YKL212W,6
2700,YKL213C,5
2701,YKL214C,1
2702,YKL216W,1
2703,YKL217W,2
2704,YKL218C,2
2705,YKL219W,2
2706,YKL220C,1
2707,YKL221W,2
2708,YKL222C,2
2709,YKL224C,2
2710,YKR002W,2
2711,YKR004C,2
2712,YKR005C,4
2713,YKR007W,2
2714,YKR008W,3
2715,YKR009C,1
2716,YKR010C,5
2717,YKR011C,1
2718,YKR013W,2
2719,YKR014C,3
2720,YKR017C,3
2721,YKR018C,3
2722,YKR021W,4
2723,YKR024C,1
2724,YKR025W,3
2725,YKR027W,1
2726,YKR028W,2
2727,YKR029C,4
2728,YKR030W,2
2729,YKR031C,5
2730,YKR033C,2
2731,YKR034W,5
2732,YKR035C,4
2733,YKR035W-A,7
2734,YKR036C,1
2735,YKR037C,4
2736,YKR038C,3
2737,YKR039W,3
2738,YKR042W,1
2739,YKR043C,5
2740,YKR044W,5
2741,YKR045C,5
2742,YKR046C,13
2743,YKR049C,1
2744,YKR051W,2
2745,YKR052C,6
2746,YKR053C,2
2747,YKR054C,1
2748,YKR057W,1
2749,YKR058W,1
2750,YKR059W,6
2751,YKR060W,5
2752,YKR061W,4
2753,YKR068C,7
2754,YKR069W,4
2755,YKR070W,3
2756,YKR072C,3
2757,YKR073C,2
2758,YKR074W,1
2759,YKR075C,4
2760,YKR075W-A,5
2761,YKR076W,1
2762,YKR078W,3
2763,YKR079C,2
2764,YKR080W,1
2765,YKR082W,2
2766,YKR084C,2
2767,YKR085C,1
2768,YKR087C,3
2769,YKR088C,1
2770,YKR089C,3
2771,YKR091W,4
2772,YKR092C,1
2773,YKR093W,2
2774,YKR094C,2
2775,YKR095W-A,4
2776,YKR096W,2
2777,YKR097W,5
2778,YKR098C,3
2779,YKR099W,2
2780,YKR101W,1
2781,YKR102W,3
2782,YKR103W,3
2783,YKR105C,10
2784,YKR106W,1
2785,YLL002W,4
2786,YLL003W,2
2787,YLL005C,2
2788,YLL007C,2
2789,YLL008W,8
2790,YLL009C,2
2791,YLL010C,4
2792,YLL011W,3
2793,YLL012W,15
2794,YLL014W,1
2795,YLL015W,4
2796,YLL018C,2
2797,YLL021W,2
2798,YLL022C,3
2799,YLL024C,4
2800,YLL025W,2
2801,YLL026W,3
2802,YLL028W,4
2803,YLL030C,2
2804,YLL032C,3
2805,YLL038C,1
2806,YLL039C,3
2807,YLL040C,2
2808,YLL041C,2
2809,YLL042C,1
2810,YLL044W,4
2811,YLL046C,3
2812,YLL047W,3
2813,YLL048C,4
2814,YLL050C,3
2815,YLL051C,6
2816,YLL052C,2
2817,YLL053C,2
2818,YLL056C,2
2819,YLL057C,3
2820,YLL060C,2
2821,YLL061W,2
2822,YLL062C,1
2823,YLL063C,9
2824,YLL064C,2
2825,YLL065W,3
2826,YLL066W-B,3
2827,YLR001C,7
2828,YLR002C,3
2829,YLR003C,1
2830,YLR004C,4
2831,YLR005W,5
2832,YLR006C,5
2833,YLR007W,4
2834,YLR009W,1
2835,YLR010C,2
2836,YLR011W,1
2837,YLR012C,7
2838,YLR013W,1
2839,YLR016C,1
2840,YLR018C,1
2841,YLR019W,2
2842,YLR020C,1
2843,YLR022C,4
2844,YLR023C,1
2845,YLR024C,1
2846,YLR025W,4
2847,YLR026C,3
2848,YLR027C,2
2849,YLR028C,6
2850,YLR030W,2
2851,YLR031W,2
2852,YLR033W,3
2853,YLR034C,3
2854,YLR035C,5
2855,YLR036C,3
2856,YLR037C,4
2857,YLR038C,1
2858,YLR039C,2
2859,YLR040C,2
2860,YLR041W,6
2861,YLR042C,7
2862,YLR044C,3
2863,YLR045C,1
2864,YLR046C,1
2865,YLR048W,1
2866,YLR049C,11
2867,YLR050C,1
2868,YLR053C,2
2869,YLR056W,2
2870,YLR057W,4
2871,YLR058C,3
2872,YLR059C,1
2873,YLR060W,1
2874,YLR061W,12
2875,YLR062C,4
2876,YLR064W,1
2877,YLR069C,5
2878,YLR070C,3
2879,YLR074C,3
2880,YLR075W,4
2881,YLR076C,3
2882,YLR078C,2
2883,YLR079W,1
2884,YLR080W,3
2885,YLR081W,3
2886,YLR082C,2
2887,YLR083C,1
2888,YLR084C,1
2889,YLR087C,2
2890,YLR088W,3
2891,YLR089C,4
2892,YLR090W,1
2893,YLR091W,3
2894,YLR092W,3
2895,YLR093C,5
2896,YLR094C,3
2897,YLR095C,3
2898,YLR096W,1
2899,YLR098C,10
2900,YLR099C,3
2901,YLR100W,1
2902,YLR102C,1
2903,YLR103C,1
2904,YLR104W,1
2905,YLR105C,1
2906,YLR106C,1
2907,YLR107W,1
2908,YLR108C,3
2909,YLR109W,2
2910,YLR110C,2
2911,YLR111W,1
2912,YLR112W,3
2913,YLR113W,2
2914,YLR115W,1
2915,YLR116W,1
2916,YLR117C,4
2917,YLR120C,3
2918,YLR120W-A,1
2919,YLR121C,8
2920,YLR122C,1
2921,YLR123C,1
2922,YLR124W,1
2923,YLR128W,1
2924,YLR129W,2
2925,YLR130C,1
2926,YLR131C,1
2927,YLR134W,1
2928,YLR136C,3
2929,YLR137W,4
2930,YLR138W,2
2931,YLR139C,1
2932,YLR140W,2
2933,YLR141W,2
2934,YLR142W,2
2935,YLR143W,1
2936,YLR144C,1
2937,YLR146C,5
2938,YLR148W,3
2939,YLR151C,5
2940,YLR153C,7
2941,YLR154C-H,1
2942,YLR154W-A,1
2943,YLR154W-E,1
2944,YLR156C-A,1
2945,YLR157C-C,1
2946,YLR159C-A,1
2947,YLR162W-A,1
2948,YLR163C,1
2949,YLR163W-A,1
2950,YLR164W,2
2951,YLR166C,3
2952,YLR168C,1
2953,YLR170C,1
2954,YLR171W,2
2955,YLR172C,1
2956,YLR174W,4
2957,YLR175W,2
2958,YLR177W,3
2959,YLR178C,5
2960,YLR179C,5
2961,YLR180W,4
2962,YLR182W,2
2963,YLR186W,3
2964,YLR187W,3
2965,YLR188W,4
2966,YLR190W,2
2967,YLR191W,4
2968,YLR192C,1
2969,YLR193C,1
2970,YLR194C,6
2971,YLR195C,3
2972,YLR196W,4
2973,YLR197W,2
2974,YLR198C,4
2975,YLR199C,1
2976,YLR200W,3
2977,YLR201C,3
2978,YLR202C,1
2979,YLR204W,1
2980,YLR205C,3
2981,YLR206W,3
2982,YLR207W,9
2983,YLR208W,4
2984,YLR211C,2
2985,YLR212C,2
2986,YLR215C,2
2987,YLR216C,1
2988,YLR220W,1
2989,YLR221C,7
2990,YLR222C,3
2991,YLR224W,2
2992,YLR225C,3
2993,YLR226W,5
2994,YLR227C,2
2995,YLR229C,1
2996,YLR230W,2
2997,YLR231C,1
2998,YLR232W,1
2999,YLR235C,1
3000,YLR237W,1
3001,YLR238W,2
3002,YLR239C,1
3003,YLR241W,2
3004,YLR243W,1
3005,YLR244C,2
3006,YLR245C,2
3007,YLR246W,1
3008,YLR247C,1
3009,YLR248W,1
3010,YLR249W,5
3011,YLR250W,2
3012,YLR252W,1
3013,YLR253W,1
3014,YLR255C,1
3015,YLR256W,1
3016,YLR257W,3
3017,YLR258W,3
3018,YLR259C,3
3019,YLR260W,3
3020,YLR261C,2
3021,YLR262C,4
3022,YLR262C-A,1
3023,YLR263W,1
3024,YLR264W,1
3025,YLR265C,3
3026,YLR266C,4
3027,YLR267W,5
3028,YLR268W,1
3029,YLR269C,5
3030,YLR270W,1
3031,YLR271W,1
3032,YLR272C,6
3033,YLR275W,4
3034,YLR276C,1
3035,YLR277C,1
3036,YLR278C,1
3037,YLR279W,1
3038,YLR280C,3
3039,YLR281C,3
3040,YLR283W,3
3041,YLR284C,2
3042,YLR285W,2
3043,YLR286C,2
3044,YLR286W-A,3
3045,YLR287C,3
3046,YLR287C-A,1
3047,YLR288C,1
3048,YLR289W,1
3049,YLR290C,3
3050,YLR291C,1
3051,YLR292C,4
3052,YLR294C,2
3053,YLR295C,2
3054,YLR296W,1
3055,YLR297W,5
3056,YLR298C,3
3057,YLR299C-A,1
3058,YLR299W,7
3059,YLR300W,4
3060,YLR301W,1
3061,YLR303W,2
3062,YLR304C,5
3063,YLR305C,1
3064,YLR306W,2
3065,YLR307C-A,4
3066,YLR307W,1
3067,YLR309C,5
3068,YLR312C,1
3069,YLR312W-A,1
3070,YLR313C,4
3071,YLR314C,3
3072,YLR315W,5
3073,YLR316C,3
3074,YLR318W,2
3075,YLR321C,3
3076,YLR322W,2
3077,YLR323C,2
3078,YLR324W,1
3079,YLR325C,1
3080,YLR327C,2
3081,YLR329W,1
3082,YLR332W,1
3083,YLR336C,3
3084,YLR337C,4
3085,YLR339C,2
3086,YLR341W,1
3087,YLR342W-A,1
3088,YLR343W,4
3089,YLR344W,1
3090,YLR345W,1
3091,YLR346C,1
3092,YLR347C,5
3093,YLR348C,5
3094,YLR349W,2
3095,YLR350W,6
3096,YLR352W,1
3097,YLR354C,12
3098,YLR355C,2
3099,YLR356W,2
3100,YLR357W,5
3101,YLR358C,3
3102,YLR359W,6
3103,YLR361C,2
3104,YLR362W,4
3105,YLR363C,1
3106,YLR363W-A,1
3107,YLR365W,1
3108,YLR366W,1
3109,YLR368W,1
3110,YLR370C,1
3111,YLR372W,3
3112,YLR375W,2
3113,YLR376C,6
3114,YLR377C,2
3115,YLR379W,1
3116,YLR380W,1
3117,YLR381W,1
3118,YLR382C,3
3119,YLR388W,1
3120,YLR390W-A,7
3121,YLR393W,2
3122,YLR397C,2
3123,YLR398C,2
3124,YLR403W,3
3125,YLR404W,1
3126,YLR405W,1
3127,YLR406C-A,2
3128,YLR407W,1
3129,YLR408C,2
3130,YLR411W,2
3131,YLR412C-A,3
3132,YLR413W,1
3133,YLR414C,3
3134,YLR418C,1
3135,YLR420W,1
3136,YLR421C,2
3137,YLR422W,2
3138,YLR425W,3
3139,YLR427W,2
3140,YLR429W,3
3141,YLR430W,2
3142,YLR431C,3
3143,YLR432W,3
3144,YLR433C,5
3145,YLR434C,3
3146,YLR435W,1
3147,YLR436C,1
3148,YLR437C,1
3149,YLR438W,3
3150,YLR444C,1
3151,YLR445W,1
3152,YLR446W,2
3153,YLR447C,1
3154,YLR449W,1
3155,YLR450W,4
3156,YLR451W,1
3157,YLR453C,6
3158,YLR454W,2
3159,YLR456W,2
3160,YLR457C,2
3161,YLR459W,2
3162,YLR460C,1
3163,YLR461W,2
3164,YLR466C-B,3
3165,YML001W,4
3166,YML003W,5
3167,YML004C,4
3168,YML007C-A,3
3169,YML007W,3
3170,YML008C,1
3171,YML009C,1
3172,YML009C-A,2
3173,YML010W,2
3174,YML011C,3
3175,YML012C-A,1
3176,YML013W,1
3177,YML015C,6
3178,YML016C,12
3179,YML017W,2
3180,YML018C,3
3181,YML019W,2
3182,YML020W,4
3183,YML021C,4
3184,YML022W,3
3185,YML023C,1
3186,YML027W,2
3187,YML028W,3
3188,YML029W,2
3189,YML031C-A,1
3190,YML032C,1
3191,YML034W,4
3192,YML035C,6
3193,YML042W,5
3194,YML046W,4
3195,YML047C,3
3196,YML047W-A,1
3197,YML048W,1
3198,YML050W,4
3199,YML051W,5
3200,YML052W,2
3201,YML053C,1
3202,YML054C,1
3203,YML054C-A,1
3204,YML055W,1
3205,YML056C,2
3206,YML057C-A,2
3207,YML057W,8
3208,YML058W,3
3209,YML058W-A,4
3210,YML059C,4
3211,YML061C,2
3212,YML062C,2
3213,YML064C,4
3214,YML066C,5
3215,YML069W,7
3216,YML070W,1
3217,YML071C,2
3218,YML072C,4
3219,YML073C,1
3220,YML074C,2
3221,YML075C,1
3222,YML076C,4
3223,YML077W,3
3224,YML080W,2
3225,YML083C,9
3226,YML085C,6
3227,YML087C,6
3228,YML089C,1
3229,YML090W,1
3230,YML091C,3
3231,YML092C,3
3232,YML093W,1
3233,YML094C-A,2
3234,YML097C,2
3235,YML099W-A,4
3236,YML100W,7
3237,YML100W-A,2
3238,YML102W,2
3239,YML103C,5
3240,YML105C,2
3241,YML108W,8
3242,YML111W,1
3243,YML112W,1
3244,YML114C,2
3245,YML116W,4
3246,YML117W,3
3247,YML118W,3
3248,YML120C,2
3249,YML123C,3
3250,YML124C,5
3251,YML125C,10
3252,YML126C,3
3253,YML129C,1
3254,YML130C,3
3255,YML131W,1
3256,YML132W,1
3257,YMR001C,2
3258,YMR001C-A,3
3259,YMR002W,4
3260,YMR003W,3
3261,YMR004W,1
3262,YMR005W,2
3263,YMR006C,1
3264,YMR007W,1
3265,YMR008C,4
3266,YMR009W,2
3267,YMR010W,4
3268,YMR011W,1
3269,YMR012W,1
3270,YMR013W-A,1
3271,YMR014W,6
3272,YMR015C,3
3273,YMR016C,2
3274,YMR019W,1
3275,YMR020W,2
3276,YMR023C,9
3277,YMR024W,13
3278,YMR025W,4
3279,YMR028W,3
3280,YMR030W-A,2
3281,YMR031W-A,1
3282,YMR032W,1
3283,YMR033W,4
3284,YMR034C,3
3285,YMR035W,2
3286,YMR036C,3
3287,YMR037C,2
3288,YMR038C,1
3289,YMR039C,3
3290,YMR040W,1
3291,YMR043W,1
3292,YMR044W,8
3293,YMR052C-A,2
3294,YMR052W,2
3295,YMR056C,7
3296,YMR058W,6
3297,YMR062C,2
3298,YMR063W,5
3299,YMR065W,4
3300,YMR066W,4
3301,YMR067C,2
3302,YMR068W,1
3303,YMR073C,2
3304,YMR074C,1
3305,YMR075C-A,2
3306,YMR075W,6
3307,YMR076C,2
3308,YMR077C,2
3309,YMR080C,1
3310,YMR081C,2
3311,YMR083W,5
3312,YMR084W,1
3313,YMR086C-A,2
3314,YMR086W,2
3315,YMR087W,1
3316,YMR088C,5
3317,YMR089C,1
3318,YMR090W,2
3319,YMR091C,4
3320,YMR093W,1
3321,YMR094W,4
3322,YMR096W,2
3323,YMR097C,2
3324,YMR098C,2
3325,YMR099C,1
3326,YMR100W,4
3327,YMR101C,2
3328,YMR102C,6
3329,YMR104C,5
3330,YMR105C,1
3331,YMR106C,4
3332,YMR107W,3
3333,YMR108W,2
3334,YMR109W,5
3335,YMR110C,4
3336,YMR111C,3
3337,YMR112C,9
3338,YMR113W,8
3339,YMR117C,2
3340,YMR119W-A,2
3341,YMR120C,6
3342,YMR121C,1
3343,YMR122C,1
3344,YMR122W-A,4
3345,YMR123W,2
3346,YMR124W,1
3347,YMR125W,2
3348,YMR126C,2
3349,YMR128W,1
3350,YMR129W,3
3351,YMR130W,2
3352,YMR132C,1
3353,YMR133W,5
3354,YMR134W,2
3355,YMR135W-A,2
3356,YMR136W,3
3357,YMR137C,4
3358,YMR138W,2
3359,YMR139W,1
3360,YMR140W,3
3361,YMR142C,1
3362,YMR143W,5
3363,YMR144W,3
3364,YMR145C,5
3365,YMR146C,3
3366,YMR147W,1
3367,YMR148W,1
3368,YMR149W,5
3369,YMR152W,2
3370,YMR153C-A,1
3371,YMR153W,2
3372,YMR154C,1
3373,YMR155W,1
3374,YMR156C,3
3375,YMR158W-B,1
3376,YMR160W,1
3377,YMR162C,2
3378,YMR163C,2
3379,YMR165C,3
3380,YMR166C,1
3381,YMR168C,1
3382,YMR169C,3
3383,YMR170C,4
3384,YMR171C,7
3385,YMR172C-A,2
3386,YMR172W,8
3387,YMR173W,2
3388,YMR173W-A,2
3389,YMR174C,2
3390,YMR175W,5
3391,YMR175W-A,2
3392,YMR176W,2
3393,YMR177W,2
3394,YMR178W,5
3395,YMR179W,3
3396,YMR180C,2
3397,YMR181C,1
3398,YMR182W-A,1
3399,YMR185W,2
3400,YMR186W,1
3401,YMR187C,4
3402,YMR188C,3
3403,YMR189W,3
3404,YMR190C,3
3405,YMR191W,6
3406,YMR192W,10
3407,YMR193C-A,3
3408,YMR193W,4
3409,YMR194W,2
3410,YMR195W,5
3411,YMR196W,5
3412,YMR197C,5
3413,YMR198W,2
3414,YMR199W,1
3415,YMR200W,5
3416,YMR201C,1
3417,YMR202W,2
3418,YMR203W,2
3419,YMR204C,2
3420,YMR205C,1
3421,YMR206W,9
3422,YMR208W,2
3423,YMR209C,3
3424,YMR210W,1
3425,YMR211W,3
3426,YMR215W,4
3427,YMR216C,2
3428,YMR217W,1
3429,YMR219W,1
3430,YMR220W,3
3431,YMR221C,5
3432,YMR222C,2
3433,YMR224C,2
3434,YMR225C,1
3435,YMR226C,5
3436,YMR227C,1
3437,YMR229C,3
3438,YMR230W,1
3439,YMR230W-A,1
3440,YMR231W,2
3441,YMR233W,1
3442,YMR234W,1
3443,YMR237W,1
3444,YMR238W,1
3445,YMR239C,2
3446,YMR240C,3
3447,YMR241W,7
3448,YMR242C,3
3449,YMR242W-A,3
3450,YMR243C,1
3451,YMR244C-A,2
3452,YMR244W,3
3453,YMR245W,4
3454,YMR246W,1
3455,YMR247C,3
3456,YMR247W-A,2
3457,YMR250W,5
3458,YMR251W,4
3459,YMR251W-A,1
3460,YMR252C,1
3461,YMR255W,1
3462,YMR256C,1
3463,YMR257C,4
3464,YMR258C,3
3465,YMR259C,4
3466,YMR260C,5
3467,YMR263W,3
3468,YMR264W,6
3469,YMR265C,2
3470,YMR266W,4
3471,YMR267W,1
3472,YMR269W,1
3473,YMR270C,1
3474,YMR271C,5
3475,YMR273C,1
3476,YMR274C,2
3477,YMR277W,1
3478,YMR278W,5
3479,YMR279C,1
3480,YMR282C,1
3481,YMR284W,2
3482,YMR285C,4
3483,YMR288W,1
3484,YMR289W,10
3485,YMR292W,3
3486,YMR293C,1
3487,YMR294W,2
3488,YMR294W-A,3
3489,YMR295C,2
3490,YMR296C,1
3491,YMR297W,3
3492,YMR298W,3
3493,YMR299C,5
3494,YMR300C,1
3495,YMR301C,1
3496,YMR302C,1
3497,YMR303C,2
3498,YMR304C-A,2
3499,YMR305C,1
3500,YMR308C,2
3501,YMR309C,2
3502,YMR310C,2
3503,YMR311C,4
3504,YMR312W,2
3505,YMR314W,2
3506,YMR315W,4
3507,YMR315W-A,3
3508,YMR316C-A,1
3509,YMR316W,1
3510,YMR317W,2
3511,YMR318C,3
3512,YMR319C,5
3513,YMR321C,5
3514,YMR322C,1
3515,YMR323W,3
3516,YMR325W,4
3517,YNL002C,2
3518,YNL003C,2
3519,YNL004W,1
3520,YNL006W,4
3521,YNL007C,2
3522,YNL008C,4
3523,YNL009W,2
3524,YNL010W,5
3525,YNL011C,2
3526,YNL012W,3
3527,YNL013C,2
3528,YNL014W,22
3529,YNL015W,3
3530,YNL019C,1
3531,YNL023C,3
3532,YNL024C,1
3533,YNL025C,3
3534,YNL026W,2
3535,YNL027W,2
3536,YNL029C,1
3537,YNL030W,4
3538,YNL031C,4
3539,YNL033W,1
3540,YNL035C,1
3541,YNL036W,7
3542,YNL037C,5
3543,YNL038W,1
3544,YNL039W,1
3545,YNL041C,1
3546,YNL042W-B,7
3547,YNL044W,2
3548,YNL045W,2
3549,YNL046W,5
3550,YNL047C,2
3551,YNL050C,2
3552,YNL051W,1
3553,YNL054W,2
3554,YNL055C,3
3555,YNL056W,2
3556,YNL057W,3
3557,YNL059C,7
3558,YNL061W,3
3559,YNL063W,4
3560,YNL064C,6
3561,YNL065W,3
3562,YNL067W,1
3563,YNL067W-B,1
3564,YNL069C,2
3565,YNL070W,4
3566,YNL071W,1
3567,YNL072W,2
3568,YNL074C,1
3569,YNL075W,4
3570,YNL076W,1
3571,YNL077W,1
3572,YNL079C,1
3573,YNL080C,2
3574,YNL081C,5
3575,YNL082W,3
3576,YNL083W,2
3577,YNL085W,1
3578,YNL087W,4
3579,YNL088W,3
3580,YNL089C,4
3581,YNL091W,4
3582,YNL092W,1
3583,YNL093W,3
3584,YNL094W,3
3585,YNL095C,3
3586,YNL096C,5
3587,YNL097C-B,9
3588,YNL097W-A,6
3589,YNL099C,5
3590,YNL100W,3
3591,YNL101W,1
3592,YNL102W,6
3593,YNL103W,1
3594,YNL104C,3
3595,YNL107W,4
3596,YNL108C,3
3597,YNL109W,6
3598,YNL110C,6
3599,YNL111C,6
3600,YNL112W,2
3601,YNL113W,4
3602,YNL114C,2
3603,YNL115C,1
3604,YNL116W,1
3605,YNL117W,2
3606,YNL118C,1
3607,YNL122C,6
3608,YNL124W,1
3609,YNL126W,4
3610,YNL127W,1
3611,YNL128W,2
3612,YNL129W,4
3613,YNL130C,2
3614,YNL132W,2
3615,YNL133C,2
3616,YNL134C,3
3617,YNL136W,3
3618,YNL137C,2
3619,YNL138W,6
3620,YNL141W,2
3621,YNL142W,1
3622,YNL143C,1
3623,YNL144C,2
3624,YNL144W-A,3
3625,YNL145W,4
3626,YNL146C-A,1
3627,YNL146W,4
3628,YNL147W,1
3629,YNL148C,2
3630,YNL151C,3
3631,YNL155W,6
3632,YNL156C,1
3633,YNL158W,1
3634,YNL159C,1
3635,YNL160W,1
3636,YNL161W,3
3637,YNL162W-A,3
3638,YNL163C,1
3639,YNL164C,3
3640,YNL165W,1
3641,YNL168C,5
3642,YNL169C,1
3643,YNL170W,3
3644,YNL171C,1
3645,YNL173C,1
3646,YNL176C,4
3647,YNL177C,2
3648,YNL179C,1
3649,YNL180C,1
3650,YNL182C,1
3651,YNL184C,2
3652,YNL185C,2
3653,YNL186W,1
3654,YNL187W,2
3655,YNL188W,3
3656,YNL190W,3
3657,YNL191W,7
3658,YNL192W,2
3659,YNL193W,1
3660,YNL194C,1
3661,YNL196C,2
3662,YNL198C,4
3663,YNL199C,4
3664,YNL200C,4
3665,YNL201C,1
3666,YNL202W,2
3667,YNL203C,4
3668,YNL204C,2
3669,YNL205C,1
3670,YNL206C,2
3671,YNL207W,5
3672,YNL208W,5
3673,YNL209W,1
3674,YNL210W,1
3675,YNL211C,2
3676,YNL216W,3
3677,YNL217W,1
3678,YNL220W,1
3679,YNL222W,2
3680,YNL223W,1
3681,YNL224C,1
3682,YNL225C,3
3683,YNL226W,4
3684,YNL227C,2
3685,YNL228W,2
3686,YNL229C,1
3687,YNL230C,7
3688,YNL231C,11
3689,YNL233W,3
3690,YNL234W,1
3691,YNL235C,1
3692,YNL236W,1
3693,YNL237W,3
3694,YNL238W,2
3695,YNL241C,1
3696,YNL242W,5
3697,YNL243W,7
3698,YNL244C,4
3699,YNL245C,3
3700,YNL246W,2
3701,YNL249C,3
3702,YNL251C,1
3703,YNL252C,3
3704,YNL253W,4
3705,YNL254C,7
3706,YNL258C,1
3707,YNL259C,1
3708,YNL260C,2
3709,YNL261W,3
3710,YNL262W,1
3711,YNL264C,1
3712,YNL265C,6
3713,YNL266W,3
3714,YNL268W,5
3715,YNL270C,2
3716,YNL271C,1
3717,YNL272C,3
3718,YNL273W,1
3719,YNL274C,3
3720,YNL275W,3
3721,YNL276C,4
3722,YNL277W,6
3723,YNL277W-A,1
3724,YNL278W,1
3725,YNL279W,4
3726,YNL280C,3
3727,YNL282W,1
3728,YNL283C,1
3729,YNL284C,1
3730,YNL285W,3
3731,YNL286W,2
3732,YNL287W,2
3733,YNL289W,2
3734,YNL290W,3
3735,YNL291C,1
3736,YNL292W,2
3737,YNL296W,2
3738,YNL298W,1
3739,YNL299W,1
3740,YNL300W,5
3741,YNL301C,1
3742,YNL302C,3
3743,YNL307C,1
3744,YNL308C,1
3745,YNL311C,1
3746,YNL312W,1
3747,YNL313C,1
3748,YNL316C,6
3749,YNL320W,2
3750,YNL321W,5
3751,YNL322C,5
3752,YNL323W,7
3753,YNL324W,1
3754,YNL325C,8
3755,YNL326C,1
3756,YNL327W,2
3757,YNL329C,1
3758,YNL330C,1
3759,YNL332W,8
3760,YNL333W,2
3761,YNL334C,1
3762,YNL335W,3
3763,YNL336W,1
3764,YNL337W,2
3765,YNL338W,3
3766,YNL339C,2
3767,YNR001C,1
3768,YNR002C,1
3769,YNR003C,1
3770,YNR003W-A,2
3771,YNR004W,3
3772,YNR006W,3
3773,YNR009W,3
3774,YNR010W,3
3775,YNR011C,5
3776,YNR012W,3
3777,YNR014W,4
3778,YNR015W,6
3779,YNR016C,6
3780,YNR017W,1
3781,YNR018W,6
3782,YNR019W,6
3783,YNR022C,1
3784,YNR023W,1
3785,YNR024W,3
3786,YNR026C,1
3787,YNR027W,1
3788,YNR028W,4
3789,YNR029C,4
3790,YNR030W,2
3791,YNR032C-A,2
3792,YNR033W,1
3793,YNR034W-A,2
3794,YNR035C,6
3795,YNR036C,6
3796,YNR037C,1
3797,YNR038W,5
3798,YNR041C,1
3799,YNR042W,1
3800,YNR043W,3
3801,YNR044W,3
3802,YNR045W,6
3803,YNR047W,4
3804,YNR048W,1
3805,YNR049C,1
3806,YNR050C,3
3807,YNR052C,2
3808,YNR053C,6
3809,YNR055C,3
3810,YNR056C,2
3811,YNR057C,4
3812,YNR058W,3
3813,YNR059W,1
3814,YNR060W,1
3815,YNR062C,1
3816,YNR064C,1
3817,YNR067C,2
3818,YNR069C,3
3819,YNR071C,3
3820,YNR072W,1
3821,YNR073C,3
3822,YNR075W,3
3823,YNR076W,2
3824,YOL001W,1
3825,YOL003C,6
3826,YOL005C,2
3827,YOL006C,4
3828,YOL009C,2
3829,YOL010W,4
3830,YOL011W,1
3831,YOL012C,2
3832,YOL013C,5
3833,YOL013W-A,2
3834,YOL014W,3
3835,YOL015W,2
3836,YOL016C,4
3837,YOL017W,2
3838,YOL018C,2
3839,YOL019W,1
3840,YOL019W-A,3
3841,YOL020W,2
3842,YOL022C,1
3843,YOL023W,5
3844,YOL024W,3
3845,YOL028C,2
3846,YOL029C,1
3847,YOL030W,4
3848,YOL031C,1
3849,YOL032W,2
3850,YOL033W,2
3851,YOL035C,2
3852,YOL036W,5
3853,YOL038C-A,1
3854,YOL038W,6
3855,YOL040C,1
3856,YOL041C,7
3857,YOL042W,1
3858,YOL043C,1
3859,YOL044W,5
3860,YOL045W,2
3861,YOL047C,1
3862,YOL048C,8
3863,YOL049W,8
3864,YOL050C,8
3865,YOL051W,2
3866,YOL052C,2
3867,YOL052C-A,3
3868,YOL053W,2
3869,YOL055C,3
3870,YOL056W,3
3871,YOL057W,3
3872,YOL058W,4
3873,YOL059W,2
3874,YOL061W,1
3875,YOL062C,2
3876,YOL063C,1
3877,YOL064C,3
3878,YOL065C,2
3879,YOL067C,2
3880,YOL068C,1
3881,YOL071W,4
3882,YOL073C,2
3883,YOL076W,2
3884,YOL077W-A,3
3885,YOL079W,1
3886,YOL080C,1
3887,YOL082W,3
3888,YOL083C-A,2
3889,YOL083W,4
3890,YOL084W,2
3891,YOL085C,5
3892,YOL086C,2
3893,YOL088C,1
3894,YOL089C,4
3895,YOL090W,6
3896,YOL091W,1
3897,YOL093W,1
3898,YOL094C,2
3899,YOL095C,1
3900,YOL096C,2
3901,YOL097C,7
3902,YOL097W-A,1
3903,YOL098C,2
3904,YOL100W,2
3905,YOL101C,7
3906,YOL103W,3
3907,YOL104C,1
3908,YOL105C,2
3909,YOL106W,2
3910,YOL108C,3
3911,YOL109W,3
3912,YOL110W,2
3913,YOL111C,2
3914,YOL112W,4
3915,YOL115W,3
3916,YOL116W,1
3917,YOL117W,3
3918,YOL118C,4
3919,YOL119C,2
3920,YOL120C,8
3921,YOL121C,2
3922,YOL122C,6
3923,YOL123W,5
3924,YOL124C,2
3925,YOL125W,7
3926,YOL126C,6
3927,YOL128C,2
3928,YOL129W,4
3929,YOL130W,2
3930,YOL132W,6
3931,YOL133W,1
3932,YOL134C,6
3933,YOL136C,3
3934,YOL137W,2
3935,YOL138C,2
3936,YOL141W,3
3937,YOL143C,1
3938,YOL144W,1
3939,YOL146W,1
3940,YOL147C,2
3941,YOL148C,2
3942,YOL149W,6
3943,YOL150C,3
3944,YOL151W,1
3945,YOL152W,2
3946,YOL154W,1
3947,YOL155C,1
3948,YOL155W-A,1
3949,YOL156W,1
3950,YOL157C,1
3951,YOL159C,3
3952,YOL159C-A,3
3953,YOL160W,1
3954,YOL161C,2
3955,YOL162W,3
3956,YOL163W,2
3957,YOL164W,2
3958,YOL164W-A,5
3959,YOL166C,2
3960,YOR001W,3
3961,YOR002W,3
3962,YOR003W,5
3963,YOR004W,2
3964,YOR005C,2
3965,YOR007C,1
3966,YOR008C-A,1
3967,YOR009W,1
3968,YOR010C,2
3969,YOR011W,2
3970,YOR011W-A,9
3971,YOR012W,2
3972,YOR013W,1
3973,YOR014W,1
3974,YOR016C,3
3975,YOR017W,4
3976,YOR018W,2
3977,YOR019W,2
3978,YOR020C,3
3979,YOR020W-A,1
3980,YOR021C,1
3981,YOR022C,2
3982,YOR023C,4
3983,YOR025W,3
3984,YOR026W,1
3985,YOR027W,4
3986,YOR028C,1
3987,YOR029W,3
3988,YOR030W,5
3989,YOR032C,2
3990,YOR032W-A,1
3991,YOR034C,2
3992,YOR035C,2
3993,YOR036W,2
3994,YOR037W,3
3995,YOR038C,1
3996,YOR040W,1
3997,YOR042W,2
3998,YOR043W,2
3999,YOR044W,3
4000,YOR045W,1
4001,YOR046C,3
4002,YOR048C,1
4003,YOR049C,1
4004,YOR050C,1
4005,YOR051C,6
4006,YOR052C,4
4007,YOR053W,2
4008,YOR057W,1
4009,YOR058C,2
4010,YOR059C,4
4011,YOR061W,1
4012,YOR062C,2
4013,YOR063W,2
4014,YOR064C,3
4015,YOR065W,3
4016,YOR066W,5
4017,YOR067C,1
4018,YOR068C,1
4019,YOR069W,1
4020,YOR071C,1
4021,YOR072W,2
4022,YOR072W-A,4
4023,YOR072W-B,1
4024,YOR073W,1
4025,YOR073W-A,2
4026,YOR079C,1
4027,YOR080W,4
4028,YOR081C,2
4029,YOR083W,1
4030,YOR084W,2
4031,YOR086C,1
4032,YOR087W,1
4033,YOR089C,4
4034,YOR091W,1
4035,YOR092W,2
4036,YOR094W,2
4037,YOR095C,3
4038,YOR096W,1
4039,YOR097C,2
4040,YOR099W,1
4041,YOR100C,1
4042,YOR102W,2
4043,YOR104W,1
4044,YOR105W,1
4045,YOR106W,2
4046,YOR107W,3
4047,YOR108C-A,6
4048,YOR108W,1
4049,YOR109W,3
4050,YOR110W,6
4051,YOR113W,1
4052,YOR114W,7
4053,YOR115C,3
4054,YOR116C,5
4055,YOR117W,4
4056,YOR118W,2
4057,YOR119C,1
4058,YOR120W,1
4059,YOR122C,3
4060,YOR123C,1
4061,YOR124C,1
4062,YOR125C,1
4063,YOR128C,8
4064,YOR129C,2
4065,YOR130C,1
4066,YOR131C,2
4067,YOR132W,3
4068,YOR133W,2
4069,YOR134W,2
4070,YOR136W,4
4071,YOR137C,1
4072,YOR138C,2
4073,YOR140W,6
4074,YOR141C,5
4075,YOR142W,6
4076,YOR143C,2
4077,YOR144C,2
4078,YOR145C,1
4079,YOR146W,4
4080,YOR147W,3
4081,YOR148C,1
4082,YOR149C,5
4083,YOR150W,2
4084,YOR151C,3
4085,YOR152C,2
4086,YOR153W,4
4087,YOR158W,2
4088,YOR161C,8
4089,YOR161C-C,1
4090,YOR162C,2
4091,YOR163W,4
4092,YOR166C,5
4093,YOR168W,4
4094,YOR169C,1
4095,YOR170W,7
4096,YOR171C,1
4097,YOR172W,1
4098,YOR173W,2
4099,YOR174W,1
4100,YOR175C,1
4101,YOR176W,2
4102,YOR177C,10
4103,YOR178C,4
4104,YOR179C,1
4105,YOR180C,4
4106,YOR181W,2
4107,YOR182C,7
4108,YOR184W,2
4109,YOR185C,4
4110,YOR186C-A,3
4111,YOR186W,1
4112,YOR187W,4
4113,YOR188W,4
4114,YOR189W,3
4115,YOR190W,5
4116,YOR191W,2
4117,YOR192C,1
4118,YOR193W,1
4119,YOR194C,4
4120,YOR197W,1
4121,YOR198C,5
4122,YOR200W,1
4123,YOR201C,1
4124,YOR202W,2
4125,YOR204W,6
4126,YOR205C,1
4127,YOR207C,4
4128,YOR208W,2
4129,YOR211C,2
4130,YOR213C,1
4131,YOR214C,3
4132,YOR215C,2
4133,YOR216C,4
4134,YOR217W,1
4135,YOR218C,2
4136,YOR219C,2
4137,YOR221C,1
4138,YOR222W,2
4139,YOR223W,9
4140,YOR224C,2
4141,YOR226C,2
4142,YOR227W,4
4143,YOR228C,1
4144,YOR230W,1
4145,YOR231C-A,4
4146,YOR231W,2
4147,YOR232W,4
4148,YOR233W,8
4149,YOR234C,1
4150,YOR235W,1
4151,YOR237W,1
4152,YOR238W,2
4153,YOR239W,2
4154,YOR242C,4
4155,YOR245C,2
4156,YOR246C,4
4157,YOR247W,1
4158,YOR248W,1
4159,YOR249C,4
4160,YOR253W,1
4161,YOR256C,1
4162,YOR258W,3
4163,YOR261C,1
4164,YOR264W,2
4165,YOR265W,4
4166,YOR266W,2
4167,YOR267C,4
4168,YOR270C,3
4169,YOR271C,1
4170,YOR272W,1
4171,YOR273C,4
4172,YOR276W,2
4173,YOR277C,1
4174,YOR278W,2
4175,YOR279C,4
4176,YOR280C,6
4177,YOR281C,2
4178,YOR283W,1
4179,YOR285W,2
4180,YOR286W,1
4181,YOR287C,1
4182,YOR288C,2
4183,YOR289W,2
4184,YOR290C,4
4185,YOR291W,2
4186,YOR292C,2
4187,YOR293C-A,2
4188,YOR293W,1
4189,YOR294W,4
4190,YOR296W,3
4191,YOR298C-A,2
4192,YOR298W,1
4193,YOR300W,2
4194,YOR301W,4
4195,YOR302W,2
4196,YOR303W,1
4197,YOR304C-A,1
4198,YOR304W,2
4199,YOR305W,2
4200,YOR306C,2
4201,YOR307C,2
4202,YOR308C,2
4203,YOR311C,2
4204,YOR313C,3
4205,YOR315W,1
4206,YOR316C,3
4207,YOR316C-A,3
4208,YOR317W,1
4209,YOR318C,1
4210,YOR320C,3
4211,YOR322C,4
4212,YOR323C,10
4213,YOR327C,2
4214,YOR328W,2
4215,YOR329C,5
4216,YOR329W-A,2
4217,YOR331C,1
4218,YOR332W,1
4219,YOR335C,2
4220,YOR335W-A,4
4221,YOR336W,2
4222,YOR337W,2
4223,YOR338W,2
4224,YOR339C,2
4225,YOR340C,4
4226,YOR343C,2
4227,YOR344C,2
4228,YOR345C,3
4229,YOR346W,2
4230,YOR347C,3
4231,YOR348C,6
4232,YOR350C,2
4233,YOR351C,2
4234,YOR352W,3
4235,YOR353C,2
4236,YOR354C,4
4237,YOR355W,4
4238,YOR356W,2
4239,YOR359W,3
4240,YOR360C,3
4241,YOR364W,5
4242,YOR365C,1
4243,YOR366W,3
4244,YOR367W,4
4245,YOR368W,2
4246,YOR369C,7
4247,YOR370C,2
4248,YOR371C,5
4249,YOR374W,1
4250,YOR375C,2
4251,YOR376W,1
4252,YOR376W-A,1
4253,YOR377W,4
4254,YOR380W,3
4255,YOR381W,1
4256,YOR381W-A,1
4257,YOR382W,1
4258,YOR385W,2
4259,YOR387C,2
4260,YOR388C,1
4261,YOR389W,1
4262,YOR390W,3
4263,YOR391C,1
4264,YOR393W,3
4265,YOR394C-A,4
4266,YOR394W,2
4267,YPL002C,1
4268,YPL003W,2
4269,YPL004C,3
4270,YPL006W,1
4271,YPL007C,6
4272,YPL008W,3
4273,YPL012W,2
4274,YPL013C,2
4275,YPL014W,2
4276,YPL015C,1
4277,YPL017C,2
4278,YPL018W,4
4279,YPL019C,2
4280,YPL020C,3
4281,YPL021W,1
4282,YPL022W,2
4283,YPL026C,3
4284,YPL027W,1
4285,YPL028W,3
4286,YPL030W,2
4287,YPL033C,3
4288,YPL034W,1
4289,YPL035C,2
4290,YPL036W,2
4291,YPL038W,2
4292,YPL040C,1
4293,YPL041C,3
4294,YPL042C,1
4295,YPL043W,2
4296,YPL046C,2
4297,YPL047W,2
4298,YPL049C,1
4299,YPL050C,2
4300,YPL051W,2
4301,YPL052W,1
4302,YPL053C,3
4303,YPL054W,2
4304,YPL056C,2
4305,YPL057C,2
4306,YPL058C,4
4307,YPL059W,1
4308,YPL060W,6
4309,YPL061W,2
4310,YPL065W,3
4311,YPL066W,7
4312,YPL067C,6
4313,YPL069C,2
4314,YPL070W,1
4315,YPL072W,3
4316,YPL074W,7
4317,YPL075W,2
4318,YPL077C,2
4319,YPL079W,2
4320,YPL081W,1
4321,YPL082C,1
4322,YPL083C,3
4323,YPL084W,2
4324,YPL085W,1
4325,YPL086C,1
4326,YPL087W,4
4327,YPL088W,7
4328,YPL089C,1
4329,YPL091W,3
4330,YPL092W,1
4331,YPL093W,4
4332,YPL094C,1
4333,YPL095C,4
4334,YPL096C-A,4
4335,YPL096W,7
4336,YPL100W,4
4337,YPL103C,1
4338,YPL108W,2
4339,YPL109C,1
4340,YPL110C,1
4341,YPL111W,1
4342,YPL112C,4
4343,YPL113C,3
4344,YPL114W,3
4345,YPL115C,2
4346,YPL118W,1
4347,YPL119C,1
4348,YPL120W,3
4349,YPL122C,2
4350,YPL123C,5
4351,YPL124W,1
4352,YPL125W,8
4353,YPL128C,3
4354,YPL129W,1
4355,YPL130W,2
4356,YPL132W,2
4357,YPL133C,2
4358,YPL134C,1
4359,YPL135C-A,2
4360,YPL135W,3
4361,YPL136W,1
4362,YPL137C,2
4363,YPL138C,2
4364,YPL139C,2
4365,YPL140C,7
4366,YPL141C,1
4367,YPL142C,6
4368,YPL146C,1
4369,YPL147W,2
4370,YPL148C,3
4371,YPL149W,4
4372,YPL152W,2
4373,YPL152W-A,2
4374,YPL154C,1
4375,YPL156C,5
4376,YPL157W,3
4377,YPL158C,4
4378,YPL159C,3
4379,YPL160W,2
4380,YPL161C,1
4381,YPL162C,6
4382,YPL163C,1
4383,YPL164C,1
4384,YPL165C,6
4385,YPL167C,2
4386,YPL168W,2
4387,YPL169C,2
4388,YPL170W,3
4389,YPL171C,3
4390,YPL172C,2
4391,YPL174C,1
4392,YPL175W,3
4393,YPL176C,3
4394,YPL177C,3
4395,YPL178W,2
4396,YPL179W,3
4397,YPL180W,5
4398,YPL181W,3
4399,YPL182C,1
4400,YPL185W,2
4401,YPL186C,3
4402,YPL187W,2
4403,YPL188W,1
4404,YPL189C-A,3
4405,YPL189W,3
4406,YPL190C,2
4407,YPL191C,2
4408,YPL192C,6
4409,YPL193W,1
4410,YPL194W,1
4411,YPL195W,1
4412,YPL196W,2
4413,YPL197C,4
4414,YPL198W,1
4415,YPL199C,1
4416,YPL200W,2
4417,YPL201C,2
4418,YPL202C,2
4419,YPL203W,9
4420,YPL204W,5
4421,YPL205C,1
4422,YPL206C,2
4423,YPL207W,2
4424,YPL208W,1
4425,YPL209C,2
4426,YPL210C,2
4427,YPL213W,2
4428,YPL214C,1
4429,YPL215W,3
4430,YPL217C,1
4431,YPL218W,1
4432,YPL221W,3
4433,YPL222C-A,7
4434,YPL222W,1
4435,YPL223C,1
4436,YPL225W,1
4437,YPL226W,4
4438,YPL227C,5
4439,YPL228W,4
4440,YPL229W,3
4441,YPL230W,1
4442,YPL231W,1
4443,YPL233W,5
4444,YPL234C,3
4445,YPL237W,2
4446,YPL238C,2
4447,YPL240C,4
4448,YPL241C,2
4449,YPL242C,2
4450,YPL243W,1
4451,YPL244C,1
4452,YPL245W,3
4453,YPL246C,1
4454,YPL247C,4
4455,YPL249C,1
4456,YPL250C,2
4457,YPL251W,6
4458,YPL252C,6
4459,YPL253C,3
4460,YPL254W,5
4461,YPL256C,3
4462,YPL257W,5
4463,YPL258C,5
4464,YPL259C,5
4465,YPL260W,2
4466,YPL262W,3
4467,YPL263C,2
4468,YPL264C,1
4469,YPL265W,2
4470,YPL267W,3
4471,YPL268W,6
4472,YPL269W,3
4473,YPL270W,2
4474,YPL271W,1
4475,YPL272C,1
4476,YPL274W,2
4477,YPL277C,3
4478,YPL278C,1
4479,YPL279C,3
4480,YPL280W,1
4481,YPL281C,3
4482,YPL282C,2
4483,YPL283C,1
4484,YPR001W,5
4485,YPR002C-A,6
4486,YPR002W,5
4487,YPR003C,3
4488,YPR004C,2
4489,YPR005C,6
4490,YPR006C,2
4491,YPR007C,7
4492,YPR008W,1
4493,YPR010C-A,1
4494,YPR011C,1
4495,YPR013C,1
4496,YPR015C,2
4497,YPR016C,1
4498,YPR017C,1
4499,YPR018W,1
4500,YPR019W,5
4501,YPR020W,1
4502,YPR021C,1
4503,YPR022C,1
4504,YPR027C,2
4505,YPR029C,4
4506,YPR030W,7
4507,YPR031W,3
4508,YPR032W,1
4509,YPR033C,1
4510,YPR034W,4
4511,YPR035W,3
4512,YPR036W,2
4513,YPR036W-A,2
4514,YPR037C,2
4515,YPR038W,6
4516,YPR040W,2
4517,YPR041W,2
4518,YPR042C,1
4519,YPR043W,1
4520,YPR044C,6
4521,YPR047W,3
4522,YPR048W,1
4523,YPR049C,3
4524,YPR050C,4
4525,YPR051W,2
4526,YPR052C,1
4527,YPR054W,1
4528,YPR055W,3
4529,YPR056W,1
4530,YPR058W,1
4531,YPR059C,4
4532,YPR060C,3
4533,YPR061C,1
4534,YPR062W,1
4535,YPR066W,5
4536,YPR068C,2
4537,YPR069C,2
4538,YPR071W,7
4539,YPR072W,1
4540,YPR073C,2
4541,YPR074C,2
4542,YPR075C,2
4543,YPR078C,5
4544,YPR079W,2
4545,YPR080W,2
4546,YPR081C,2
4547,YPR084W,2
4548,YPR085C,1
4549,YPR086W,4
4550,YPR092W,2
4551,YPR093C,4
4552,YPR094W,1
4553,YPR096C,2
4554,YPR097W,1
4555,YPR099C,5
4556,YPR101W,5
4557,YPR102C,1
4558,YPR103W,1
4559,YPR104C,2
4560,YPR105C,3
4561,YPR106W,1
4562,YPR107C,2
4563,YPR108W,1
4564,YPR108W-A,1
4565,YPR109W,2
4566,YPR110C,1
4567,YPR111W,5
4568,YPR112C,2
4569,YPR113W,2
4570,YPR115W,3
4571,YPR117W,1
4572,YPR118W,2
4573,YPR119W,1
4574,YPR122W,3
4575,YPR123C,2
4576,YPR125W,3
4577,YPR126C,2
4578,YPR127W,1
4579,YPR131C,4
4580,YPR132W,2
4581,YPR133C,3
4582,YPR133W-A,2
4583,YPR134W,3
4584,YPR135W,1
4585,YPR136C,2
4586,YPR137W,5
4587,YPR138C,4
4588,YPR141C,1
4589,YPR143W,1
4590,YPR144C,2
4591,YPR145C-A,3
4592,YPR145W,3
4593,YPR147C,2
4594,YPR149W,3
4595,YPR151C,4
4596,YPR152C,3
4597,YPR154W,1
4598,YPR155C,1
4599,YPR156C,3
4600,YPR159C-A,1
4601,YPR159W,3
4602,YPR160C-A,1
4603,YPR160W,2
4604,YPR160W-A,1
4605,YPR162C,2
4606,YPR164W,1
4607,YPR165W,2
4608,YPR166C,6
4609,YPR167C,3
4610,YPR168W,3
4611,YPR169W,2
4612,YPR169W-A,1
4613,YPR170C,9
4614,YPR170W-B,1
4615,YPR171W,6
4616,YPR172W,1
4617,YPR176C,3
4618,YPR177C,2
4619,YPR178W,3
4620,YPR179C,1
4621,YPR184W,3
4622,YPR185W,7
4623,YPR187W,1
4624,YPR190C,3
4625,YPR191W,3
4626,YPR193C,2
4627,YPR194C,1
4628,YPR195C,1
4629,YPR196W,3
4630,YPR197C,1
4631,YPR198W,1
4632,YPR199C,1
4633,YPR200C,1
4634,YPR201W,1
4635,YPR202W,3
