,id,avg(TATA_distFromORF)
0,YAL001C,449.666666667
1,YAL002W,372.25
2,YAL003W,203.333333333
3,YAL005C,166.0
4,YAL008W,63.0
5,YAL009W,412.0
6,YAL011W,123.333333333
7,YAL012W,35.0
8,YAL013W,345.0
9,YAL015C,34.0
10,YAL016W,361.0
11,YAL017W,459.333333333
12,YAL018C,112.166666667
13,YAL021C,224.0
14,YAL022C,477.0
15,YAL024C,312.0
16,YAL025C,348.0
17,YAL026C,405.5
18,YAL026C-A,199.0
19,YAL027W,147.0
20,YAL028W,570.0
21,YAL030W,247.0
22,YAL031C,176.0
23,YAL032C,264.0
24,YAL033W,282.0
25,YAL034C,352.0
26,YAL034W-A,214.0
27,YAL037C-A,340.5
28,YAL037C-B,152.0
29,YAL037W,318.75
30,YAL038W,199.0
31,YAL041W,222.666666667
32,YAL042W,95.3333333333
33,YAL043C,123.0
34,YAL044C,105.5
35,YAL044W-A,443.25
36,YAL045C,116.666666667
37,YAL046C,412.0
38,YAL047C,345.5
39,YAL048C,187.0
40,YAL051W,290.666666667
41,YAL053W,145.666666667
42,YAL054C,138.0
43,YAL055W,8.0
44,YAL056W,228.0
45,YAL058W,242.0
46,YAL059C-A,357.0
47,YAL060W,289.666666667
48,YAL061W,178.0
49,YAL062W,240.076923077
50,YAL063C,127.0
51,YAL063C-A,178.0
52,YAL064W,68.0
53,YAL066W,426.0
54,YAL067C,85.2
55,YAL068C,100.0
56,YAR002C-A,183.0
57,YAR003W,102.0
58,YAR008W,443.0
59,YAR014C,373.8
60,YAR015W,137.0
61,YAR018C,425.142857143
62,YAR020C,108.0
63,YAR023C,361.0
64,YAR027W,361.333333333
65,YAR028W,291.0
66,YAR030C,376.0
67,YAR031W,136.0
68,YAR033W,168.6
69,YAR035W,91.5
70,YAR050W,97.0
71,YAR053W,11.0
72,YAR064W,145.0
73,YAR066W,337.5
74,YAR069C,545.666666667
75,YAR070C,479.0
76,YAR071W,124.0
77,YAR073W,297.25
78,YBL002W,376.8
79,YBL003C,363.0
80,YBL006W-A,259.4
81,YBL007C,38.5
82,YBL008W-A,523.0
83,YBL011W,47.0
84,YBL014C,141.0
85,YBL015W,346.0
86,YBL016W,265.8
87,YBL019W,226.666666667
88,YBL021C,492.0
89,YBL022C,274.0
90,YBL025W,355.0
91,YBL026W,410.333333333
92,YBL028C,276.5
93,YBL029C-A,113.0
94,YBL029W,77.0
95,YBL030C,296.0
96,YBL031W,197.571428571
97,YBL032W,194.2
98,YBL033C,266.833333333
99,YBL034C,231.333333333
100,YBL035C,99.5
101,YBL036C,444.0
102,YBL037W,209.5
103,YBL039W-B,89.0
104,YBL040C,441.0
105,YBL041W,18.0
106,YBL042C,76.0
107,YBL043W,219.0
108,YBL044W,282.0
109,YBL045C,14.6666666667
110,YBL046W,438.0
111,YBL047C,572.0
112,YBL048W,439.333333333
113,YBL049W,188.666666667
114,YBL052C,340.0
115,YBL053W,119.0
116,YBL057C,574.0
117,YBL058W,46.0
118,YBL059C-A,231.0
119,YBL059W,576.5
120,YBL060W,158.5
121,YBL061C,415.0
122,YBL062W,24.0
123,YBL063W,333.428571429
124,YBL064C,320.833333333
125,YBL066C,166.5
126,YBL067C,359.0
127,YBL068W,257.0
128,YBL068W-A,54.0
129,YBL069W,208.5
130,YBL071C,104.0
131,YBL071W-A,91.0
132,YBL072C,270.0
133,YBL074C,517.0
134,YBL075C,94.0
135,YBL077W,528.0
136,YBL078C,289.0
137,YBL081W,336.0
138,YBL082C,408.0
139,YBL084C,280.666666667
140,YBL086C,253.0
141,YBL087C,14.3333333333
142,YBL088C,354.714285714
143,YBL091C-A,113.5
144,YBL094C,109.666666667
145,YBL095W,69.0
146,YBL097W,268.153846154
147,YBL098W,270.0
148,YBL099W,169.0
149,YBL100W-C,94.5
150,YBL101C,322.0
151,YBL102W,452.0
152,YBL103C,115.0
153,YBL104C,261.0
154,YBL105C,432.5
155,YBL106C,235.333333333
156,YBL107C,178.0
157,YBL107W-A,131.0
158,YBL108C-A,336.0
159,YBL109W,231.666666667
160,YBR001C,125.0
161,YBR006W,127.0
162,YBR008C,227.5
163,YBR009C,337.0
164,YBR010W,176.25
165,YBR013C,327.333333333
166,YBR014C,163.6
167,YBR015C,157.0
168,YBR016W,116.0
169,YBR017C,444.0
170,YBR018C,86.0
171,YBR019C,527.0
172,YBR020W,365.0
173,YBR021W,99.0
174,YBR022W,535.0
175,YBR023C,393.2
176,YBR024W,335.0
177,YBR025C,589.0
178,YBR026C,291.5
179,YBR028C,260.833333333
180,YBR029C,516.0
181,YBR030W,39.0
182,YBR031W,103.0
183,YBR032W,203.25
184,YBR033W,553.0
185,YBR034C,91.0
186,YBR035C,361.5
187,YBR036C,218.5
188,YBR037C,237.666666667
189,YBR038W,237.8
190,YBR040W,230.166666667
191,YBR041W,215.25
192,YBR042C,97.0
193,YBR043C,510.5
194,YBR044C,428.0
195,YBR045C,512.0
196,YBR048W,416.333333333
197,YBR049C,369.0
198,YBR050C,326.5
199,YBR052C,313.0
200,YBR053C,355.0
201,YBR054W,411.25
202,YBR055C,423.5
203,YBR056C-B,414.75
204,YBR056W,254.5
205,YBR056W-A,269.666666667
206,YBR057C,331.181818182
207,YBR058C-A,271.0
208,YBR059C,465.0
209,YBR060C,136.0
210,YBR061C,238.666666667
211,YBR062C,238.5
212,YBR063C,486.0
213,YBR066C,126.0
214,YBR067C,117.333333333
215,YBR068C,135.6
216,YBR069C,314.333333333
217,YBR070C,444.0
218,YBR071W,83.0
219,YBR072C-A,514.0
220,YBR072W,154.0
221,YBR073W,173.0
222,YBR074W,280.0
223,YBR076C-A,191.0
224,YBR076W,576.2
225,YBR078W,329.0
226,YBR079C,240.666666667
227,YBR080C,112.0
228,YBR081C,485.0
229,YBR083W,150.0
230,YBR085C-A,112.0
231,YBR087W,554.0
232,YBR088C,187.666666667
233,YBR089C-A,170.333333333
234,YBR089W,210.333333333
235,YBR090C,65.0
236,YBR091C,198.0
237,YBR092C,96.0
238,YBR093C,323.0
239,YBR096W,142.0
240,YBR097W,245.5
241,YBR098W,224.0
242,YBR099C,306.333333333
243,YBR101C,326.0
244,YBR102C,566.0
245,YBR103C-A,64.0
246,YBR104W,437.0
247,YBR105C,138.333333333
248,YBR106W,376.0
249,YBR107C,182.0
250,YBR108W,88.0
251,YBR109W-A,66.0
252,YBR110W,330.0
253,YBR111C,54.0
254,YBR111W-A,217.0
255,YBR113W,387.0
256,YBR114W,146.0
257,YBR115C,249.25
258,YBR117C,286.0
259,YBR118W,351.0
260,YBR120C,366.4
261,YBR121C,367.666666667
262,YBR123C,290.333333333
263,YBR125C,439.0
264,YBR126C,177.333333333
265,YBR126W-A,223.0
266,YBR126W-B,300.0
267,YBR127C,231.0
268,YBR128C,244.0
269,YBR129C,230.666666667
270,YBR132C,295.0
271,YBR133C,28.8
272,YBR135W,435.0
273,YBR136W,173.0
274,YBR138C,260.0
275,YBR139W,49.5
276,YBR140C,242.0
277,YBR143C,444.0
278,YBR144C,79.0
279,YBR145W,355.2
280,YBR146W,235.833333333
281,YBR147W,244.5
282,YBR148W,29.0
283,YBR149W,169.75
284,YBR150C,367.0
285,YBR151W,376.25
286,YBR152W,311.0
287,YBR153W,215.0
288,YBR154C,271.2
289,YBR155W,447.0
290,YBR156C,258.0
291,YBR157C,140.0
292,YBR158W,337.0
293,YBR159W,466.0
294,YBR160W,285.444444444
295,YBR161W,344.0
296,YBR162C,309.0
297,YBR162W-A,464.5
298,YBR163W,353.0
299,YBR164C,369.25
300,YBR165W,134.0
301,YBR166C,403.0
302,YBR167C,543.0
303,YBR169C,195.4
304,YBR170C,371.0
305,YBR172C,137.0
306,YBR174C,552.0
307,YBR176W,340.857142857
308,YBR177C,348.0
309,YBR179C,309.0
310,YBR181C,412.0
311,YBR182C,175.0
312,YBR182C-A,418.916666667
313,YBR183W,127.5
314,YBR184W,283.0
315,YBR185C,448.25
316,YBR186W,136.4
317,YBR187W,62.0
318,YBR190W,105.5
319,YBR191W,299.666666667
320,YBR191W-A,518.0
321,YBR192W,295.4
322,YBR193C,217.0
323,YBR194W,18.0
324,YBR195C,128.0
325,YBR196C,260.333333333
326,YBR197C,412.0
327,YBR200W,477.0
328,YBR200W-A,269.333333333
329,YBR201C-A,253.8
330,YBR203W,220.8
331,YBR207W,172.0
332,YBR208C,65.0
333,YBR209W,254.0
334,YBR210W,249.0
335,YBR212W,353.0
336,YBR213W,128.6
337,YBR214W,107.4
338,YBR215W,219.666666667
339,YBR217W,326.0
340,YBR219C,526.0
341,YBR220C,292.0
342,YBR221C,413.0
343,YBR222C,111.0
344,YBR223C,154.0
345,YBR223W-A,263.0
346,YBR225W,23.0
347,YBR227C,84.0
348,YBR228W,374.0
349,YBR229C,275.333333333
350,YBR230C,319.0
351,YBR230W-A,216.0
352,YBR233W-A,289.0
353,YBR238C,145.0
354,YBR239C,242.333333333
355,YBR240C,141.6875
356,YBR241C,297.0
357,YBR242W,257.833333333
358,YBR243C,77.0
359,YBR244W,281.6
360,YBR246W,7.0
361,YBR247C,312.0
362,YBR249C,230.0
363,YBR250W,522.0
364,YBR252W,324.333333333
365,YBR253W,208.0
366,YBR255C-A,588.0
367,YBR256C,257.0
368,YBR257W,592.0
369,YBR258C,173.0
370,YBR259W,116.0
371,YBR260C,144.833333333
372,YBR261C,149.0
373,YBR263W,480.25
374,YBR266C,186.5
375,YBR267W,202.0
376,YBR268W,403.0
377,YBR269C,141.0
378,YBR271W,556.0
379,YBR272C,90.0
380,YBR274W,467.0
381,YBR275C,189.666666667
382,YBR276C,23.0
383,YBR279W,254.333333333
384,YBR280C,164.0
385,YBR285W,238.4
386,YBR286W,225.333333333
387,YBR287W,114.0
388,YBR290W,172.6
389,YBR291C,62.5
390,YBR293W,383.0
391,YBR294W,164.666666667
392,YBR295W,327.4
393,YBR296C,79.5
394,YBR296C-A,462.0
395,YBR298C,193.0
396,YBR299W,251.0
397,YBR301W,101.0
398,YBR302C,71.0
399,YCL001W,94.0
400,YCL001W-A,408.0
401,YCL004W,251.333333333
402,YCL005W,342.0
403,YCL005W-A,354.0
404,YCL007C,355.0
405,YCL008C,125.0
406,YCL009C,56.6666666667
407,YCL010C,219.0
408,YCL011C,467.0
409,YCL012C,195.8
410,YCL014W,293.0
411,YCL017C,244.8
412,YCL018W,31.0
413,YCL022C,259.333333333
414,YCL023C,358.0
415,YCL024W,457.5
416,YCL025C,76.0
417,YCL026C-A,58.0
418,YCL026C-B,210.333333333
419,YCL027W,389.666666667
420,YCL030C,146.5
421,YCL031C,316.571428571
422,YCL034W,297.333333333
423,YCL035C,195.0
424,YCL038C,524.0
425,YCL039W,227.285714286
426,YCL040W,407.0
427,YCL042W,254.0
428,YCL043C,114.571428571
429,YCL044C,255.0
430,YCL045C,83.0
431,YCL047C,146.0
432,YCL048W,196.5
433,YCL048W-A,365.666666667
434,YCL049C,121.5
435,YCL054W,301.6
436,YCL054W-A,86.3333333333
437,YCL055W,34.0
438,YCL057C-A,260.333333333
439,YCL057W,197.0
440,YCL058C,238.4
441,YCL059C,577.0
442,YCL061C,286.5
443,YCL063W,352.0
444,YCL064C,93.0
445,YCL065W,358.0
446,YCL066W,159.0
447,YCL067C,192.2
448,YCL068C,63.5
449,YCL069W,488.111111111
450,YCL073C,163.0
451,YCR001W,204.666666667
452,YCR002C,13.0
453,YCR004C,271.0
454,YCR005C,135.0
455,YCR007C,288.0
456,YCR008W,497.25
457,YCR009C,357.571428571
458,YCR010C,232.0
459,YCR012W,105.0
460,YCR013C,60.2
461,YCR014C,403.5
462,YCR015C,366.0
463,YCR016W,223.0
464,YCR017C,235.0
465,YCR019W,69.0
466,YCR020C,104.0
467,YCR020C-A,594.0
468,YCR020W-B,561.0
469,YCR021C,195.0
470,YCR022C,491.0
471,YCR023C,217.5
472,YCR024C-A,302.0
473,YCR024C-B,504.0
474,YCR026C,327.285714286
475,YCR027C,600.0
476,YCR028C,273.333333333
477,YCR030C,356.666666667
478,YCR031C,196.0
479,YCR034W,307.666666667
480,YCR035C,86.0
481,YCR036W,198.0
482,YCR037C,500.0
483,YCR039C,192.2
484,YCR040W,159.0
485,YCR041W,358.0
486,YCR042C,548.666666667
487,YCR043C,194.0
488,YCR045C,258.0
489,YCR046C,199.0
490,YCR048W,426.0
491,YCR050C,119.444444444
492,YCR051W,188.111111111
493,YCR054C,197.6
494,YCR059C,230.888888889
495,YCR060W,109.5
496,YCR061W,335.25
497,YCR063W,417.0
498,YCR068W,199.0
499,YCR071C,225.0
500,YCR072C,201.0
501,YCR073C,28.0
502,YCR075C,373.0
503,YCR075W-A,68.0
504,YCR076C,89.0
505,YCR081C-A,570.0
506,YCR081W,122.0
507,YCR082W,168.0
508,YCR083W,228.6
509,YCR084C,523.5
510,YCR086W,419.75
511,YCR087C-A,577.0
512,YCR087W,400.5
513,YCR088W,70.6
514,YCR089W,318.0
515,YCR090C,507.0
516,YCR094W,302.0
517,YCR095C,477.5
518,YCR095W-A,429.0
519,YCR096C,419.666666667
520,YCR097W,70.0
521,YCR098C,223.5
522,YCR099C,235.666666667
523,YCR101C,390.0
524,YCR102C,81.0
525,YCR104W,101.0
526,YCR105W,93.6666666667
527,YCR107W,232.0
528,YDL001W,336.0
529,YDL002C,75.0
530,YDL003W,212.285714286
531,YDL004W,437.0
532,YDL005C,502.0
533,YDL006W,513.0
534,YDL008W,248.5
535,YDL009C,327.0
536,YDL010W,18.0
537,YDL011C,440.0
538,YDL012C,81.0
539,YDL013W,531.0
540,YDL014W,111.0
541,YDL015C,324.0
542,YDL017W,405.0
543,YDL018C,330.666666667
544,YDL019C,358.0
545,YDL020C,226.666666667
546,YDL021W,191.142857143
547,YDL022W,81.0
548,YDL024C,79.0
549,YDL025W-A,162.2
550,YDL026W,144.0
551,YDL027C,270.3
552,YDL028C,246.6
553,YDL029W,292.0
554,YDL030W,304.0
555,YDL031W,476.0
556,YDL032W,306.0
557,YDL034W,533.0
558,YDL035C,295.666666667
559,YDL036C,228.5
560,YDL040C,304.0
561,YDL041W,584.0
562,YDL042C,445.0
563,YDL044C,332.0
564,YDL045C,261.666666667
565,YDL045W-A,133.5
566,YDL046W,240.625
567,YDL048C,157.666666667
568,YDL049C,87.5
569,YDL053C,294.0
570,YDL055C,150.0
571,YDL057W,312.333333333
572,YDL060W,241.0
573,YDL061C,238.8
574,YDL065C,82.0
575,YDL066W,83.0
576,YDL068W,469.0
577,YDL069C,161.0
578,YDL070W,220.333333333
579,YDL072C,393.0
580,YDL073W,148.0
581,YDL074C,219.0
582,YDL077C,409.0
583,YDL078C,427.142857143
584,YDL081C,265.5
585,YDL082W,582.0
586,YDL084W,379.0
587,YDL085C-A,316.5
588,YDL085W,278.5
589,YDL086C-A,309.0
590,YDL086W,67.0
591,YDL087C,413.5
592,YDL089W,351.5
593,YDL090C,327.0
594,YDL091C,263.0
595,YDL092W,412.4
596,YDL093W,562.0
597,YDL097C,91.0
598,YDL098C,198.0
599,YDL102W,83.5
600,YDL103C,194.0
601,YDL104C,299.25
602,YDL107W,188.5
603,YDL108W,214.333333333
604,YDL109C,542.0
605,YDL110C,239.4
606,YDL111C,451.2
607,YDL112W,103.0
608,YDL113C,262.0
609,YDL115C,143.666666667
610,YDL116W,283.5
611,YDL118W,159.666666667
612,YDL122W,257.0
613,YDL123W,179.333333333
614,YDL124W,113.0
615,YDL125C,549.0
616,YDL126C,157.0
617,YDL127W,80.0
618,YDL128W,265.333333333
619,YDL129W,373.2
620,YDL130W,356.0
621,YDL130W-A,360.0
622,YDL131W,466.071428571
623,YDL132W,553.0
624,YDL133C-A,158.0
625,YDL133W,383.5
626,YDL134C,37.0
627,YDL135C,293.25
628,YDL138W,101.0
629,YDL139C,244.0
630,YDL140C,235.75
631,YDL141W,100.0
632,YDL142C,68.0
633,YDL143W,181.0
634,YDL145C,152.0
635,YDL146W,424.0
636,YDL149W,293.0
637,YDL150W,272.0
638,YDL153C,188.666666667
639,YDL159C-B,107.0
640,YDL160C-A,231.888888889
641,YDL162C,297.0
642,YDL163W,22.0
643,YDL165W,203.333333333
644,YDL166C,135.166666667
645,YDL167C,255.8
646,YDL168W,411.6
647,YDL169C,421.5
648,YDL171C,381.0
649,YDL173W,493.5
650,YDL174C,227.666666667
651,YDL175C,212.0
652,YDL178W,229.0
653,YDL180W,381.0
654,YDL182W,121.0
655,YDL184C,375.6
656,YDL185C-A,324.0
657,YDL185W,79.0
658,YDL186W,496.5
659,YDL188C,375.5
660,YDL189W,29.0
661,YDL190C,600.0
662,YDL191W,583.0
663,YDL192W,424.0
664,YDL193W,111.833333333
665,YDL194W,343.666666667
666,YDL195W,480.0
667,YDL196W,13.0
668,YDL198C,187.0
669,YDL199C,249.0
670,YDL200C,188.0
671,YDL201W,307.0
672,YDL202W,132.333333333
673,YDL203C,198.75
674,YDL204W,96.0
675,YDL205C,214.0
676,YDL206W,298.0
677,YDL207W,160.0
678,YDL210W,105.5
679,YDL212W,103.0
680,YDL213C,297.0
681,YDL215C,127.0
682,YDL216C,300.0
683,YDL217C,133.0
684,YDL218W,120.0
685,YDL222C,287.5
686,YDL223C,123.0
687,YDL228C,249.25
688,YDL229W,171.0
689,YDL230W,317.0
690,YDL231C,246.0
691,YDL232W,178.0
692,YDL233W,167.0
693,YDL234C,142.25
694,YDL236W,429.666666667
695,YDL238C,329.333333333
696,YDL241W,141.0
697,YDL243C,275.0
698,YDL244W,259.0
699,YDL245C,135.0
700,YDL246C,129.25
701,YDL247W,419.333333333
702,YDL247W-A,327.666666667
703,YDL248W,71.0
704,YDR001C,283.0
705,YDR002W,271.2
706,YDR003W,318.25
707,YDR004W,227.75
708,YDR005C,163.0
709,YDR006C,337.0
710,YDR007W,265.666666667
711,YDR008C,222.0
712,YDR009W,138.0
713,YDR010C,217.666666667
714,YDR011W,361.0
715,YDR012W,296.0
716,YDR013W,27.0
717,YDR014W,234.0
718,YDR014W-A,202.0
719,YDR015C,194.0
720,YDR016C,223.666666667
721,YDR017C,98.25
722,YDR019C,343.5
723,YDR021W,209.666666667
724,YDR023W,87.75
725,YDR024W,160.8
726,YDR025W,531.333333333
727,YDR026C,395.0
728,YDR027C,218.0
729,YDR028C,305.666666667
730,YDR031W,130.333333333
731,YDR032C,296.666666667
732,YDR033W,430.0
733,YDR034W-B,140.0
734,YDR036C,36.0
735,YDR037W,110.333333333
736,YDR038C,514.0
737,YDR039C,514.0
738,YDR040C,293.75
739,YDR042C,258.666666667
740,YDR043C,274.0
741,YDR044W,161.0
742,YDR045C,104.0
743,YDR047W,347.0
744,YDR048C,477.0
745,YDR050C,170.0
746,YDR051C,257.0
747,YDR052C,402.5
748,YDR053W,488.0
749,YDR055W,92.6666666667
750,YDR056C,287.333333333
751,YDR057W,205.0
752,YDR058C,463.0
753,YDR059C,340.0
754,YDR060W,51.0
755,YDR061W,102.0
756,YDR063W,252.75
757,YDR065W,159.0
758,YDR066C,455.0
759,YDR067C,70.0
760,YDR068W,297.666666667
761,YDR069C,266.0
762,YDR070C,232.0
763,YDR072C,210.0
764,YDR073W,304.6
765,YDR075W,436.5
766,YDR076W,245.75
767,YDR077W,131.0
768,YDR079C-A,155.0
769,YDR079W,379.25
770,YDR080W,303.75
771,YDR083W,44.3333333333
772,YDR084C,226.0
773,YDR085C,119.0
774,YDR086C,258.0
775,YDR087C,82.5
776,YDR088C,501.0
777,YDR090C,97.6666666667
778,YDR092W,513.0
779,YDR094W,436.0
780,YDR097C,433.0
781,YDR098C,360.5
782,YDR100W,410.5
783,YDR101C,409.0
784,YDR103W,394.0
785,YDR106W,175.0
786,YDR109C,201.0
787,YDR110W,255.5
788,YDR113C,370.8
789,YDR114C,442.0
790,YDR115W,233.9
791,YDR116C,354.0
792,YDR118W-A,279.333333333
793,YDR119W,98.0
794,YDR119W-A,144.0
795,YDR120C,299.0
796,YDR121W,510.0
797,YDR124W,68.3333333333
798,YDR125C,260.8
799,YDR126W,300.25
800,YDR127W,149.0
801,YDR129C,100.0
802,YDR130C,295.333333333
803,YDR132C,427.0
804,YDR133C,327.0
805,YDR135C,239.75
806,YDR137W,435.333333333
807,YDR140W,72.0
808,YDR141C,157.0
809,YDR142C,332.0
810,YDR143C,159.2
811,YDR144C,545.0
812,YDR145W,131.5
813,YDR146C,200.0
814,YDR148C,110.333333333
815,YDR150W,386.0
816,YDR151C,337.0
817,YDR152W,168.0
818,YDR153C,73.0
819,YDR154C,393.0
820,YDR155C,146.0
821,YDR158W,78.0
822,YDR160W,264.8
823,YDR163W,499.0
824,YDR168W,232.0
825,YDR169C,340.666666667
826,YDR170C,263.5
827,YDR171W,184.0
828,YDR173C,137.0
829,YDR174W,337.0
830,YDR177W,34.0
831,YDR178W,241.5
832,YDR179C,310.0
833,YDR179W-A,254.0
834,YDR182W-A,173.666666667
835,YDR183W,434.0
836,YDR184C,241.0
837,YDR185C,330.285714286
838,YDR189W,203.2
839,YDR192C,313.0
840,YDR194C,365.363636364
841,YDR195W,232.75
842,YDR198C,224.0
843,YDR199W,424.5
844,YDR201W,110.0
845,YDR202C,91.0
846,YDR204W,100.0
847,YDR205W,280.5
848,YDR206W,187.2
849,YDR207C,405.0
850,YDR209C,402.75
851,YDR210W,348.333333333
852,YDR211W,290.0
853,YDR212W,304.166666667
854,YDR213W,271.0
855,YDR214W,382.0
856,YDR215C,193.0
857,YDR216W,170.6
858,YDR217C,179.0
859,YDR218C,249.0
860,YDR219C,258.0
861,YDR220C,378.0
862,YDR222W,113.0
863,YDR223W,379.0
864,YDR224C,99.8
865,YDR225W,119.666666667
866,YDR226W,327.777777778
867,YDR227W,319.0
868,YDR228C,418.0
869,YDR229W,257.5
870,YDR230W,63.0
871,YDR231C,155.0
872,YDR232W,96.0
873,YDR233C,29.25
874,YDR234W,143.888888889
875,YDR239C,266.0
876,YDR240C,74.0
877,YDR241W,277.0
878,YDR242W,101.0
879,YDR243C,255.666666667
880,YDR244W,53.5
881,YDR245W,278.4
882,YDR246W,190.0
883,YDR247W,424.0
884,YDR248C,192.0
885,YDR249C,230.0
886,YDR253C,159.545454545
887,YDR254W,346.333333333
888,YDR256C,152.0
889,YDR257C,288.666666667
890,YDR258C,205.75
891,YDR260C,245.0
892,YDR261C,93.6666666667
893,YDR262W,22.0
894,YDR263C,310.6
895,YDR264C,121.0
896,YDR265W,446.0
897,YDR266C,333.0
898,YDR268W,191.0
899,YDR270W,164.0
900,YDR274C,218.0
901,YDR276C,146.0
902,YDR277C,240.0
903,YDR278C,310.0
904,YDR279W,305.0
905,YDR280W,350.5
906,YDR281C,138.0
907,YDR282C,200.0
908,YDR283C,305.666666667
909,YDR284C,260.6
910,YDR288W,275.0
911,YDR289C,301.5
912,YDR291W,90.0
913,YDR292C,332.0
914,YDR294C,187.0
915,YDR295C,242.5
916,YDR296W,313.333333333
917,YDR297W,130.0
918,YDR298C,373.0
919,YDR299W,91.0
920,YDR302W,276.333333333
921,YDR303C,451.0
922,YDR304C,328.0
923,YDR308C,368.0
924,YDR309C,125.0
925,YDR310C,289.0
926,YDR312W,584.0
927,YDR313C,295.0
928,YDR317W,72.75
929,YDR318W,504.0
930,YDR319C,214.5
931,YDR320C,149.0
932,YDR320C-A,565.5
933,YDR320W-B,233.0
934,YDR321W,451.0
935,YDR322C-A,82.0
936,YDR322W,344.666666667
937,YDR323C,254.0
938,YDR326C,127.833333333
939,YDR327W,181.0
940,YDR328C,129.0
941,YDR329C,277.0
942,YDR331W,44.0
943,YDR332W,131.333333333
944,YDR333C,149.0
945,YDR336W,236.0
946,YDR337W,268.0
947,YDR338C,118.0
948,YDR339C,288.0
949,YDR340W,369.0
950,YDR341C,475.333333333
951,YDR342C,167.0
952,YDR343C,176.5
953,YDR344C,413.666666667
954,YDR345C,111.0
955,YDR346C,179.2
956,YDR347W,415.25
957,YDR348C,460.0
958,YDR349C,394.0
959,YDR350C,153.0
960,YDR351W,344.0
961,YDR352W,247.0
962,YDR354C-A,400.0
963,YDR354W,475.0
964,YDR356W,242.0
965,YDR357C,363.0
966,YDR358W,335.5
967,YDR359C,182.0
968,YDR360W,544.0
969,YDR363W-A,286.0
970,YDR364C,230.0
971,YDR365C,513.0
972,YDR366C,380.0
973,YDR367W,255.636363636
974,YDR369C,121.0
975,YDR370C,414.833333333
976,YDR371C-A,107.0
977,YDR371W,223.0
978,YDR372C,540.0
979,YDR373W,462.0
980,YDR374C,173.5
981,YDR374W-A,195.75
982,YDR375C,373.0
983,YDR376W,220.0
984,YDR377W,176.0
985,YDR380W,149.5
986,YDR381C-A,187.666666667
987,YDR381W,308.0
988,YDR382W,400.777777778
989,YDR383C,340.6
990,YDR384C,80.0
991,YDR385W,307.5
992,YDR387C,137.666666667
993,YDR388W,246.0
994,YDR389W,575.0
995,YDR391C,85.3333333333
996,YDR392W,560.333333333
997,YDR393W,82.0
998,YDR394W,41.0
999,YDR396W,323.0
1000,YDR397C,326.0
1001,YDR398W,252.0
1002,YDR399W,598.0
1003,YDR401W,102.5
1004,YDR403W,114.0
1005,YDR404C,23.0
1006,YDR406W,91.75
1007,YDR407C,135.0
1008,YDR408C,202.333333333
1009,YDR409W,423.0
1010,YDR410C,149.833333333
1011,YDR412W,578.0
1012,YDR413C,120.0
1013,YDR414C,79.1428571429
1014,YDR415C,507.0
1015,YDR417C,198.0
1016,YDR419W,309.5
1017,YDR420W,7.0
1018,YDR421W,286.5
1019,YDR422C,203.5
1020,YDR423C,380.75
1021,YDR424C,179.0
1022,YDR425W,421.333333333
1023,YDR427W,261.111111111
1024,YDR428C,190.0
1025,YDR429C,347.0
1026,YDR430C,203.0
1027,YDR432W,56.0
1028,YDR434W,254.2
1029,YDR435C,591.0
1030,YDR436W,266.0
1031,YDR437W,14.0
1032,YDR438W,94.0
1033,YDR439W,220.666666667
1034,YDR441C,230.0
1035,YDR442W,361.0
1036,YDR444W,221.0
1037,YDR445C,435.0
1038,YDR446W,409.8
1039,YDR447C,444.0
1040,YDR448W,112.25
1041,YDR449C,416.0
1042,YDR451C,74.0
1043,YDR452W,484.166666667
1044,YDR453C,593.0
1045,YDR454C,288.0
1046,YDR457W,219.666666667
1047,YDR458C,274.333333333
1048,YDR461W,210.0
1049,YDR462W,592.0
1050,YDR463W,188.5
1051,YDR464C-A,567.666666667
1052,YDR464W,370.5
1053,YDR465C,193.0
1054,YDR466W,359.0
1055,YDR467C,227.666666667
1056,YDR470C,455.0
1057,YDR472W,389.333333333
1058,YDR475C,202.0
1059,YDR476C,77.6666666667
1060,YDR477W,206.0
1061,YDR478W,215.0
1062,YDR479C,13.0
1063,YDR480W,420.666666667
1064,YDR481C,122.666666667
1065,YDR482C,255.0
1066,YDR485C,584.0
1067,YDR486C,155.285714286
1068,YDR487C,465.5
1069,YDR490C,381.4
1070,YDR491C,188.0
1071,YDR492W,230.4
1072,YDR493W,89.5
1073,YDR494W,297.0
1074,YDR495C,211.25
1075,YDR496C,215.0
1076,YDR497C,265.5
1077,YDR500C,221.75
1078,YDR501W,259.4
1079,YDR502C,250.5
1080,YDR503C,285.0
1081,YDR505C,116.333333333
1082,YDR506C,385.75
1083,YDR508C,128.75
1084,YDR509W,404.0
1085,YDR511W,215.0
1086,YDR512C,435.333333333
1087,YDR513W,164.5
1088,YDR514C,35.0
1089,YDR515W,400.0
1090,YDR516C,146.0
1091,YDR518W,206.0
1092,YDR519W,248.0
1093,YDR520C,342.0
1094,YDR522C,207.5
1095,YDR523C,273.0
1096,YDR524C,308.0
1097,YDR524C-B,146.0
1098,YDR524W-C,425.0
1099,YDR525W,490.0
1100,YDR528W,299.0
1101,YDR529C,216.0
1102,YDR530C,431.0
1103,YDR532C,238.666666667
1104,YDR533C,230.75
1105,YDR534C,467.0
1106,YDR535C,556.5
1107,YDR536W,109.666666667
1108,YDR537C,150.5
1109,YDR539W,200.666666667
1110,YDR540C,252.2
1111,YDR541C,93.0
1112,YDR542W,264.0
1113,YDR543C,417.0
1114,YDR544C,231.666666667
1115,YEL001C,281.6
1116,YEL002C,201.0
1117,YEL003W,225.5
1118,YEL004W,145.0
1119,YEL005C,183.0
1120,YEL006W,217.0
1121,YEL008W,167.0
1122,YEL009C,581.5
1123,YEL009C-A,311.666666667
1124,YEL010W,380.333333333
1125,YEL011W,357.25
1126,YEL012W,415.0
1127,YEL013W,115.0
1128,YEL014C,148.0
1129,YEL015W,547.0
1130,YEL017C-A,57.3333333333
1131,YEL017W,66.3333333333
1132,YEL018C-A,411.333333333
1133,YEL018W,229.666666667
1134,YEL019C,26.0
1135,YEL020C,93.25
1136,YEL020C-B,113.333333333
1137,YEL020W-A,90.0
1138,YEL021W,153.5
1139,YEL022W,220.0
1140,YEL023C,402.0
1141,YEL026W,255.333333333
1142,YEL027W,239.6
1143,YEL028W,255.0
1144,YEL030W,501.0
1145,YEL033W,511.0
1146,YEL034C-A,124.333333333
1147,YEL034W,60.6666666667
1148,YEL035C,128.0
1149,YEL038W,328.0
1150,YEL039C,144.0
1151,YEL040W,201.333333333
1152,YEL041W,128.0
1153,YEL042W,338.6
1154,YEL046C,194.0
1155,YEL047C,258.4
1156,YEL048C,192.5
1157,YEL049W,95.0
1158,YEL050C,293.0
1159,YEL053W-A,392.0
1160,YEL054C,9.0
1161,YEL057C,422.571428571
1162,YEL059C-A,443.8
1163,YEL059W,273.0
1164,YEL060C,120.0
1165,YEL061C,64.5
1166,YEL063C,346.4
1167,YEL064C,200.666666667
1168,YEL065W,98.0
1169,YEL066W,24.0
1170,YEL067C,389.5
1171,YEL068C,93.0
1172,YEL069C,118.0
1173,YEL070W,257.0
1174,YEL071W,73.3333333333
1175,YEL073C,385.444444444
1176,YEL074W,341.0
1177,YER001W,130.0
1178,YER002W,293.0
1179,YER003C,258.5
1180,YER004W,22.3333333333
1181,YER005W,70.0
1182,YER006C-A,168.0
1183,YER006W,223.0
1184,YER007C-A,221.666666667
1185,YER007W,180.8
1186,YER008C,296.0
1187,YER010C,353.0
1188,YER011W,322.0
1189,YER014C-A,66.0
1190,YER015W,239.333333333
1191,YER016W,370.0
1192,YER017C,97.0
1193,YER019C-A,468.0
1194,YER020W,76.0
1195,YER022W,224.125
1196,YER023C-A,376.0
1197,YER023W,144.0
1198,YER024W,95.0
1199,YER025W,228.0
1200,YER026C,281.357142857
1201,YER028C,229.0
1202,YER035W,136.0
1203,YER036C,526.222222222
1204,YER037W,118.6
1205,YER038C,72.0
1206,YER038W-A,69.3333333333
1207,YER039C-A,528.0
1208,YER040W,599.0
1209,YER041W,597.0
1210,YER042W,89.5
1211,YER043C,406.666666667
1212,YER044C,357.8
1213,YER044C-A,108.0
1214,YER045C,332.0
1215,YER047C,306.0
1216,YER049W,287.0
1217,YER052C,154.0
1218,YER053C,162.666666667
1219,YER053C-A,136.666666667
1220,YER054C,381.5
1221,YER055C,467.75
1222,YER056C,99.0
1223,YER056C-A,333.0
1224,YER057C,347.0
1225,YER058W,300.5
1226,YER059W,483.0
1227,YER060W,109.0
1228,YER060W-A,96.0
1229,YER061C,206.0
1230,YER062C,166.0
1231,YER063W,227.0
1232,YER064C,183.222222222
1233,YER065C,145.0
1234,YER066W,258.0
1235,YER067C-A,475.0
1236,YER067W,80.3333333333
1237,YER068W,187.0
1238,YER069W,290.25
1239,YER070W,132.0
1240,YER072W,122.0
1241,YER073W,255.333333333
1242,YER074W,414.75
1243,YER074W-A,296.666666667
1244,YER076C,118.0
1245,YER077C,291.0
1246,YER078C,406.4
1247,YER078W-A,177.0
1248,YER079W,243.6
1249,YER080W,304.0
1250,YER081W,277.428571429
1251,YER082C,242.0
1252,YER083C,482.0
1253,YER084W,533.0
1254,YER084W-A,90.0
1255,YER087C-A,65.0
1256,YER087C-B,230.0
1257,YER087W,409.333333333
1258,YER088W-B,12.0
1259,YER089C,182.666666667
1260,YER090C-A,390.0
1261,YER090W,355.0
1262,YER091C,165.0
1263,YER092W,357.666666667
1264,YER093C,191.0
1265,YER093C-A,205.0
1266,YER096W,188.0
1267,YER097W,12.0
1268,YER098W,338.0
1269,YER101C,99.0
1270,YER103W,136.0
1271,YER104W,300.6
1272,YER105C,130.5
1273,YER107C,363.333333333
1274,YER110C,522.0
1275,YER113C,206.5
1276,YER114C,7.0
1277,YER115C,260.0
1278,YER116C,284.0
1279,YER117W,82.0
1280,YER118C,238.0
1281,YER119C,74.0
1282,YER120W,214.5
1283,YER121W,470.333333333
1284,YER122C,95.0
1285,YER123W,369.0
1286,YER124C,146.0
1287,YER126C,140.333333333
1288,YER127W,291.0
1289,YER128W,98.6
1290,YER130C,220.2
1291,YER131W,356.666666667
1292,YER133W-A,81.0
1293,YER134C,304.0
1294,YER137W-A,337.0
1295,YER138W-A,9.0
1296,YER139C,282.0
1297,YER140W,120.333333333
1298,YER141W,148.0
1299,YER142C,203.0
1300,YER143W,84.0
1301,YER144C,232.0
1302,YER145C,99.0
1303,YER145C-A,72.0
1304,YER147C-A,563.5
1305,YER148W,263.0
1306,YER148W-A,9.0
1307,YER150W,117.0
1308,YER151C,222.0
1309,YER158C,184.0
1310,YER158W-A,28.5555555556
1311,YER159C,208.5
1312,YER161C,208.0
1313,YER162C,153.0
1314,YER163C,21.0
1315,YER164W,439.0
1316,YER165W,514.5
1317,YER168C,356.0
1318,YER170W,73.8333333333
1319,YER171W,126.0
1320,YER172C,105.0
1321,YER172C-A,313.0
1322,YER174C,587.0
1323,YER175C,204.0
1324,YER176W,313.0
1325,YER177W,489.0
1326,YER178W,303.0
1327,YER179W,117.0
1328,YER182W,56.0
1329,YER183C,105.333333333
1330,YER184C,421.0
1331,YER185W,126.0
1332,YER186C,470.0
1333,YER188C-A,575.0
1334,YER188W,62.3333333333
1335,YFL003C,59.0
1336,YFL004W,274.0
1337,YFL005W,38.5
1338,YFL007W,427.5
1339,YFL010C,191.0
1340,YFL011W,226.0
1341,YFL012W,253.5
1342,YFL013C,224.0
1343,YFL013W-A,84.0
1344,YFL014W,103.8
1345,YFL015C,221.0
1346,YFL015W-A,269.0
1347,YFL017W-A,448.6
1348,YFL018C,103.083333333
1349,YFL019C,234.0
1350,YFL020C,109.0
1351,YFL021C-A,145.0
1352,YFL021W,146.5
1353,YFL022C,66.9
1354,YFL024C,43.0
1355,YFL025C,263.0
1356,YFL026W,354.0
1357,YFL028C,252.75
1358,YFL029C,162.333333333
1359,YFL030W,293.875
1360,YFL031C-A,386.4
1361,YFL031W,445.333333333
1362,YFL032W,272.0
1363,YFL033C,259.0
1364,YFL034C-A,212.0
1365,YFL034C-B,224.0
1366,YFL039C,400.5
1367,YFL040W,270.0
1368,YFL041W,331.333333333
1369,YFL041W-A,146.0
1370,YFL044C,138.0
1371,YFL046W,224.0
1372,YFL049W,280.0
1373,YFL050C,224.333333333
1374,YFL051C,87.0
1375,YFL053W,106.0
1376,YFL054C,363.4
1377,YFL055W,237.0
1378,YFL058W,380.875
1379,YFL059W,102.0
1380,YFL060C,296.0
1381,YFL061W,232.333333333
1382,YFL062W,71.0
1383,YFL063W,441.0
1384,YFR001W,515.333333333
1385,YFR002W,250.0
1386,YFR003C,230.5
1387,YFR006W,271.0
1388,YFR007W,47.0
1389,YFR008W,179.666666667
1390,YFR009W,96.0
1391,YFR010W,94.5
1392,YFR010W-A,82.8
1393,YFR011C,272.8
1394,YFR012W,331.5
1395,YFR013W,454.333333333
1396,YFR014C,63.0
1397,YFR015C,151.75
1398,YFR016C,546.0
1399,YFR017C,149.0
1400,YFR018C,309.0
1401,YFR021W,331.0
1402,YFR022W,340.0
1403,YFR023W,509.0
1404,YFR024C-A,221.0
1405,YFR026C,373.0
1406,YFR027W,364.666666667
1407,YFR028C,247.5
1408,YFR029W,304.2
1409,YFR030W,206.75
1410,YFR032C,165.5
1411,YFR032C-A,244.0
1412,YFR034C,86.0
1413,YFR035C,278.5
1414,YFR036W,60.0
1415,YFR036W-A,159.0
1416,YFR043C,75.6
1417,YFR047C,266.0
1418,YFR050C,247.0
1419,YFR051C,460.0
1420,YFR053C,192.0
1421,YFR054C,269.5
1422,YFR055W,90.3333333333
1423,YFR057W,560.0
1424,YGL001C,461.666666667
1425,YGL004C,288.0
1426,YGL006W,98.0
1427,YGL006W-A,156.0
1428,YGL007W,379.0
1429,YGL008C,337.0
1430,YGL009C,219.0
1431,YGL010W,126.25
1432,YGL011C,243.333333333
1433,YGL012W,113.0
1434,YGL013C,449.0
1435,YGL014C-A,543.0
1436,YGL015C,193.0
1437,YGL016W,199.0
1438,YGL018C,448.0
1439,YGL020C,96.0
1440,YGL021W,185.0
1441,YGL023C,559.0
1442,YGL025C,137.0
1443,YGL028C,180.0
1444,YGL029W,363.0
1445,YGL031C,259.0
1446,YGL032C,134.0
1447,YGL033W,431.25
1448,YGL036W,359.3
1449,YGL037C,234.5
1450,YGL038C,424.666666667
1451,YGL040C,291.5
1452,YGL041W-A,231.333333333
1453,YGL043W,174.0
1454,YGL044C,180.5
1455,YGL050W,533.0
1456,YGL051W,169.2
1457,YGL052W,24.0
1458,YGL053W,469.0
1459,YGL054C,544.0
1460,YGL055W,108.0
1461,YGL056C,133.0
1462,YGL057C,220.333333333
1463,YGL058W,200.333333333
1464,YGL059W,261.333333333
1465,YGL062W,114.0
1466,YGL063C-A,434.666666667
1467,YGL063W,133.333333333
1468,YGL064C,317.5
1469,YGL065C,175.0
1470,YGL066W,276.5
1471,YGL067W,296.0
1472,YGL069C,316.5
1473,YGL075C,186.0
1474,YGL076C,206.888888889
1475,YGL077C,260.666666667
1476,YGL078C,16.0
1477,YGL080W,39.0
1478,YGL081W,250.0
1479,YGL083W,317.333333333
1480,YGL084C,240.166666667
1481,YGL085W,225.25
1482,YGL086W,485.0
1483,YGL088W,558.0
1484,YGL089C,96.0
1485,YGL090W,177.333333333
1486,YGL091C,63.0
1487,YGL092W,568.0
1488,YGL093W,209.0
1489,YGL094C,217.0
1490,YGL095C,357.2
1491,YGL096W,160.0
1492,YGL097W,241.833333333
1493,YGL098W,112.75
1494,YGL099W,326.0
1495,YGL100W,204.333333333
1496,YGL101W,115.25
1497,YGL102C,111.5
1498,YGL103W,459.0
1499,YGL104C,390.333333333
1500,YGL105W,257.555555556
1501,YGL108C,223.666666667
1502,YGL109W,81.0
1503,YGL110C,87.0
1504,YGL111W,494.0
1505,YGL113W,324.666666667
1506,YGL114W,428.0
1507,YGL115W,324.0
1508,YGL116W,63.0
1509,YGL117W,164.0
1510,YGL119W,180.0
1511,YGL120C,185.0
1512,YGL121C,388.0
1513,YGL122C,242.75
1514,YGL123C-A,553.0
1515,YGL123W,90.0
1516,YGL125W,198.727272727
1517,YGL127C,567.0
1518,YGL128C,160.153846154
1519,YGL129C,143.666666667
1520,YGL130W,172.0
1521,YGL131C,282.2
1522,YGL132W,78.0
1523,YGL133W,55.0
1524,YGL134W,59.0
1525,YGL136C,83.0
1526,YGL137W,323.5
1527,YGL143C,358.0
1528,YGL145W,156.666666667
1529,YGL146C,468.666666667
1530,YGL147C,569.0
1531,YGL150C,21.0
1532,YGL156W,316.0
1533,YGL157W,144.333333333
1534,YGL158W,149.333333333
1535,YGL159W,367.333333333
1536,YGL160W,572.0
1537,YGL162W,139.5
1538,YGL163C,35.6666666667
1539,YGL164C,330.25
1540,YGL165C,101.0
1541,YGL166W,557.0
1542,YGL168W,211.0
1543,YGL169W,406.0
1544,YGL170C,104.0
1545,YGL171W,382.0
1546,YGL172W,432.0
1547,YGL173C,286.25
1548,YGL177W,240.0
1549,YGL178W,227.5
1550,YGL179C,223.666666667
1551,YGL180W,184.0
1552,YGL181W,60.0
1553,YGL182C,298.0
1554,YGL183C,90.0
1555,YGL184C,114.090909091
1556,YGL185C,255.75
1557,YGL186C,298.8
1558,YGL187C,485.0
1559,YGL190C,375.25
1560,YGL191W,25.0
1561,YGL192W,276.714285714
1562,YGL194C,153.0
1563,YGL195W,287.0
1564,YGL196W,138.0
1565,YGL197W,176.666666667
1566,YGL199C,428.5
1567,YGL202W,119.0
1568,YGL204C,232.0
1569,YGL205W,164.0
1570,YGL206C,339.666666667
1571,YGL207W,374.0
1572,YGL209W,179.0
1573,YGL210W,198.0
1574,YGL213C,180.5
1575,YGL214W,233.0
1576,YGL215W,7.0
1577,YGL218W,214.0
1578,YGL219C,336.0
1579,YGL220W,14.5
1580,YGL221C,75.0
1581,YGL222C,220.0
1582,YGL224C,183.3125
1583,YGL225W,308.1
1584,YGL226C-A,554.75
1585,YGL227W,249.2
1586,YGL228W,584.0
1587,YGL229C,512.5
1588,YGL230C,61.0
1589,YGL231C,210.666666667
1590,YGL232W,48.0
1591,YGL233W,183.0
1592,YGL238W,79.0
1593,YGL240W,132.0
1594,YGL241W,150.0
1595,YGL242C,103.0
1596,YGL243W,90.0
1597,YGL244W,249.5
1598,YGL250W,69.0
1599,YGL251C,174.666666667
1600,YGL253W,152.0
1601,YGL255W,109.0
1602,YGL256W,126.0
1603,YGL258W,234.333333333
1604,YGL258W-A,425.333333333
1605,YGL259W,135.0
1606,YGL261C,100.0
1607,YGL263W,332.666666667
1608,YGR001C,200.666666667
1609,YGR002C,382.333333333
1610,YGR003W,52.0
1611,YGR004W,456.0
1612,YGR005C,557.666666667
1613,YGR007W,556.0
1614,YGR008C,106.5
1615,YGR009C,82.0
1616,YGR011W,223.0
1617,YGR012W,178.0
1618,YGR013W,182.5
1619,YGR014W,349.333333333
1620,YGR015C,46.0
1621,YGR018C,326.5
1622,YGR019W,301.0
1623,YGR021W,265.0
1624,YGR025W,523.0
1625,YGR026W,43.0
1626,YGR027C,400.333333333
1627,YGR028W,297.4
1628,YGR029W,126.0
1629,YGR031C-A,437.5
1630,YGR031W,526.0
1631,YGR032W,405.5
1632,YGR033C,465.0
1633,YGR034W,408.333333333
1634,YGR035C,149.8
1635,YGR035W-A,55.0
1636,YGR036C,531.0
1637,YGR037C,129.0
1638,YGR038W,474.0
1639,YGR039W,380.0
1640,YGR040W,282.333333333
1641,YGR041W,408.5
1642,YGR042W,303.0
1643,YGR043C,42.75
1644,YGR046W,417.0
1645,YGR048W,457.0
1646,YGR049W,279.6
1647,YGR050C,52.0
1648,YGR051C,201.833333333
1649,YGR052W,227.4
1650,YGR053C,431.333333333
1651,YGR055W,124.0
1652,YGR056W,303.166666667
1653,YGR057C,442.25
1654,YGR058W,237.25
1655,YGR060W,230.666666667
1656,YGR061C,564.0
1657,YGR063C,184.0
1658,YGR064W,133.0
1659,YGR065C,211.5
1660,YGR066C,301.5
1661,YGR067C,184.333333333
1662,YGR070W,41.0
1663,YGR071C,230.0
1664,YGR072W,16.0
1665,YGR073C,426.0
1666,YGR074W,167.25
1667,YGR075C,506.0
1668,YGR078C,52.6666666667
1669,YGR079W,174.0
1670,YGR081C,84.5
1671,YGR083C,218.0
1672,YGR084C,200.0
1673,YGR085C,234.5
1674,YGR086C,189.0
1675,YGR087C,65.4
1676,YGR090W,531.0
1677,YGR091W,269.5
1678,YGR092W,326.0
1679,YGR093W,260.833333333
1680,YGR094W,229.0
1681,YGR095C,251.0
1682,YGR096W,33.0
1683,YGR098C,148.666666667
1684,YGR101W,217.333333333
1685,YGR102C,392.0
1686,YGR104C,357.0
1687,YGR105W,86.0
1688,YGR106C,159.25
1689,YGR108W,385.75
1690,YGR109C,149.333333333
1691,YGR110W,351.5
1692,YGR111W,496.666666667
1693,YGR115C,432.0
1694,YGR116W,259.0
1695,YGR117C,125.0
1696,YGR118W,405.75
1697,YGR119C,377.0
1698,YGR120C,540.0
1699,YGR121C,93.0
1700,YGR121W-A,373.333333333
1701,YGR122C-A,464.666666667
1702,YGR122W,353.0
1703,YGR125W,460.428571429
1704,YGR126W,265.0
1705,YGR128C,374.0
1706,YGR129W,464.0
1707,YGR130C,111.0
1708,YGR131W,138.0
1709,YGR132C,270.5
1710,YGR133W,49.6666666667
1711,YGR134W,179.333333333
1712,YGR135W,181.0
1713,YGR136W,182.666666667
1714,YGR137W,550.0
1715,YGR138C,366.666666667
1716,YGR140W,380.333333333
1717,YGR141W,475.0
1718,YGR142W,87.6
1719,YGR143W,529.0
1720,YGR144W,114.0
1721,YGR145W,315.6
1722,YGR146C,215.6
1723,YGR146C-A,590.0
1724,YGR147C,277.0
1725,YGR148C,62.0
1726,YGR149W,345.333333333
1727,YGR150C,7.0
1728,YGR151C,426.666666667
1729,YGR152C,445.0
1730,YGR154C,568.5
1731,YGR155W,112.0
1732,YGR156W,151.5
1733,YGR157W,499.0
1734,YGR161C,155.0
1735,YGR163W,367.666666667
1736,YGR164W,160.6
1737,YGR165W,443.0
1738,YGR166W,371.0
1739,YGR167W,297.142857143
1740,YGR168C,122.5
1741,YGR169C,161.0
1742,YGR169C-A,376.0
1743,YGR170W,283.333333333
1744,YGR171C,266.0
1745,YGR173W,96.0
1746,YGR174C,63.0
1747,YGR174W-A,247.0
1748,YGR175C,101.4
1749,YGR176W,177.666666667
1750,YGR177C,562.5
1751,YGR178C,232.5
1752,YGR179C,320.6
1753,YGR180C,310.0
1754,YGR181W,100.0
1755,YGR182C,263.333333333
1756,YGR183C,385.0
1757,YGR184C,442.25
1758,YGR187C,516.0
1759,YGR188C,228.666666667
1760,YGR189C,165.0
1761,YGR192C,236.5
1762,YGR193C,265.5
1763,YGR194C,436.0
1764,YGR195W,403.571428571
1765,YGR196C,332.5
1766,YGR197C,95.0
1767,YGR198W,471.25
1768,YGR199W,300.166666667
1769,YGR200C,167.0
1770,YGR201C,166.666666667
1771,YGR202C,237.0
1772,YGR203W,246.4
1773,YGR204C-A,98.0
1774,YGR204W,112.25
1775,YGR205W,238.25
1776,YGR206W,291.0
1777,YGR209C,135.0
1778,YGR210C,385.0
1779,YGR211W,56.0
1780,YGR212W,61.0
1781,YGR213C,233.666666667
1782,YGR215W,150.0
1783,YGR217W,161.0
1784,YGR218W,412.0
1785,YGR220C,245.0
1786,YGR221C,394.4
1787,YGR222W,473.8
1788,YGR223C,457.5
1789,YGR224W,112.333333333
1790,YGR225W,55.0
1791,YGR226C,90.0
1792,YGR227W,340.8
1793,YGR228W,156.4
1794,YGR229C,99.0
1795,YGR231C,346.0
1796,YGR232W,137.0
1797,YGR233C,453.5
1798,YGR234W,116.6
1799,YGR235C,185.0
1800,YGR236C,237.666666667
1801,YGR237C,373.0
1802,YGR239C,157.0
1803,YGR240C,34.0
1804,YGR240C-A,75.0
1805,YGR241C,571.0
1806,YGR242W,8.0
1807,YGR243W,156.333333333
1808,YGR244C,360.5
1809,YGR245C,308.0
1810,YGR246C,357.0
1811,YGR247W,342.0
1812,YGR248W,258.0
1813,YGR249W,137.666666667
1814,YGR250C,270.5
1815,YGR252W,146.0
1816,YGR253C,476.333333333
1817,YGR254W,146.0
1818,YGR255C,560.0
1819,YGR256W,111.0
1820,YGR257C,316.333333333
1821,YGR260W,199.5
1822,YGR261C,90.6666666667
1823,YGR262C,174.333333333
1824,YGR263C,276.0
1825,YGR270W,269.0
1826,YGR271C-A,276.5
1827,YGR271W,272.666666667
1828,YGR276C,168.0
1829,YGR279C,122.0
1830,YGR280C,146.0
1831,YGR281W,186.571428571
1832,YGR282C,152.0
1833,YGR283C,511.0
1834,YGR284C,238.0
1835,YGR285C,351.857142857
1836,YGR286C,438.8
1837,YGR287C,280.0
1838,YGR288W,107.666666667
1839,YGR289C,103.0
1840,YGR292W,109.0
1841,YGR294W,101.0
1842,YGR295C,163.0
1843,YGR296W,517.0
1844,YHL002C-A,290.0
1845,YHL002W,236.333333333
1846,YHL003C,503.333333333
1847,YHL006C,92.5
1848,YHL008C,508.666666667
1849,YHL009C,309.6
1850,YHL010C,147.5
1851,YHL011C,196.0
1852,YHL012W,13.3333333333
1853,YHL013C,574.0
1854,YHL014C,123.333333333
1855,YHL015W,85.25
1856,YHL015W-A,338.0
1857,YHL016C,121.0
1858,YHL018W,230.666666667
1859,YHL019W-A,34.0
1860,YHL020C,327.2
1861,YHL021C,217.5
1862,YHL022C,146.0
1863,YHL023C,339.5
1864,YHL024W,113.428571429
1865,YHL026C,49.0
1866,YHL027W,211.5
1867,YHL028W,146.0
1868,YHL030W,113.75
1869,YHL030W-A,235.0
1870,YHL031C,387.25
1871,YHL032C,34.0
1872,YHL033C,95.0
1873,YHL034C,397.0
1874,YHL034W-A,208.833333333
1875,YHL035C,174.666666667
1876,YHL036W,184.75
1877,YHL038C,428.0
1878,YHL040C,116.0
1879,YHL041W,328.0
1880,YHL042W,186.0
1881,YHL043W,269.0
1882,YHL044W,212.5
1883,YHL046C,183.5
1884,YHL047C,361.571428571
1885,YHL048W,71.0
1886,YHL049C,576.0
1887,YHR001W,412.333333333
1888,YHR001W-A,284.0
1889,YHR002W,546.5
1890,YHR003C,229.285714286
1891,YHR004C,77.0
1892,YHR005C,369.4
1893,YHR006W,296.0
1894,YHR007C,213.5
1895,YHR008C,339.25
1896,YHR011W,77.0
1897,YHR016C,434.0
1898,YHR017W,171.666666667
1899,YHR018C,302.2
1900,YHR019C,392.0
1901,YHR020W,51.0
1902,YHR021C,366.0
1903,YHR021W-A,403.0
1904,YHR022C,129.0
1905,YHR026W,428.5
1906,YHR027C,131.6
1907,YHR028C,202.666666667
1908,YHR028W-A,547.333333333
1909,YHR029C,238.8
1910,YHR030C,221.0
1911,YHR032C-A,56.3333333333
1912,YHR033W,104.0
1913,YHR036W,17.0
1914,YHR037W,77.0
1915,YHR039C,193.0
1916,YHR039C-A,203.5
1917,YHR041C,392.5
1918,YHR042W,114.0
1919,YHR043C,299.142857143
1920,YHR044C,195.0
1921,YHR045W,291.0
1922,YHR046C,421.333333333
1923,YHR047C,554.0
1924,YHR048W,65.3333333333
1925,YHR049C-A,535.0
1926,YHR049W,321.0
1927,YHR050W,377.5
1928,YHR052W,142.0
1929,YHR052W-A,276.5
1930,YHR053C,105.5
1931,YHR054C,538.0
1932,YHR054W-A,325.0
1933,YHR055C,105.5
1934,YHR056C,370.333333333
1935,YHR057C,276.5
1936,YHR058C,237.0
1937,YHR059W,292.5
1938,YHR060W,225.2
1939,YHR061C,369.0
1940,YHR062C,230.4
1941,YHR063C,312.25
1942,YHR063W-A,160.0
1943,YHR064C,236.666666667
1944,YHR065C,7.0
1945,YHR066W,257.0
1946,YHR067W,178.0
1947,YHR068W,235.833333333
1948,YHR070C-A,159.6
1949,YHR071C-A,483.0
1950,YHR071W,396.0
1951,YHR072W,245.0
1952,YHR072W-A,83.0
1953,YHR073C-B,245.666666667
1954,YHR073W-A,221.5
1955,YHR074W,497.5
1956,YHR075C,265.5
1957,YHR076W,163.0
1958,YHR077C,219.0
1959,YHR078W,390.0
1960,YHR079C,462.0
1961,YHR079C-A,239.0
1962,YHR081W,43.0
1963,YHR082C,261.0
1964,YHR083W,181.0
1965,YHR084W,515.0
1966,YHR085W,340.5
1967,YHR086W,366.0
1968,YHR086W-A,496.0
1969,YHR088W,176.666666667
1970,YHR089C,263.5
1971,YHR090C,221.0
1972,YHR091C,223.333333333
1973,YHR092C,149.0
1974,YHR093W,185.0
1975,YHR094C,87.0
1976,YHR095W,207.333333333
1977,YHR096C,146.5
1978,YHR100C,106.333333333
1979,YHR102W,56.0
1980,YHR103W,396.75
1981,YHR104W,77.6666666667
1982,YHR105W,304.0
1983,YHR106W,247.25
1984,YHR109W,171.0
1985,YHR110W,192.0
1986,YHR111W,133.333333333
1987,YHR112C,235.2
1988,YHR113W,394.75
1989,YHR114W,203.333333333
1990,YHR117W,250.2
1991,YHR118C,393.0
1992,YHR119W,534.0
1993,YHR120W,248.5
1994,YHR121W,279.0
1995,YHR122W,214.4
1996,YHR123W,390.0
1997,YHR124W,243.0
1998,YHR126C,142.25
1999,YHR127W,491.5
2000,YHR128W,117.0
2001,YHR131C,498.2
2002,YHR132C,30.6666666667
2003,YHR132W-A,86.75
2004,YHR135C,215.0
2005,YHR136C,348.625
2006,YHR137W,230.3
2007,YHR139C,113.0
2008,YHR139C-A,182.75
2009,YHR140W,116.5
2010,YHR142W,51.0
2011,YHR143W,343.0
2012,YHR143W-A,425.833333333
2013,YHR145C,182.0
2014,YHR148W,327.0
2015,YHR153C,530.0
2016,YHR156C,454.0
2017,YHR158C,218.666666667
2018,YHR160C,146.75
2019,YHR161C,161.5
2020,YHR162W,110.0
2021,YHR163W,108.25
2022,YHR164C,245.0
2023,YHR165C,361.0
2024,YHR165W-A,199.5
2025,YHR166C,40.0
2026,YHR167W,257.0
2027,YHR168W,298.5
2028,YHR169W,112.0
2029,YHR170W,249.0
2030,YHR171W,308.166666667
2031,YHR173C,40.0
2032,YHR174W,388.5
2033,YHR176W,217.0
2034,YHR178W,308.0
2035,YHR179W,128.0
2036,YHR180C-B,303.0
2037,YHR180W,130.625
2038,YHR180W-A,239.0
2039,YHR181W,535.0
2040,YHR183W,256.0
2041,YHR184W,194.666666667
2042,YHR185C,480.8
2043,YHR186C,114.0
2044,YHR187W,209.0
2045,YHR188C,364.0
2046,YHR190W,109.0
2047,YHR191C,323.0
2048,YHR192W,20.0
2049,YHR193C,385.0
2050,YHR194W,41.0
2051,YHR196W,82.8
2052,YHR197W,333.6
2053,YHR201C,264.0
2054,YHR202W,408.0
2055,YHR206W,78.0
2056,YHR208W,75.3333333333
2057,YHR209W,105.666666667
2058,YHR210C,93.0
2059,YHR211W,344.0
2060,YHR213W,286.0
2061,YHR213W-B,145.0
2062,YHR214C-D,545.666666667
2063,YHR214C-E,481.0
2064,YHR214W,337.5
2065,YHR215W,124.0
2066,YHR216W,360.333333333
2067,YHR217C,231.666666667
2068,YIL002W-A,261.4
2069,YIL003W,355.0
2070,YIL005W,238.0
2071,YIL006W,296.0
2072,YIL008W,293.333333333
2073,YIL009C-A,383.5
2074,YIL010W,209.5
2075,YIL011W,141.5
2076,YIL012W,390.0
2077,YIL013C,183.0
2078,YIL015W,263.0
2079,YIL016W,378.0
2080,YIL018W,306.666666667
2081,YIL020C,157.5
2082,YIL020C-A,259.0
2083,YIL021C-A,124.0
2084,YIL021W,266.0
2085,YIL022W,550.0
2086,YIL023C,196.5
2087,YIL024C,360.0
2088,YIL026C,593.0
2089,YIL027C,211.5
2090,YIL029C,10.0
2091,YIL029W-A,149.0
2092,YIL030C,531.0
2093,YIL031W,398.0
2094,YIL033C,576.0
2095,YIL034C,133.0
2096,YIL035C,299.333333333
2097,YIL036W,468.5
2098,YIL037C,95.0
2099,YIL039W,220.0
2100,YIL040W,180.0
2101,YIL043C,106.0
2102,YIL044C,188.166666667
2103,YIL045W,270.571428571
2104,YIL046W,221.75
2105,YIL047C,551.666666667
2106,YIL048W,488.5
2107,YIL049W,281.166666667
2108,YIL050W,259.444444444
2109,YIL051C,413.125
2110,YIL053W,87.3333333333
2111,YIL056W,285.5
2112,YIL057C,100.5
2113,YIL058W,528.0
2114,YIL059C,82.0
2115,YIL060W,443.8
2116,YIL061C,408.666666667
2117,YIL062C,261.0
2118,YIL063C,212.75
2119,YIL066C,127.0
2120,YIL067C,71.0
2121,YIL068C,228.0
2122,YIL071C,201.666666667
2123,YIL071W-A,493.0
2124,YIL072W,246.0
2125,YIL073C,411.0
2126,YIL075C,438.0
2127,YIL076W,387.75
2128,YIL077C,449.0
2129,YIL078W,227.5
2130,YIL079C,256.0
2131,YIL082W,229.666666667
2132,YIL085C,458.0
2133,YIL087C,167.0
2134,YIL089W,247.666666667
2135,YIL091C,551.0
2136,YIL094C,245.75
2137,YIL095W,365.0
2138,YIL096C,461.5
2139,YIL097W,222.5
2140,YIL099W,519.714285714
2141,YIL100C-A,380.5
2142,YIL100W,11.0
2143,YIL101C,187.666666667
2144,YIL103W,290.0
2145,YIL105C,297.0
2146,YIL105W-A,103.333333333
2147,YIL106W,360.0
2148,YIL107C,177.0
2149,YIL108W,234.0
2150,YIL109C,341.5
2151,YIL110W,215.0
2152,YIL111W,101.0
2153,YIL112W,414.75
2154,YIL113W,98.0
2155,YIL115C,212.0
2156,YIL115W-A,134.615384615
2157,YIL116W,59.0
2158,YIL117C,439.0
2159,YIL118W,378.0
2160,YIL119C,303.0
2161,YIL121W,278.0
2162,YIL123W,594.0
2163,YIL124W,301.333333333
2164,YIL125W,331.0
2165,YIL130W,86.0
2166,YIL131C,259.0
2167,YIL133C,51.0
2168,YIL134C-A,366.0
2169,YIL135C,380.0
2170,YIL136W,367.333333333
2171,YIL137C,204.833333333
2172,YIL138C,129.0
2173,YIL139C,182.5
2174,YIL140W,398.0
2175,YIL141W,85.0
2176,YIL145C,37.0
2177,YIL147C,356.4
2178,YIL150C,277.0
2179,YIL151C,377.666666667
2180,YIL152W,121.0
2181,YIL155C,231.0
2182,YIL156W,103.0
2183,YIL156W-A,365.428571429
2184,YIL156W-B,533.0
2185,YIL157C,453.75
2186,YIL158W,224.0
2187,YIL160C,254.333333333
2188,YIL161W,357.0
2189,YIL162W,204.666666667
2190,YIL164C,92.0
2191,YIL165C,186.0
2192,YIL166C,203.0
2193,YIL169C,132.0
2194,YIL172C,125.0
2195,YIL173W,118.0
2196,YIL176C,100.0
2197,YIR001C,426.333333333
2198,YIR002C,150.0
2199,YIR003W,344.0
2200,YIR004W,181.375
2201,YIR005W,107.666666667
2202,YIR006C,182.0
2203,YIR007W,589.0
2204,YIR008C,203.333333333
2205,YIR009W,344.5
2206,YIR010W,251.75
2207,YIR011C,263.0
2208,YIR014W,116.0
2209,YIR016W,149.0
2210,YIR017W-A,136.777777778
2211,YIR018W,448.0
2212,YIR019C,99.0
2213,YIR020C-B,448.0
2214,YIR021W,495.0
2215,YIR021W-A,516.0
2216,YIR023C-A,32.0
2217,YIR023W,470.0
2218,YIR024C,335.0
2219,YIR026C,285.666666667
2220,YIR027C,188.0
2221,YIR028W,82.25
2222,YIR029W,95.0
2223,YIR031C,103.0
2224,YIR032C,188.0
2225,YIR033W,437.0
2226,YIR034C,216.0
2227,YIR035C,93.3333333333
2228,YIR038C,72.6666666667
2229,YIR039C,135.0
2230,YIR041W,100.0
2231,YIR042C,467.75
2232,YJL002C,586.333333333
2233,YJL003W,47.3333333333
2234,YJL004C,358.333333333
2235,YJL006C,140.166666667
2236,YJL007C,103.0
2237,YJL008C,440.25
2238,YJL009W,30.3333333333
2239,YJL010C,268.333333333
2240,YJL011C,589.0
2241,YJL012C,296.2
2242,YJL013C,115.0
2243,YJL014W,220.333333333
2244,YJL019W,269.0
2245,YJL020C,208.0
2246,YJL022W,516.0
2247,YJL023C,420.0
2248,YJL024C,509.666666667
2249,YJL025W,299.75
2250,YJL026C-A,385.428571429
2251,YJL026W,189.0
2252,YJL028W,345.0
2253,YJL029C,97.0
2254,YJL030W,228.333333333
2255,YJL032W,13.4
2256,YJL033W,290.0
2257,YJL034W,117.5
2258,YJL035C,196.0
2259,YJL036W,456.0
2260,YJL038C,88.0
2261,YJL039C,260.571428571
2262,YJL041W,134.0
2263,YJL042W,71.5
2264,YJL045W,57.2
2265,YJL047C,205.666666667
2266,YJL047C-A,291.5
2267,YJL048C,87.0
2268,YJL049W,188.25
2269,YJL050W,47.5
2270,YJL051W,182.0
2271,YJL052W,152.0
2272,YJL053W,109.857142857
2273,YJL054W,133.0
2274,YJL055W,105.0
2275,YJL056C,184.0
2276,YJL057C,123.2
2277,YJL058C,188.0
2278,YJL059W,187.5
2279,YJL060W,60.0
2280,YJL061W,210.0
2281,YJL062W,227.307692308
2282,YJL062W-A,41.6666666667
2283,YJL063C,233.0
2284,YJL064W,195.0
2285,YJL065C,168.333333333
2286,YJL067W,66.4
2287,YJL068C,148.0
2288,YJL071W,219.0
2289,YJL075C,260.0
2290,YJL077W-A,366.0
2291,YJL078C,188.0
2292,YJL079C,267.0
2293,YJL081C,233.0
2294,YJL082W,113.0
2295,YJL083W,84.0
2296,YJL085W,7.0
2297,YJL087C,329.0
2298,YJL088W,125.0
2299,YJL089W,206.0
2300,YJL090C,94.0
2301,YJL093C,73.6666666667
2302,YJL094C,321.0
2303,YJL095W,249.0
2304,YJL098W,403.0
2305,YJL099W,296.0
2306,YJL100W,265.0
2307,YJL101C,113.5
2308,YJL102W,319.75
2309,YJL103C,9.5
2310,YJL104W,126.75
2311,YJL105W,234.0
2312,YJL106W,168.0
2313,YJL107C,130.0
2314,YJL109C,276.0
2315,YJL111W,418.0
2316,YJL112W,428.0
2317,YJL115W,10.0
2318,YJL116C,258.5
2319,YJL117W,106.0
2320,YJL118W,99.8
2321,YJL119C,535.666666667
2322,YJL121C,523.666666667
2323,YJL124C,181.5
2324,YJL125C,201.222222222
2325,YJL127C,132.0
2326,YJL127C-B,544.0
2327,YJL127W-A,45.0
2328,YJL128C,290.0
2329,YJL130C,481.0
2330,YJL131C,63.0
2331,YJL132W,238.4
2332,YJL133C-A,303.5
2333,YJL133W,19.0
2334,YJL134W,434.0
2335,YJL135W,287.0
2336,YJL136C,189.333333333
2337,YJL137C,245.0
2338,YJL138C,126.0
2339,YJL139C,359.0
2340,YJL140W,18.3333333333
2341,YJL141C,493.25
2342,YJL142C,598.0
2343,YJL143W,236.0
2344,YJL144W,193.0
2345,YJL147C,209.5
2346,YJL149W,294.444444444
2347,YJL150W,132.0
2348,YJL151C,315.222222222
2349,YJL152W,123.0
2350,YJL153C,121.666666667
2351,YJL154C,231.333333333
2352,YJL155C,200.0
2353,YJL156C,478.333333333
2354,YJL156W-A,148.5
2355,YJL157C,315.5
2356,YJL158C,128.0
2357,YJL159W,131.0
2358,YJL160C,249.0
2359,YJL161W,332.5
2360,YJL163C,397.5
2361,YJL166W,301.0
2362,YJL167W,133.666666667
2363,YJL168C,457.333333333
2364,YJL169W,269.0
2365,YJL170C,89.0
2366,YJL172W,95.0
2367,YJL173C,249.0
2368,YJL174W,8.0
2369,YJL177W,109.333333333
2370,YJL178C,584.0
2371,YJL181W,276.666666667
2372,YJL182C,570.0
2373,YJL183W,201.25
2374,YJL184W,253.0
2375,YJL185C,316.666666667
2376,YJL186W,105.333333333
2377,YJL188C,95.6666666667
2378,YJL190C,30.0
2379,YJL191W,87.0
2380,YJL192C,145.0
2381,YJL193W,403.0
2382,YJL194W,285.0
2383,YJL196C,276.0
2384,YJL197C-A,521.0
2385,YJL197W,284.333333333
2386,YJL198W,86.0
2387,YJL199C,61.0
2388,YJL200C,195.833333333
2389,YJL201W,72.3333333333
2390,YJL202C,20.3333333333
2391,YJL205C,156.0
2392,YJL206C,159.333333333
2393,YJL208C,232.333333333
2394,YJL209W,243.0
2395,YJL210W,576.0
2396,YJL211C,567.0
2397,YJL212C,59.5
2398,YJL213W,417.0
2399,YJL214W,353.0
2400,YJL215C,329.5
2401,YJL216C,57.2
2402,YJL217W,305.0
2403,YJL218W,224.666666667
2404,YJL219W,134.0
2405,YJL221C,125.0
2406,YJL222W,118.0
2407,YJL223C,100.0
2408,YJR001W,262.666666667
2409,YJR002W,174.0
2410,YJR004C,317.0
2411,YJR005C-A,139.833333333
2412,YJR006W,291.6
2413,YJR007W,147.0
2414,YJR008W,366.0
2415,YJR009C,133.0
2416,YJR010C-A,339.0
2417,YJR010W,159.0
2418,YJR011C,265.4
2419,YJR012C,310.0
2420,YJR013W,58.5
2421,YJR014W,203.0
2422,YJR015W,182.0
2423,YJR016C,111.0
2424,YJR017C,168.6
2425,YJR018W,472.0
2426,YJR030C,299.0
2427,YJR031C,194.0
2428,YJR032W,130.0
2429,YJR033C,589.0
2430,YJR034W,382.0
2431,YJR035W,186.384615385
2432,YJR038C,56.3333333333
2433,YJR040W,233.5
2434,YJR041C,406.0
2435,YJR042W,69.0
2436,YJR044C,370.2
2437,YJR045C,214.0
2438,YJR048W,175.333333333
2439,YJR053W,264.0
2440,YJR055W,215.333333333
2441,YJR057W,177.0
2442,YJR058C,482.0
2443,YJR059W,228.5
2444,YJR060W,387.0
2445,YJR061W,145.0
2446,YJR062C,191.0
2447,YJR063W,173.0
2448,YJR064W,322.5
2449,YJR066W,546.0
2450,YJR067C,9.0
2451,YJR068W,195.0
2452,YJR069C,134.5
2453,YJR070C,119.0
2454,YJR072C,178.0
2455,YJR074W,74.0
2456,YJR075W,23.0
2457,YJR076C,439.571428571
2458,YJR077C,358.0
2459,YJR078W,222.666666667
2460,YJR080C,142.5
2461,YJR083C,300.0
2462,YJR084W,460.0
2463,YJR085C,452.0
2464,YJR086W,270.666666667
2465,YJR087W,516.0
2466,YJR088C,229.0
2467,YJR089W,567.0
2468,YJR091C,379.0
2469,YJR092W,25.0
2470,YJR093C,245.875
2471,YJR094C,158.0
2472,YJR094W-A,144.75
2473,YJR095W,261.0
2474,YJR096W,88.0
2475,YJR097W,342.0
2476,YJR098C,531.0
2477,YJR099W,57.0
2478,YJR100C,287.6
2479,YJR101W,549.166666667
2480,YJR102C,435.0
2481,YJR103W,406.5
2482,YJR104C,107.0
2483,YJR105W,507.0
2484,YJR106W,104.0
2485,YJR108W,348.0
2486,YJR109C,122.0
2487,YJR110W,418.571428571
2488,YJR111C,64.2
2489,YJR112W,347.666666667
2490,YJR112W-A,147.0
2491,YJR114W,468.0
2492,YJR116W,155.0
2493,YJR117W,265.0
2494,YJR118C,430.0
2495,YJR119C,371.0
2496,YJR120W,24.0
2497,YJR121W,357.666666667
2498,YJR122W,365.0
2499,YJR124C,119.0
2500,YJR125C,310.875
2501,YJR126C,307.5
2502,YJR127C,496.0
2503,YJR130C,93.0
2504,YJR131W,418.428571429
2505,YJR132W,240.666666667
2506,YJR133W,447.0
2507,YJR134C,42.0
2508,YJR135C,139.0
2509,YJR136C,162.0
2510,YJR137C,202.8
2511,YJR139C,124.0
2512,YJR142W,599.0
2513,YJR144W,336.0
2514,YJR147W,79.3333333333
2515,YJR148W,431.0
2516,YJR149W,174.0
2517,YJR150C,101.0
2518,YJR151C,103.0
2519,YJR151W-A,47.0
2520,YJR152W,120.0
2521,YJR153W,61.0
2522,YJR154W,88.0
2523,YJR155W,390.0
2524,YJR156C,259.0
2525,YJR157W,309.8
2526,YJR158W,135.0
2527,YJR159W,129.25
2528,YJR160C,419.333333333
2529,YJR161C,71.0
2530,YKL001C,126.0
2531,YKL006C-A,18.0
2532,YKL012W,171.0
2533,YKL014C,444.0
2534,YKL015W,408.5
2535,YKL016C,108.333333333
2536,YKL017C,144.333333333
2537,YKL019W,37.0
2538,YKL020C,512.5
2539,YKL021C,50.0
2540,YKL022C,61.5
2541,YKL023C-A,208.0
2542,YKL024C,441.0
2543,YKL025C,190.5
2544,YKL026C,259.333333333
2545,YKL027W,73.5
2546,YKL029C,133.0
2547,YKL033W,195.0
2548,YKL033W-A,375.0
2549,YKL034W,274.375
2550,YKL035W,130.666666667
2551,YKL039W,251.5
2552,YKL040C,300.666666667
2553,YKL041W,193.6
2554,YKL042W,500.5
2555,YKL043W,357.666666667
2556,YKL044W,595.0
2557,YKL045W,480.0
2558,YKL046C,288.666666667
2559,YKL047W,130.0
2560,YKL049C,271.285714286
2561,YKL050C,170.0
2562,YKL051W,176.0
2563,YKL052C,593.0
2564,YKL053W,264.0
2565,YKL054C,213.0
2566,YKL055C,187.0
2567,YKL059C,371.0
2568,YKL060C,241.333333333
2569,YKL061W,304.0
2570,YKL062W,203.0
2571,YKL063C,136.285714286
2572,YKL064W,421.0
2573,YKL065C,560.0
2574,YKL065W-A,327.5
2575,YKL066W,600.0
2576,YKL067W,239.0
2577,YKL068W-A,71.0
2578,YKL070W,239.666666667
2579,YKL071W,145.0
2580,YKL072W,351.8
2581,YKL073W,102.0
2582,YKL074C,104.0
2583,YKL075C,272.0
2584,YKL076C,351.0
2585,YKL077W,336.5
2586,YKL078W,53.0
2587,YKL079W,382.0
2588,YKL080W,299.375
2589,YKL082C,581.0
2590,YKL083W,348.0
2591,YKL084W,49.5
2592,YKL085W,139.333333333
2593,YKL086W,68.6666666667
2594,YKL087C,307.6
2595,YKL089W,408.166666667
2596,YKL090W,331.0
2597,YKL092C,447.0
2598,YKL093W,470.0
2599,YKL094W,171.5
2600,YKL096C-B,333.5
2601,YKL096W,480.0
2602,YKL096W-A,132.0
2603,YKL097C,212.0
2604,YKL099C,298.0
2605,YKL100C,221.0
2606,YKL104C,188.25
2607,YKL105C,490.0
2608,YKL106C-A,318.666666667
2609,YKL106W,181.666666667
2610,YKL107W,173.5
2611,YKL109W,323.2
2612,YKL110C,301.0
2613,YKL111C,68.25
2614,YKL112W,557.0
2615,YKL113C,72.0
2616,YKL114C,548.0
2617,YKL115C,305.333333333
2618,YKL116C,325.0
2619,YKL117W,268.0
2620,YKL118W,570.0
2621,YKL119C,342.0
2622,YKL120W,153.0
2623,YKL122C,547.0
2624,YKL123W,400.333333333
2625,YKL124W,295.0
2626,YKL125W,258.666666667
2627,YKL127W,77.0
2628,YKL128C,457.0
2629,YKL129C,239.2
2630,YKL130C,309.333333333
2631,YKL132C,363.5
2632,YKL133C,183.428571429
2633,YKL134C,274.666666667
2634,YKL135C,266.0
2635,YKL136W,232.0
2636,YKL137W,133.0
2637,YKL138C,176.0
2638,YKL138C-A,237.5
2639,YKL140W,419.142857143
2640,YKL141W,344.272727273
2641,YKL142W,145.0
2642,YKL143W,16.0
2643,YKL144C,55.0
2644,YKL145W,223.0
2645,YKL145W-A,245.0
2646,YKL146W,268.333333333
2647,YKL147C,218.5
2648,YKL148C,309.333333333
2649,YKL149C,263.333333333
2650,YKL150W,233.666666667
2651,YKL151C,305.75
2652,YKL152C,443.0
2653,YKL153W,169.5
2654,YKL154W,357.0
2655,YKL156C-A,264.666666667
2656,YKL156W,347.0
2657,YKL157W,460.25
2658,YKL159C,62.5
2659,YKL160W,419.666666667
2660,YKL161C,511.0
2661,YKL162C,226.25
2662,YKL163W,148.0
2663,YKL164C,261.5
2664,YKL165C,74.0
2665,YKL165C-A,87.0
2666,YKL166C,405.0
2667,YKL167C,221.0
2668,YKL168C,220.333333333
2669,YKL169C,221.666666667
2670,YKL170W,240.0
2671,YKL171W,384.25
2672,YKL172W,217.25
2673,YKL176C,130.666666667
2674,YKL177W,382.25
2675,YKL178C,160.0
2676,YKL179C,482.333333333
2677,YKL180W,502.5
2678,YKL181W,416.666666667
2679,YKL182W,300.8
2680,YKL183C-A,371.0
2681,YKL183W,589.0
2682,YKL185W,400.5
2683,YKL186C,115.0
2684,YKL187C,93.25
2685,YKL189W,27.0
2686,YKL192C,341.0
2687,YKL193C,170.75
2688,YKL194C,194.888888889
2689,YKL196C,91.0
2690,YKL197C,313.333333333
2691,YKL198C,185.8
2692,YKL201C,135.0
2693,YKL203C,500.0
2694,YKL206C,370.0
2695,YKL207W,446.0
2696,YKL208W,299.8
2697,YKL209C,420.428571429
2698,YKL210W,581.0
2699,YKL212W,303.5
2700,YKL213C,195.0
2701,YKL214C,249.0
2702,YKL216W,126.0
2703,YKL217W,135.0
2704,YKL218C,118.0
2705,YKL219W,40.5
2706,YKL220C,89.0
2707,YKL221W,79.0
2708,YKL222C,413.0
2709,YKL224C,100.0
2710,YKR002W,477.0
2711,YKR004C,292.0
2712,YKR005C,322.0
2713,YKR007W,123.0
2714,YKR008W,179.666666667
2715,YKR009C,134.0
2716,YKR010C,240.6
2717,YKR011C,233.0
2718,YKR013W,125.0
2719,YKR014C,209.0
2720,YKR017C,581.666666667
2721,YKR018C,270.0
2722,YKR021W,216.0
2723,YKR024C,231.0
2724,YKR025W,278.0
2725,YKR027W,60.0
2726,YKR028W,571.0
2727,YKR029C,75.5
2728,YKR030W,311.5
2729,YKR031C,434.6
2730,YKR033C,294.5
2731,YKR034W,106.4
2732,YKR035C,165.0
2733,YKR035W-A,303.285714286
2734,YKR036C,178.0
2735,YKR037C,157.0
2736,YKR038C,372.333333333
2737,YKR039W,156.666666667
2738,YKR042W,276.0
2739,YKR043C,278.6
2740,YKR044W,143.4
2741,YKR045C,117.4
2742,YKR046C,231.769230769
2743,YKR049C,78.0
2744,YKR051W,191.5
2745,YKR052C,351.333333333
2746,YKR053C,98.5
2747,YKR054C,92.0
2748,YKR057W,282.0
2749,YKR058W,152.0
2750,YKR059W,151.0
2751,YKR060W,145.8
2752,YKR061W,208.0
2753,YKR068C,432.857142857
2754,YKR069W,177.5
2755,YKR070W,174.666666667
2756,YKR072C,141.333333333
2757,YKR073C,433.0
2758,YKR074W,417.0
2759,YKR075C,145.0
2760,YKR075W-A,453.8
2761,YKR076W,90.0
2762,YKR078W,198.0
2763,YKR079C,321.5
2764,YKR080W,17.0
2765,YKR082W,365.0
2766,YKR084C,198.0
2767,YKR085C,436.0
2768,YKR087C,109.666666667
2769,YKR088C,197.0
2770,YKR089C,358.333333333
2771,YKR091W,326.0
2772,YKR092C,52.0
2773,YKR093W,136.0
2774,YKR094C,323.0
2775,YKR095W-A,352.5
2776,YKR096W,36.0
2777,YKR097W,225.4
2778,YKR098C,379.0
2779,YKR099W,203.0
2780,YKR101W,418.0
2781,YKR102W,106.0
2782,YKR103W,408.0
2783,YKR105C,139.0
2784,YKR106W,162.0
2785,YLL002W,259.75
2786,YLL003W,235.0
2787,YLL005C,300.0
2788,YLL007C,220.5
2789,YLL008W,385.5
2790,YLL009C,312.0
2791,YLL010C,474.25
2792,YLL011W,246.0
2793,YLL012W,105.133333333
2794,YLL014W,197.0
2795,YLL015W,145.5
2796,YLL018C,285.0
2797,YLL021W,508.5
2798,YLL022C,232.333333333
2799,YLL024C,279.5
2800,YLL025W,107.0
2801,YLL026W,253.666666667
2802,YLL028W,215.5
2803,YLL030C,323.0
2804,YLL032C,367.0
2805,YLL038C,399.0
2806,YLL039C,181.333333333
2807,YLL040C,386.0
2808,YLL041C,70.0
2809,YLL042C,341.0
2810,YLL044W,461.25
2811,YLL046C,310.666666667
2812,YLL047W,242.333333333
2813,YLL048C,220.5
2814,YLL050C,519.0
2815,YLL051C,268.5
2816,YLL052C,115.0
2817,YLL053C,515.0
2818,YLL056C,114.0
2819,YLL057C,222.666666667
2820,YLL060C,24.0
2821,YLL061W,78.0
2822,YLL062C,270.0
2823,YLL063C,221.666666667
2824,YLL064C,101.0
2825,YLL065W,536.333333333
2826,YLL066W-B,231.666666667
2827,YLR001C,332.0
2828,YLR002C,164.0
2829,YLR003C,182.0
2830,YLR004C,186.5
2831,YLR005W,228.6
2832,YLR006C,273.8
2833,YLR007W,262.0
2834,YLR009W,9.0
2835,YLR010C,341.0
2836,YLR011W,426.0
2837,YLR012C,373.142857143
2838,YLR013W,571.0
2839,YLR016C,324.0
2840,YLR018C,402.0
2841,YLR019W,371.0
2842,YLR020C,578.0
2843,YLR022C,155.75
2844,YLR023C,252.0
2845,YLR024C,133.0
2846,YLR025W,365.25
2847,YLR026C,87.0
2848,YLR027C,96.0
2849,YLR028C,462.833333333
2850,YLR030W,92.0
2851,YLR031W,310.5
2852,YLR033W,242.666666667
2853,YLR034C,158.333333333
2854,YLR035C,133.0
2855,YLR036C,454.0
2856,YLR037C,199.25
2857,YLR038C,82.0
2858,YLR039C,224.0
2859,YLR040C,579.0
2860,YLR041W,557.666666667
2861,YLR042C,168.428571429
2862,YLR044C,141.666666667
2863,YLR045C,471.0
2864,YLR046C,227.0
2865,YLR048W,414.0
2866,YLR049C,202.0
2867,YLR050C,82.0
2868,YLR053C,106.0
2869,YLR056W,166.0
2870,YLR057W,270.0
2871,YLR058C,125.333333333
2872,YLR059C,243.0
2873,YLR060W,192.0
2874,YLR061W,366.5
2875,YLR062C,258.0
2876,YLR064W,490.0
2877,YLR069C,242.4
2878,YLR070C,74.3333333333
2879,YLR074C,283.0
2880,YLR075W,293.25
2881,YLR076C,101.333333333
2882,YLR078C,156.0
2883,YLR079W,108.0
2884,YLR080W,214.0
2885,YLR081W,138.666666667
2886,YLR082C,334.0
2887,YLR083C,482.0
2888,YLR084C,12.0
2889,YLR087C,347.0
2890,YLR088W,267.666666667
2891,YLR089C,240.25
2892,YLR090W,257.0
2893,YLR091W,153.666666667
2894,YLR092W,137.0
2895,YLR093C,237.2
2896,YLR094C,415.0
2897,YLR095C,31.3333333333
2898,YLR096W,448.0
2899,YLR098C,217.9
2900,YLR099C,87.0
2901,YLR100W,281.0
2902,YLR102C,177.0
2903,YLR103C,547.0
2904,YLR104W,564.0
2905,YLR105C,223.0
2906,YLR106C,359.0
2907,YLR107W,24.0
2908,YLR108C,262.666666667
2909,YLR109W,113.0
2910,YLR110C,131.0
2911,YLR111W,166.0
2912,YLR112W,264.0
2913,YLR113W,212.5
2914,YLR115W,217.0
2915,YLR116W,152.0
2916,YLR117C,217.75
2917,YLR120C,505.333333333
2918,YLR120W-A,169.0
2919,YLR121C,129.375
2920,YLR122C,445.0
2921,YLR123C,369.0
2922,YLR124W,493.0
2923,YLR128W,541.0
2924,YLR129W,286.5
2925,YLR130C,144.0
2926,YLR131C,377.0
2927,YLR134W,124.0
2928,YLR136C,123.333333333
2929,YLR137W,229.5
2930,YLR138W,177.5
2931,YLR139C,45.0
2932,YLR140W,459.0
2933,YLR141W,170.0
2934,YLR142W,84.0
2935,YLR143W,388.0
2936,YLR144C,535.0
2937,YLR146C,367.0
2938,YLR148W,540.0
2939,YLR151C,187.4
2940,YLR153C,195.142857143
2941,YLR154C-H,323.0
2942,YLR154W-A,563.0
2943,YLR154W-E,191.0
2944,YLR156C-A,323.0
2945,YLR157C-C,323.0
2946,YLR159C-A,323.0
2947,YLR162W-A,563.0
2948,YLR163C,537.0
2949,YLR163W-A,154.0
2950,YLR164W,97.0
2951,YLR166C,173.666666667
2952,YLR168C,121.0
2953,YLR170C,26.0
2954,YLR171W,347.0
2955,YLR172C,428.0
2956,YLR174W,41.75
2957,YLR175W,272.0
2958,YLR177W,104.666666667
2959,YLR178C,199.0
2960,YLR179C,164.4
2961,YLR180W,383.5
2962,YLR182W,546.0
2963,YLR186W,177.0
2964,YLR187W,323.0
2965,YLR188W,333.25
2966,YLR190W,552.0
2967,YLR191W,151.5
2968,YLR192C,287.0
2969,YLR193C,85.0
2970,YLR194C,84.3333333333
2971,YLR195C,467.333333333
2972,YLR196W,264.25
2973,YLR197W,271.0
2974,YLR198C,133.0
2975,YLR199C,184.0
2976,YLR200W,121.0
2977,YLR201C,220.0
2978,YLR202C,478.0
2979,YLR204W,240.0
2980,YLR205C,60.0
2981,YLR206W,290.333333333
2982,YLR207W,320.0
2983,YLR208W,247.0
2984,YLR211C,225.0
2985,YLR212C,421.5
2986,YLR215C,227.0
2987,YLR216C,226.0
2988,YLR220W,196.0
2989,YLR221C,150.714285714
2990,YLR222C,291.0
2991,YLR224W,466.0
2992,YLR225C,210.333333333
2993,YLR226W,214.0
2994,YLR227C,441.0
2995,YLR229C,38.0
2996,YLR230W,419.0
2997,YLR231C,69.0
2998,YLR232W,80.0
2999,YLR235C,136.0
3000,YLR237W,144.0
3001,YLR238W,230.5
3002,YLR239C,56.0
3003,YLR241W,185.5
3004,YLR243W,362.0
3005,YLR244C,94.0
3006,YLR245C,353.5
3007,YLR246W,57.0
3008,YLR247C,488.0
3009,YLR248W,313.0
3010,YLR249W,496.6
3011,YLR250W,276.0
3012,YLR252W,349.0
3013,YLR253W,211.0
3014,YLR255C,96.0
3015,YLR256W,371.0
3016,YLR257W,289.0
3017,YLR258W,152.0
3018,YLR259C,126.333333333
3019,YLR260W,283.0
3020,YLR261C,451.0
3021,YLR262C,226.0
3022,YLR262C-A,454.0
3023,YLR263W,229.0
3024,YLR264W,303.0
3025,YLR265C,182.666666667
3026,YLR266C,426.75
3027,YLR267W,73.4
3028,YLR268W,241.0
3029,YLR269C,406.2
3030,YLR270W,158.0
3031,YLR271W,351.0
3032,YLR272C,397.333333333
3033,YLR275W,306.25
3034,YLR276C,295.0
3035,YLR277C,308.0
3036,YLR278C,169.0
3037,YLR279W,121.0
3038,YLR280C,244.333333333
3039,YLR281C,117.333333333
3040,YLR283W,114.333333333
3041,YLR284C,89.0
3042,YLR285W,238.0
3043,YLR286C,167.0
3044,YLR286W-A,254.0
3045,YLR287C,222.0
3046,YLR287C-A,211.0
3047,YLR288C,500.0
3048,YLR289W,425.0
3049,YLR290C,233.666666667
3050,YLR291C,214.0
3051,YLR292C,290.75
3052,YLR294C,414.0
3053,YLR295C,71.0
3054,YLR296W,539.0
3055,YLR297W,164.4
3056,YLR298C,463.333333333
3057,YLR299C-A,355.0
3058,YLR299W,265.428571429
3059,YLR300W,357.25
3060,YLR301W,101.0
3061,YLR303W,142.0
3062,YLR304C,206.2
3063,YLR305C,403.0
3064,YLR306W,241.0
3065,YLR307C-A,98.5
3066,YLR307W,546.0
3067,YLR309C,258.0
3068,YLR312C,83.0
3069,YLR312W-A,51.0
3070,YLR313C,157.0
3071,YLR314C,423.0
3072,YLR315W,297.0
3073,YLR316C,94.0
3074,YLR318W,387.0
3075,YLR321C,171.333333333
3076,YLR322W,479.0
3077,YLR323C,162.0
3078,YLR324W,106.0
3079,YLR325C,454.0
3080,YLR327C,179.0
3081,YLR329W,91.0
3082,YLR332W,22.0
3083,YLR336C,235.333333333
3084,YLR337C,41.25
3085,YLR339C,533.0
3086,YLR341W,527.0
3087,YLR342W-A,192.0
3088,YLR343W,284.75
3089,YLR344W,534.0
3090,YLR345W,288.0
3091,YLR346C,136.0
3092,YLR347C,552.4
3093,YLR348C,190.8
3094,YLR349W,556.0
3095,YLR350W,153.833333333
3096,YLR352W,456.0
3097,YLR354C,265.833333333
3098,YLR355C,124.5
3099,YLR356W,211.0
3100,YLR357W,268.6
3101,YLR358C,127.333333333
3102,YLR359W,129.333333333
3103,YLR361C,376.0
3104,YLR362W,537.0
3105,YLR363C,93.0
3106,YLR363W-A,418.0
3107,YLR365W,186.0
3108,YLR366W,525.0
3109,YLR368W,200.0
3110,YLR370C,339.0
3111,YLR372W,444.666666667
3112,YLR375W,102.0
3113,YLR376C,106.0
3114,YLR377C,126.0
3115,YLR379W,519.0
3116,YLR380W,13.0
3117,YLR381W,175.0
3118,YLR382C,390.0
3119,YLR388W,101.0
3120,YLR390W-A,97.1428571429
3121,YLR393W,204.0
3122,YLR397C,206.5
3123,YLR398C,325.5
3124,YLR403W,426.666666667
3125,YLR404W,100.0
3126,YLR405W,170.0
3127,YLR406C-A,443.0
3128,YLR407W,172.0
3129,YLR408C,156.0
3130,YLR411W,138.5
3131,YLR412C-A,487.333333333
3132,YLR413W,133.0
3133,YLR414C,203.333333333
3134,YLR418C,296.0
3135,YLR420W,94.0
3136,YLR421C,22.0
3137,YLR422W,85.5
3138,YLR425W,109.666666667
3139,YLR427W,298.0
3140,YLR429W,213.666666667
3141,YLR430W,34.0
3142,YLR431C,173.333333333
3143,YLR432W,256.0
3144,YLR433C,324.6
3145,YLR434C,169.0
3146,YLR435W,112.0
3147,YLR436C,299.0
3148,YLR437C,369.0
3149,YLR438W,112.666666667
3150,YLR444C,46.0
3151,YLR445W,160.0
3152,YLR446W,103.0
3153,YLR447C,388.0
3154,YLR449W,587.0
3155,YLR450W,466.0
3156,YLR451W,111.0
3157,YLR453C,83.3333333333
3158,YLR454W,143.5
3159,YLR456W,198.0
3160,YLR457C,195.5
3161,YLR459W,46.0
3162,YLR460C,57.0
3163,YLR461W,100.0
3164,YLR466C-B,231.666666667
3165,YML001W,245.5
3166,YML003W,178.0
3167,YML004C,299.0
3168,YML007C-A,443.333333333
3169,YML007W,138.333333333
3170,YML008C,178.0
3171,YML009C,269.0
3172,YML009C-A,149.0
3173,YML010W,174.0
3174,YML011C,84.0
3175,YML012C-A,153.0
3176,YML013W,78.0
3177,YML015C,227.833333333
3178,YML016C,313.333333333
3179,YML017W,481.0
3180,YML018C,237.0
3181,YML019W,508.0
3182,YML020W,115.25
3183,YML021C,125.75
3184,YML022W,181.333333333
3185,YML023C,55.0
3186,YML027W,153.0
3187,YML028W,150.333333333
3188,YML029W,39.0
3189,YML031C-A,99.0
3190,YML032C,590.0
3191,YML034W,278.5
3192,YML035C,354.666666667
3193,YML042W,38.8
3194,YML046W,339.5
3195,YML047C,130.666666667
3196,YML047W-A,289.0
3197,YML048W,103.0
3198,YML050W,228.75
3199,YML051W,155.0
3200,YML052W,528.5
3201,YML053C,112.0
3202,YML054C,106.0
3203,YML054C-A,320.0
3204,YML055W,51.0
3205,YML056C,204.0
3206,YML057C-A,330.0
3207,YML057W,324.75
3208,YML058W,282.333333333
3209,YML058W-A,69.0
3210,YML059C,361.25
3211,YML061C,185.0
3212,YML062C,248.0
3213,YML064C,92.0
3214,YML066C,35.0
3215,YML069W,293.571428571
3216,YML070W,113.0
3217,YML071C,412.0
3218,YML072C,244.5
3219,YML073C,460.0
3220,YML074C,159.5
3221,YML075C,296.0
3222,YML076C,307.0
3223,YML077W,153.0
3224,YML080W,561.0
3225,YML083C,133.111111111
3226,YML085C,271.333333333
3227,YML087C,281.666666667
3228,YML089C,265.0
3229,YML090W,292.0
3230,YML091C,185.0
3231,YML092C,446.333333333
3232,YML093W,47.0
3233,YML094C-A,363.0
3234,YML097C,552.0
3235,YML099W-A,230.25
3236,YML100W,291.857142857
3237,YML100W-A,76.0
3238,YML102W,465.0
3239,YML103C,236.8
3240,YML105C,595.0
3241,YML108W,229.375
3242,YML111W,341.0
3243,YML112W,470.0
3244,YML114C,270.0
3245,YML116W,205.75
3246,YML117W,381.666666667
3247,YML118W,202.666666667
3248,YML120C,130.0
3249,YML123C,118.333333333
3250,YML124C,189.6
3251,YML125C,274.8
3252,YML126C,145.666666667
3253,YML129C,269.0
3254,YML130C,143.333333333
3255,YML131W,119.0
3256,YML132W,71.0
3257,YMR001C,109.0
3258,YMR001C-A,496.666666667
3259,YMR002W,290.75
3260,YMR003W,272.333333333
3261,YMR004W,32.0
3262,YMR005W,370.0
3263,YMR006C,144.0
3264,YMR007W,140.0
3265,YMR008C,232.75
3266,YMR009W,225.0
3267,YMR010W,115.25
3268,YMR011W,122.0
3269,YMR012W,464.0
3270,YMR013W-A,378.0
3271,YMR014W,152.333333333
3272,YMR015C,156.0
3273,YMR016C,67.5
3274,YMR019W,383.0
3275,YMR020W,221.5
3276,YMR023C,324.444444444
3277,YMR024W,305.384615385
3278,YMR025W,180.5
3279,YMR028W,275.666666667
3280,YMR030W-A,89.5
3281,YMR031W-A,149.0
3282,YMR032W,68.0
3283,YMR033W,358.75
3284,YMR034C,148.666666667
3285,YMR035W,282.0
3286,YMR036C,581.333333333
3287,YMR037C,513.0
3288,YMR038C,296.0
3289,YMR039C,19.3333333333
3290,YMR040W,261.0
3291,YMR043W,321.0
3292,YMR044W,318.875
3293,YMR052C-A,384.5
3294,YMR052W,21.0
3295,YMR056C,458.0
3296,YMR058W,129.0
3297,YMR062C,294.5
3298,YMR063W,273.2
3299,YMR065W,69.5
3300,YMR066W,293.5
3301,YMR067C,372.5
3302,YMR068W,71.0
3303,YMR073C,159.0
3304,YMR074C,303.0
3305,YMR075C-A,247.0
3306,YMR075W,196.833333333
3307,YMR076C,155.0
3308,YMR077C,176.0
3309,YMR080C,363.0
3310,YMR081C,300.0
3311,YMR083W,81.6
3312,YMR084W,82.0
3313,YMR086C-A,261.0
3314,YMR086W,247.5
3315,YMR087W,338.0
3316,YMR088C,359.2
3317,YMR089C,202.0
3318,YMR090W,108.0
3319,YMR091C,182.75
3320,YMR093W,12.0
3321,YMR094W,181.0
3322,YMR096W,111.0
3323,YMR097C,338.0
3324,YMR098C,513.0
3325,YMR099C,347.0
3326,YMR100W,302.75
3327,YMR101C,49.0
3328,YMR102C,426.166666667
3329,YMR104C,115.6
3330,YMR105C,141.0
3331,YMR106C,358.0
3332,YMR107W,259.666666667
3333,YMR108W,431.0
3334,YMR109W,263.0
3335,YMR110C,264.0
3336,YMR111C,257.666666667
3337,YMR112C,327.777777778
3338,YMR113W,287.875
3339,YMR117C,188.5
3340,YMR119W-A,520.0
3341,YMR120C,321.333333333
3342,YMR121C,400.0
3343,YMR122C,126.0
3344,YMR122W-A,345.0
3345,YMR123W,273.0
3346,YMR124W,15.0
3347,YMR125W,212.0
3348,YMR126C,370.0
3349,YMR128W,57.0
3350,YMR129W,238.0
3351,YMR130W,413.0
3352,YMR132C,316.0
3353,YMR133W,345.4
3354,YMR134W,56.5
3355,YMR135W-A,362.5
3356,YMR136W,225.333333333
3357,YMR137C,117.5
3358,YMR138W,42.0
3359,YMR139W,373.0
3360,YMR140W,257.0
3361,YMR142C,466.0
3362,YMR143W,215.2
3363,YMR144W,354.666666667
3364,YMR145C,222.4
3365,YMR146C,520.333333333
3366,YMR147W,159.0
3367,YMR148W,482.0
3368,YMR149W,100.0
3369,YMR152W,441.0
3370,YMR153C-A,32.0
3371,YMR153W,310.0
3372,YMR154C,176.0
3373,YMR155W,198.0
3374,YMR156C,203.333333333
3375,YMR158W-B,521.0
3376,YMR160W,17.0
3377,YMR162C,89.0
3378,YMR163C,540.0
3379,YMR165C,283.0
3380,YMR166C,11.0
3381,YMR168C,180.0
3382,YMR169C,398.333333333
3383,YMR170C,473.75
3384,YMR171C,273.0
3385,YMR172C-A,396.5
3386,YMR172W,274.0
3387,YMR173W,86.5
3388,YMR173W-A,294.5
3389,YMR174C,324.0
3390,YMR175W,359.2
3391,YMR175W-A,363.0
3392,YMR176W,352.0
3393,YMR177W,51.0
3394,YMR178W,180.4
3395,YMR179W,371.0
3396,YMR180C,159.0
3397,YMR181C,259.0
3398,YMR182W-A,460.0
3399,YMR185W,220.0
3400,YMR186W,140.0
3401,YMR187C,190.0
3402,YMR188C,341.333333333
3403,YMR189W,165.0
3404,YMR190C,126.0
3405,YMR191W,270.0
3406,YMR192W,184.4
3407,YMR193C-A,484.666666667
3408,YMR193W,379.5
3409,YMR194W,306.5
3410,YMR195W,96.4
3411,YMR196W,236.0
3412,YMR197C,315.2
3413,YMR198W,76.0
3414,YMR199W,280.0
3415,YMR200W,206.6
3416,YMR201C,139.0
3417,YMR202W,224.5
3418,YMR203W,354.0
3419,YMR204C,208.0
3420,YMR205C,211.0
3421,YMR206W,235.666666667
3422,YMR208W,57.5
3423,YMR209C,451.0
3424,YMR210W,32.0
3425,YMR211W,376.666666667
3426,YMR215W,235.0
3427,YMR216C,61.0
3428,YMR217W,137.0
3429,YMR219W,591.0
3430,YMR220W,78.6666666667
3431,YMR221C,175.6
3432,YMR222C,161.0
3433,YMR224C,199.0
3434,YMR225C,156.0
3435,YMR226C,161.0
3436,YMR227C,436.0
3437,YMR229C,302.666666667
3438,YMR230W,227.0
3439,YMR230W-A,559.0
3440,YMR231W,65.0
3441,YMR233W,145.0
3442,YMR234W,384.0
3443,YMR237W,294.0
3444,YMR238W,47.0
3445,YMR239C,158.5
3446,YMR240C,217.0
3447,YMR241W,108.0
3448,YMR242C,349.333333333
3449,YMR242W-A,38.3333333333
3450,YMR243C,374.0
3451,YMR244C-A,331.0
3452,YMR244W,65.0
3453,YMR245W,174.5
3454,YMR246W,377.0
3455,YMR247C,126.333333333
3456,YMR247W-A,405.5
3457,YMR250W,302.8
3458,YMR251W,107.0
3459,YMR251W-A,120.0
3460,YMR252C,220.0
3461,YMR255W,240.0
3462,YMR256C,204.0
3463,YMR257C,437.0
3464,YMR258C,336.333333333
3465,YMR259C,373.5
3466,YMR260C,270.6
3467,YMR263W,75.0
3468,YMR264W,358.333333333
3469,YMR265C,512.0
3470,YMR266W,147.75
3471,YMR267W,245.0
3472,YMR269W,171.0
3473,YMR270C,65.0
3474,YMR271C,243.4
3475,YMR273C,231.0
3476,YMR274C,291.5
3477,YMR277W,284.0
3478,YMR278W,188.4
3479,YMR279C,94.0
3480,YMR282C,565.0
3481,YMR284W,496.0
3482,YMR285C,573.5
3483,YMR288W,37.0
3484,YMR289W,183.9
3485,YMR292W,277.333333333
3486,YMR293C,9.0
3487,YMR294W,315.0
3488,YMR294W-A,27.3333333333
3489,YMR295C,294.0
3490,YMR296C,461.0
3491,YMR297W,398.0
3492,YMR298W,232.666666667
3493,YMR299C,144.0
3494,YMR300C,440.0
3495,YMR301C,362.0
3496,YMR302C,277.0
3497,YMR303C,161.0
3498,YMR304C-A,290.0
3499,YMR305C,148.0
3500,YMR308C,522.0
3501,YMR309C,256.0
3502,YMR310C,81.0
3503,YMR311C,491.0
3504,YMR312W,328.0
3505,YMR314W,171.0
3506,YMR315W,319.0
3507,YMR315W-A,104.666666667
3508,YMR316C-A,410.0
3509,YMR316W,127.0
3510,YMR317W,103.0
3511,YMR318C,250.333333333
3512,YMR319C,240.4
3513,YMR321C,250.2
3514,YMR322C,466.0
3515,YMR323W,127.666666667
3516,YMR325W,173.5
3517,YNL002C,112.0
3518,YNL003C,135.0
3519,YNL004W,297.0
3520,YNL006W,158.5
3521,YNL007C,244.0
3522,YNL008C,240.25
3523,YNL009W,243.0
3524,YNL010W,125.0
3525,YNL011C,456.0
3526,YNL012W,146.333333333
3527,YNL013C,250.0
3528,YNL014W,406.318181818
3529,YNL015W,85.0
3530,YNL019C,553.0
3531,YNL023C,157.666666667
3532,YNL024C,30.0
3533,YNL025C,191.666666667
3534,YNL026W,210.0
3535,YNL027W,289.0
3536,YNL029C,488.0
3537,YNL030W,464.0
3538,YNL031C,217.5
3539,YNL033W,530.0
3540,YNL035C,146.0
3541,YNL036W,451.0
3542,YNL037C,249.2
3543,YNL038W,313.0
3544,YNL039W,265.0
3545,YNL041C,176.0
3546,YNL042W-B,377.0
3547,YNL044W,114.0
3548,YNL045W,60.0
3549,YNL046W,130.2
3550,YNL047C,313.5
3551,YNL050C,237.5
3552,YNL051W,158.0
3553,YNL054W,544.0
3554,YNL055C,375.333333333
3555,YNL056W,447.0
3556,YNL057W,313.666666667
3557,YNL059C,365.857142857
3558,YNL061W,55.6666666667
3559,YNL063W,395.75
3560,YNL064C,261.833333333
3561,YNL065W,126.0
3562,YNL067W,309.0
3563,YNL067W-B,45.0
3564,YNL069C,567.5
3565,YNL070W,265.5
3566,YNL071W,261.0
3567,YNL072W,79.0
3568,YNL074C,236.0
3569,YNL075W,103.0
3570,YNL076W,574.0
3571,YNL077W,178.0
3572,YNL079C,288.0
3573,YNL080C,309.5
3574,YNL081C,325.4
3575,YNL082W,237.666666667
3576,YNL083W,383.0
3577,YNL085W,42.0
3578,YNL087W,125.25
3579,YNL088W,417.333333333
3580,YNL089C,297.25
3581,YNL091W,270.75
3582,YNL092W,99.0
3583,YNL093W,438.333333333
3584,YNL094W,150.666666667
3585,YNL095C,252.666666667
3586,YNL096C,239.4
3587,YNL097C-B,381.555555556
3588,YNL097W-A,137.0
3589,YNL099C,250.6
3590,YNL100W,362.666666667
3591,YNL101W,465.0
3592,YNL102W,273.333333333
3593,YNL103W,435.0
3594,YNL104C,360.333333333
3595,YNL107W,232.5
3596,YNL108C,39.0
3597,YNL109W,107.666666667
3598,YNL110C,436.666666667
3599,YNL111C,148.5
3600,YNL112W,244.5
3601,YNL113W,352.0
3602,YNL114C,260.0
3603,YNL115C,178.0
3604,YNL116W,295.0
3605,YNL117W,356.5
3606,YNL118C,235.0
3607,YNL122C,84.3333333333
3608,YNL124W,541.0
3609,YNL126W,139.5
3610,YNL127W,330.0
3611,YNL128W,188.5
3612,YNL129W,248.0
3613,YNL130C,385.0
3614,YNL132W,48.5
3615,YNL133C,563.5
3616,YNL134C,528.666666667
3617,YNL136W,254.0
3618,YNL137C,105.5
3619,YNL138W,231.5
3620,YNL141W,361.0
3621,YNL142W,175.0
3622,YNL143C,97.0
3623,YNL144C,178.0
3624,YNL144W-A,361.666666667
3625,YNL145W,262.5
3626,YNL146C-A,7.0
3627,YNL146W,456.5
3628,YNL147W,434.0
3629,YNL148C,344.0
3630,YNL151C,272.0
3631,YNL155W,172.166666667
3632,YNL156C,331.0
3633,YNL158W,150.0
3634,YNL159C,355.0
3635,YNL160W,164.0
3636,YNL161W,233.666666667
3637,YNL162W-A,396.0
3638,YNL163C,47.0
3639,YNL164C,369.666666667
3640,YNL165W,599.0
3641,YNL168C,222.8
3642,YNL169C,135.0
3643,YNL170W,445.333333333
3644,YNL171C,135.0
3645,YNL173C,113.0
3646,YNL176C,355.5
3647,YNL177C,264.0
3648,YNL179C,121.0
3649,YNL180C,575.0
3650,YNL182C,544.0
3651,YNL184C,170.5
3652,YNL185C,384.5
3653,YNL186W,248.0
3654,YNL187W,394.5
3655,YNL188W,260.0
3656,YNL190W,380.333333333
3657,YNL191W,289.428571429
3658,YNL192W,317.5
3659,YNL193W,65.0
3660,YNL194C,177.0
3661,YNL196C,102.0
3662,YNL198C,171.5
3663,YNL199C,457.5
3664,YNL200C,196.75
3665,YNL201C,471.0
3666,YNL202W,441.0
3667,YNL203C,381.5
3668,YNL204C,41.5
3669,YNL205C,271.0
3670,YNL206C,301.0
3671,YNL207W,279.8
3672,YNL208W,327.8
3673,YNL209W,250.0
3674,YNL210W,161.0
3675,YNL211C,460.0
3676,YNL216W,428.333333333
3677,YNL217W,197.0
3678,YNL220W,107.0
3679,YNL222W,118.0
3680,YNL223W,426.0
3681,YNL224C,381.0
3682,YNL225C,284.333333333
3683,YNL226W,252.25
3684,YNL227C,323.5
3685,YNL228W,326.0
3686,YNL229C,205.0
3687,YNL230C,296.714285714
3688,YNL231C,167.272727273
3689,YNL233W,347.333333333
3690,YNL234W,429.0
3691,YNL235C,177.0
3692,YNL236W,211.0
3693,YNL237W,219.666666667
3694,YNL238W,231.5
3695,YNL241C,176.0
3696,YNL242W,339.4
3697,YNL243W,99.1428571429
3698,YNL244C,475.0
3699,YNL245C,204.0
3700,YNL246W,196.0
3701,YNL249C,251.0
3702,YNL251C,381.0
3703,YNL252C,248.333333333
3704,YNL253W,302.5
3705,YNL254C,251.428571429
3706,YNL258C,243.0
3707,YNL259C,590.0
3708,YNL260C,143.5
3709,YNL261W,145.666666667
3710,YNL262W,283.0
3711,YNL264C,204.0
3712,YNL265C,242.5
3713,YNL266W,147.0
3714,YNL268W,104.8
3715,YNL270C,257.5
3716,YNL271C,523.0
3717,YNL272C,340.0
3718,YNL273W,272.0
3719,YNL274C,337.333333333
3720,YNL275W,389.333333333
3721,YNL276C,51.0
3722,YNL277W,270.666666667
3723,YNL277W-A,91.0
3724,YNL278W,82.0
3725,YNL279W,179.0
3726,YNL280C,339.0
3727,YNL282W,591.0
3728,YNL283C,14.0
3729,YNL284C,143.0
3730,YNL285W,182.0
3731,YNL286W,236.0
3732,YNL287W,346.5
3733,YNL289W,93.0
3734,YNL290W,65.0
3735,YNL291C,371.0
3736,YNL292W,204.5
3737,YNL296W,296.0
3738,YNL298W,436.0
3739,YNL299W,252.0
3740,YNL300W,260.8
3741,YNL301C,319.0
3742,YNL302C,514.333333333
3743,YNL307C,427.0
3744,YNL308C,199.0
3745,YNL311C,182.0
3746,YNL312W,8.0
3747,YNL313C,175.0
3748,YNL316C,218.0
3749,YNL320W,257.0
3750,YNL321W,283.0
3751,YNL322C,303.4
3752,YNL323W,396.714285714
3753,YNL324W,449.0
3754,YNL325C,176.875
3755,YNL326C,71.0
3756,YNL327W,64.0
3757,YNL329C,192.0
3758,YNL330C,95.0
3759,YNL332W,380.75
3760,YNL333W,102.0
3761,YNL334C,293.0
3762,YNL335W,232.333333333
3763,YNL336W,71.0
3764,YNL337W,555.0
3765,YNL338W,231.666666667
3766,YNL339C,519.0
3767,YNR001C,201.0
3768,YNR002C,112.0
3769,YNR003C,499.0
3770,YNR003W-A,457.0
3771,YNR004W,146.333333333
3772,YNR006W,323.0
3773,YNR009W,94.3333333333
3774,YNR010W,332.333333333
3775,YNR011C,186.4
3776,YNR012W,456.333333333
3777,YNR014W,105.0
3778,YNR015W,181.5
3779,YNR016C,368.166666667
3780,YNR017W,435.0
3781,YNR018W,225.666666667
3782,YNR019W,319.0
3783,YNR022C,44.0
3784,YNR023W,324.0
3785,YNR024W,266.666666667
3786,YNR026C,33.0
3787,YNR027W,206.0
3788,YNR028W,102.5
3789,YNR029C,121.0
3790,YNR030W,225.0
3791,YNR032C-A,101.0
3792,YNR033W,75.0
3793,YNR034W-A,150.0
3794,YNR035C,210.0
3795,YNR036C,178.0
3796,YNR037C,199.0
3797,YNR038W,268.0
3798,YNR041C,167.0
3799,YNR042W,363.0
3800,YNR043W,72.6666666667
3801,YNR044W,379.333333333
3802,YNR045W,183.666666667
3803,YNR047W,290.75
3804,YNR048W,83.0
3805,YNR049C,341.0
3806,YNR050C,44.0
3807,YNR052C,173.0
3808,YNR053C,170.5
3809,YNR055C,55.0
3810,YNR056C,19.0
3811,YNR057C,92.0
3812,YNR058W,112.0
3813,YNR059W,442.0
3814,YNR060W,104.0
3815,YNR062C,568.0
3816,YNR064C,72.0
3817,YNR067C,124.0
3818,YNR069C,349.0
3819,YNR071C,220.666666667
3820,YNR072W,125.0
3821,YNR073C,217.0
3822,YNR075W,181.0
3823,YNR076W,101.0
3824,YOL001W,106.0
3825,YOL003C,395.0
3826,YOL005C,310.0
3827,YOL006C,368.25
3828,YOL009C,496.0
3829,YOL010W,404.25
3830,YOL011W,111.0
3831,YOL012C,565.0
3832,YOL013C,492.6
3833,YOL013W-A,282.5
3834,YOL014W,242.333333333
3835,YOL015W,155.0
3836,YOL016C,182.5
3837,YOL017W,238.0
3838,YOL018C,228.0
3839,YOL019W,160.0
3840,YOL019W-A,268.333333333
3841,YOL020W,136.0
3842,YOL022C,432.0
3843,YOL023W,237.8
3844,YOL024W,173.0
3845,YOL028C,264.5
3846,YOL029C,440.0
3847,YOL030W,88.5
3848,YOL031C,590.0
3849,YOL032W,230.5
3850,YOL033W,126.5
3851,YOL035C,222.0
3852,YOL036W,317.2
3853,YOL038C-A,243.0
3854,YOL038W,459.666666667
3855,YOL040C,395.0
3856,YOL041C,277.571428571
3857,YOL042W,290.0
3858,YOL043C,111.0
3859,YOL044W,317.0
3860,YOL045W,236.0
3861,YOL047C,84.0
3862,YOL048C,250.125
3863,YOL049W,227.25
3864,YOL050C,158.875
3865,YOL051W,360.5
3866,YOL052C,148.0
3867,YOL052C-A,125.333333333
3868,YOL053W,114.0
3869,YOL055C,303.0
3870,YOL056W,227.0
3871,YOL057W,319.0
3872,YOL058W,595.5
3873,YOL059W,83.0
3874,YOL061W,504.0
3875,YOL062C,417.0
3876,YOL063C,293.0
3877,YOL064C,120.333333333
3878,YOL065C,171.0
3879,YOL067C,166.0
3880,YOL068C,259.0
3881,YOL071W,139.0
3882,YOL073C,78.0
3883,YOL076W,267.0
3884,YOL077W-A,402.333333333
3885,YOL079W,449.0
3886,YOL080C,408.0
3887,YOL082W,456.333333333
3888,YOL083C-A,334.0
3889,YOL083W,188.75
3890,YOL084W,191.0
3891,YOL085C,223.8
3892,YOL086C,128.0
3893,YOL088C,486.0
3894,YOL089C,259.0
3895,YOL090W,204.333333333
3896,YOL091W,92.0
3897,YOL093W,197.0
3898,YOL094C,42.0
3899,YOL095C,219.0
3900,YOL096C,188.0
3901,YOL097C,321.571428571
3902,YOL097W-A,31.0
3903,YOL098C,365.5
3904,YOL100W,253.0
3905,YOL101C,153.285714286
3906,YOL103W,548.333333333
3907,YOL104C,133.0
3908,YOL105C,248.5
3909,YOL106W,149.0
3910,YOL108C,234.333333333
3911,YOL109W,179.666666667
3912,YOL110W,173.5
3913,YOL111C,110.5
3914,YOL112W,359.75
3915,YOL115W,357.333333333
3916,YOL116W,72.0
3917,YOL117W,429.0
3918,YOL118C,232.5
3919,YOL119C,408.5
3920,YOL120C,374.5
3921,YOL121C,234.0
3922,YOL122C,261.166666667
3923,YOL123W,237.8
3924,YOL124C,250.0
3925,YOL125W,245.428571429
3926,YOL126C,141.333333333
3927,YOL128C,120.0
3928,YOL129W,251.25
3929,YOL130W,119.0
3930,YOL132W,355.333333333
3931,YOL133W,584.0
3932,YOL134C,447.0
3933,YOL136C,490.333333333
3934,YOL137W,94.5
3935,YOL138C,181.5
3936,YOL141W,149.666666667
3937,YOL143C,103.0
3938,YOL144W,185.0
3939,YOL146W,131.0
3940,YOL147C,90.0
3941,YOL148C,14.0
3942,YOL149W,172.666666667
3943,YOL150C,34.3333333333
3944,YOL151W,90.0
3945,YOL152W,23.0
3946,YOL154W,108.0
3947,YOL155C,141.0
3948,YOL155W-A,43.0
3949,YOL156W,136.0
3950,YOL157C,125.0
3951,YOL159C,240.666666667
3952,YOL159C-A,75.3333333333
3953,YOL160W,528.0
3954,YOL161C,100.0
3955,YOL162W,168.0
3956,YOL163W,555.0
3957,YOL164W,340.5
3958,YOL164W-A,204.6
3959,YOL166C,251.5
3960,YOR001W,349.0
3961,YOR002W,305.0
3962,YOR003W,219.4
3963,YOR004W,355.0
3964,YOR005C,364.0
3965,YOR007C,87.0
3966,YOR008C-A,411.0
3967,YOR009W,128.0
3968,YOR010C,332.5
3969,YOR011W,226.0
3970,YOR011W-A,491.666666667
3971,YOR012W,373.0
3972,YOR013W,528.0
3973,YOR014W,62.0
3974,YOR016C,124.666666667
3975,YOR017W,187.0
3976,YOR018W,189.0
3977,YOR019W,372.5
3978,YOR020C,314.333333333
3979,YOR020W-A,27.0
3980,YOR021C,388.0
3981,YOR022C,146.0
3982,YOR023C,253.0
3983,YOR025W,91.3333333333
3984,YOR026W,130.0
3985,YOR027W,144.75
3986,YOR028C,165.0
3987,YOR029W,19.3333333333
3988,YOR030W,394.0
3989,YOR032C,12.0
3990,YOR032W-A,17.0
3991,YOR034C,517.0
3992,YOR035C,310.5
3993,YOR036W,62.5
3994,YOR037W,305.0
3995,YOR038C,75.0
3996,YOR040W,254.0
3997,YOR042W,259.0
3998,YOR043W,8.0
3999,YOR044W,162.666666667
4000,YOR045W,195.0
4001,YOR046C,280.333333333
4002,YOR048C,418.0
4003,YOR049C,341.0
4004,YOR050C,145.0
4005,YOR051C,373.333333333
4006,YOR052C,482.75
4007,YOR053W,27.0
4008,YOR057W,167.0
4009,YOR058C,354.0
4010,YOR059C,108.0
4011,YOR061W,183.0
4012,YOR062C,103.0
4013,YOR063W,112.0
4014,YOR064C,282.0
4015,YOR065W,408.666666667
4016,YOR066W,381.8
4017,YOR067C,276.0
4018,YOR068C,276.0
4019,YOR069W,33.0
4020,YOR071C,127.0
4021,YOR072W,158.0
4022,YOR072W-A,304.0
4023,YOR072W-B,578.0
4024,YOR073W,41.0
4025,YOR073W-A,548.0
4026,YOR079C,88.0
4027,YOR080W,53.0
4028,YOR081C,113.0
4029,YOR083W,236.0
4030,YOR084W,94.0
4031,YOR086C,584.0
4032,YOR087W,33.0
4033,YOR089C,165.25
4034,YOR091W,31.0
4035,YOR092W,295.5
4036,YOR094W,240.0
4037,YOR095C,186.333333333
4038,YOR096W,52.0
4039,YOR097C,399.0
4040,YOR099W,418.0
4041,YOR100C,135.0
4042,YOR102W,28.0
4043,YOR104W,265.0
4044,YOR105W,178.0
4045,YOR106W,143.0
4046,YOR107W,166.333333333
4047,YOR108C-A,91.3333333333
4048,YOR108W,321.0
4049,YOR109W,398.666666667
4050,YOR110W,232.5
4051,YOR113W,92.0
4052,YOR114W,502.428571429
4053,YOR115C,160.0
4054,YOR116C,548.2
4055,YOR117W,398.75
4056,YOR118W,366.0
4057,YOR119C,100.0
4058,YOR120W,116.0
4059,YOR122C,269.333333333
4060,YOR123C,438.0
4061,YOR124C,294.0
4062,YOR125C,125.0
4063,YOR128C,366.875
4064,YOR129C,80.5
4065,YOR130C,477.0
4066,YOR131C,81.5
4067,YOR132W,274.0
4068,YOR133W,262.0
4069,YOR134W,242.5
4070,YOR136W,153.0
4071,YOR137C,512.0
4072,YOR138C,560.0
4073,YOR140W,63.3333333333
4074,YOR141C,356.4
4075,YOR142W,156.333333333
4076,YOR143C,195.0
4077,YOR144C,541.0
4078,YOR145C,561.0
4079,YOR146W,405.0
4080,YOR147W,120.0
4081,YOR148C,565.0
4082,YOR149C,220.0
4083,YOR150W,157.5
4084,YOR151C,99.6666666667
4085,YOR152C,459.0
4086,YOR153W,165.0
4087,YOR158W,292.5
4088,YOR161C,201.125
4089,YOR161C-C,218.0
4090,YOR162C,334.0
4091,YOR163W,460.75
4092,YOR166C,211.8
4093,YOR168W,328.0
4094,YOR169C,27.0
4095,YOR170W,172.0
4096,YOR171C,8.0
4097,YOR172W,55.0
4098,YOR173W,324.5
4099,YOR174W,367.0
4100,YOR175C,372.0
4101,YOR176W,360.0
4102,YOR177C,381.7
4103,YOR178C,385.25
4104,YOR179C,289.0
4105,YOR180C,227.25
4106,YOR181W,295.5
4107,YOR182C,379.571428571
4108,YOR184W,123.0
4109,YOR185C,257.5
4110,YOR186C-A,91.6666666667
4111,YOR186W,141.0
4112,YOR187W,372.5
4113,YOR188W,302.5
4114,YOR189W,398.666666667
4115,YOR190W,385.0
4116,YOR191W,357.5
4117,YOR192C,136.0
4118,YOR193W,89.0
4119,YOR194C,191.5
4120,YOR197W,176.0
4121,YOR198C,338.4
4122,YOR200W,114.0
4123,YOR201C,173.0
4124,YOR202W,69.0
4125,YOR204W,237.0
4126,YOR205C,223.0
4127,YOR207C,213.0
4128,YOR208W,398.0
4129,YOR211C,556.0
4130,YOR213C,268.0
4131,YOR214C,172.0
4132,YOR215C,168.0
4133,YOR216C,127.0
4134,YOR217W,247.0
4135,YOR218C,218.5
4136,YOR219C,127.5
4137,YOR221C,15.0
4138,YOR222W,69.5
4139,YOR223W,261.444444444
4140,YOR224C,161.5
4141,YOR226C,176.0
4142,YOR227W,476.25
4143,YOR228C,255.0
4144,YOR230W,139.0
4145,YOR231C-A,148.5
4146,YOR231W,453.0
4147,YOR232W,255.5
4148,YOR233W,292.75
4149,YOR234C,433.0
4150,YOR235W,35.0
4151,YOR237W,144.0
4152,YOR238W,381.5
4153,YOR239W,232.0
4154,YOR242C,147.5
4155,YOR245C,260.5
4156,YOR246C,164.25
4157,YOR247W,249.0
4158,YOR248W,586.0
4159,YOR249C,144.5
4160,YOR253W,134.0
4161,YOR256C,571.0
4162,YOR258W,165.666666667
4163,YOR261C,531.0
4164,YOR264W,298.5
4165,YOR265W,248.5
4166,YOR266W,397.5
4167,YOR267C,246.5
4168,YOR270C,428.333333333
4169,YOR271C,493.0
4170,YOR272W,570.0
4171,YOR273C,136.5
4172,YOR276W,597.0
4173,YOR277C,43.0
4174,YOR278W,419.0
4175,YOR279C,194.75
4176,YOR280C,308.666666667
4177,YOR281C,316.0
4178,YOR283W,35.0
4179,YOR285W,127.5
4180,YOR286W,92.0
4181,YOR287C,230.0
4182,YOR288C,341.5
4183,YOR289W,76.0
4184,YOR290C,199.5
4185,YOR291W,284.0
4186,YOR292C,32.0
4187,YOR293C-A,162.0
4188,YOR293W,489.0
4189,YOR294W,253.25
4190,YOR296W,160.666666667
4191,YOR298C-A,144.0
4192,YOR298W,389.0
4193,YOR300W,209.0
4194,YOR301W,344.25
4195,YOR302W,366.5
4196,YOR303W,393.0
4197,YOR304C-A,237.0
4198,YOR304W,465.5
4199,YOR305W,39.0
4200,YOR306C,173.0
4201,YOR307C,66.5
4202,YOR308C,172.5
4203,YOR311C,111.0
4204,YOR313C,268.666666667
4205,YOR315W,32.0
4206,YOR316C,103.333333333
4207,YOR316C-A,321.333333333
4208,YOR317W,83.0
4209,YOR318C,560.0
4210,YOR320C,452.0
4211,YOR322C,473.75
4212,YOR323C,192.8
4213,YOR327C,329.5
4214,YOR328W,288.5
4215,YOR329C,324.8
4216,YOR329W-A,486.5
4217,YOR331C,254.0
4218,YOR332W,97.0
4219,YOR335C,542.5
4220,YOR335W-A,510.5
4221,YOR336W,126.5
4222,YOR337W,57.5
4223,YOR338W,231.5
4224,YOR339C,309.0
4225,YOR340C,175.5
4226,YOR343C,416.0
4227,YOR344C,319.0
4228,YOR345C,183.333333333
4229,YOR346W,174.0
4230,YOR347C,267.333333333
4231,YOR348C,135.666666667
4232,YOR350C,247.0
4233,YOR351C,229.5
4234,YOR352W,250.333333333
4235,YOR353C,242.5
4236,YOR354C,334.25
4237,YOR355W,184.0
4238,YOR356W,173.0
4239,YOR359W,52.6666666667
4240,YOR360C,328.0
4241,YOR364W,404.6
4242,YOR365C,22.0
4243,YOR366W,163.333333333
4244,YOR367W,259.25
4245,YOR368W,116.5
4246,YOR369C,274.285714286
4247,YOR370C,112.0
4248,YOR371C,340.0
4249,YOR374W,130.0
4250,YOR375C,148.0
4251,YOR376W,44.0
4252,YOR376W-A,426.0
4253,YOR377W,393.0
4254,YOR380W,217.666666667
4255,YOR381W,82.0
4256,YOR381W-A,255.0
4257,YOR382W,88.0
4258,YOR385W,134.0
4259,YOR387C,136.5
4260,YOR388C,180.0
4261,YOR389W,422.0
4262,YOR390W,519.333333333
4263,YOR391C,466.0
4264,YOR393W,127.666666667
4265,YOR394C-A,467.5
4266,YOR394W,129.0
4267,YPL002C,345.0
4268,YPL003W,243.0
4269,YPL004C,123.666666667
4270,YPL006W,424.0
4271,YPL007C,229.833333333
4272,YPL008W,538.333333333
4273,YPL012W,304.0
4274,YPL013C,74.0
4275,YPL014W,97.0
4276,YPL015C,564.0
4277,YPL017C,458.0
4278,YPL018W,93.75
4279,YPL019C,517.5
4280,YPL020C,295.666666667
4281,YPL021W,598.0
4282,YPL022W,416.5
4283,YPL026C,125.666666667
4284,YPL027W,326.0
4285,YPL028W,64.0
4286,YPL030W,531.5
4287,YPL033C,167.666666667
4288,YPL034W,147.0
4289,YPL035C,398.0
4290,YPL036W,177.0
4291,YPL038W,213.0
4292,YPL040C,62.0
4293,YPL041C,230.666666667
4294,YPL042C,303.0
4295,YPL043W,279.5
4296,YPL046C,415.5
4297,YPL047W,216.0
4298,YPL049C,581.0
4299,YPL050C,447.0
4300,YPL051W,559.0
4301,YPL052W,105.0
4302,YPL053C,157.333333333
4303,YPL054W,120.0
4304,YPL056C,243.0
4305,YPL057C,292.0
4306,YPL058C,229.5
4307,YPL059W,133.0
4308,YPL060W,261.166666667
4309,YPL061W,96.0
4310,YPL065W,267.333333333
4311,YPL066W,257.571428571
4312,YPL067C,180.666666667
4313,YPL069C,418.5
4314,YPL070W,364.0
4315,YPL072W,131.0
4316,YPL074W,268.857142857
4317,YPL075W,12.0
4318,YPL077C,426.0
4319,YPL079W,278.5
4320,YPL081W,116.0
4321,YPL082C,222.0
4322,YPL083C,142.666666667
4323,YPL084W,319.0
4324,YPL085W,218.0
4325,YPL086C,595.0
4326,YPL087W,429.5
4327,YPL088W,106.285714286
4328,YPL089C,12.0
4329,YPL091W,36.3333333333
4330,YPL092W,584.0
4331,YPL093W,128.25
4332,YPL094C,262.0
4333,YPL095C,134.0
4334,YPL096C-A,474.5
4335,YPL096W,323.0
4336,YPL100W,285.75
4337,YPL103C,261.0
4338,YPL108W,285.5
4339,YPL109C,92.0
4340,YPL110C,23.0
4341,YPL111W,134.0
4342,YPL112C,324.75
4343,YPL113C,276.0
4344,YPL114W,86.3333333333
4345,YPL115C,332.0
4346,YPL118W,269.0
4347,YPL119C,76.0
4348,YPL120W,258.666666667
4349,YPL122C,500.0
4350,YPL123C,275.8
4351,YPL124W,235.0
4352,YPL125W,419.75
4353,YPL128C,331.0
4354,YPL129W,492.0
4355,YPL130W,253.5
4356,YPL132W,473.0
4357,YPL133C,18.0
4358,YPL134C,85.0
4359,YPL135C-A,490.5
4360,YPL135W,121.0
4361,YPL136W,70.0
4362,YPL137C,82.0
4363,YPL138C,286.0
4364,YPL139C,279.0
4365,YPL140C,250.714285714
4366,YPL141C,30.0
4367,YPL142C,170.833333333
4368,YPL146C,342.0
4369,YPL147W,183.0
4370,YPL148C,229.666666667
4371,YPL149W,313.75
4372,YPL152W,19.0
4373,YPL152W-A,274.0
4374,YPL154C,325.0
4375,YPL156C,129.0
4376,YPL157W,379.333333333
4377,YPL158C,208.0
4378,YPL159C,252.333333333
4379,YPL160W,55.5
4380,YPL161C,550.0
4381,YPL162C,234.666666667
4382,YPL163C,11.0
4383,YPL164C,250.0
4384,YPL165C,58.8333333333
4385,YPL167C,264.0
4386,YPL168W,356.0
4387,YPL169C,284.0
4388,YPL170W,128.0
4389,YPL171C,68.0
4390,YPL172C,296.5
4391,YPL174C,561.0
4392,YPL175W,21.3333333333
4393,YPL176C,236.666666667
4394,YPL177C,212.666666667
4395,YPL178W,306.0
4396,YPL179W,239.0
4397,YPL180W,232.8
4398,YPL181W,514.666666667
4399,YPL182C,576.0
4400,YPL185W,12.0
4401,YPL186C,445.0
4402,YPL187W,72.5
4403,YPL188W,339.0
4404,YPL189C-A,151.333333333
4405,YPL189W,495.333333333
4406,YPL190C,387.0
4407,YPL191C,426.0
4408,YPL192C,74.6666666667
4409,YPL193W,268.0
4410,YPL194W,370.0
4411,YPL195W,539.0
4412,YPL196W,194.5
4413,YPL197C,460.75
4414,YPL198W,114.0
4415,YPL199C,288.0
4416,YPL200W,236.0
4417,YPL201C,289.5
4418,YPL202C,239.5
4419,YPL203W,423.0
4420,YPL204W,400.0
4421,YPL205C,366.0
4422,YPL206C,159.0
4423,YPL207W,138.5
4424,YPL208W,23.0
4425,YPL209C,230.5
4426,YPL210C,496.5
4427,YPL213W,316.0
4428,YPL214C,415.0
4429,YPL215W,186.666666667
4430,YPL217C,426.0
4431,YPL218W,15.0
4432,YPL221W,233.0
4433,YPL222C-A,168.0
4434,YPL222W,313.0
4435,YPL223C,122.0
4436,YPL225W,188.0
4437,YPL226W,298.0
4438,YPL227C,391.6
4439,YPL228W,159.5
4440,YPL229W,506.666666667
4441,YPL230W,231.0
4442,YPL231W,118.0
4443,YPL233W,305.2
4444,YPL234C,464.666666667
4445,YPL237W,425.0
4446,YPL238C,521.0
4447,YPL240C,85.5
4448,YPL241C,211.0
4449,YPL242C,301.5
4450,YPL243W,253.0
4451,YPL244C,234.0
4452,YPL245W,92.6666666667
4453,YPL246C,200.0
4454,YPL247C,188.75
4455,YPL249C,413.0
4456,YPL250C,155.0
4457,YPL251W,332.833333333
4458,YPL252C,121.666666667
4459,YPL253C,302.0
4460,YPL254W,278.8
4461,YPL256C,164.333333333
4462,YPL257W,402.0
4463,YPL258C,324.6
4464,YPL259C,380.4
4465,YPL260W,386.0
4466,YPL262W,236.333333333
4467,YPL263C,600.0
4468,YPL264C,152.0
4469,YPL265W,183.0
4470,YPL267W,216.0
4471,YPL268W,316.166666667
4472,YPL269W,159.666666667
4473,YPL270W,162.5
4474,YPL271W,329.0
4475,YPL272C,92.0
4476,YPL274W,152.0
4477,YPL277C,409.666666667
4478,YPL278C,42.0
4479,YPL279C,520.333333333
4480,YPL280W,465.0
4481,YPL281C,127.666666667
4482,YPL282C,129.0
4483,YPL283C,517.0
4484,YPR001W,408.0
4485,YPR002C-A,361.5
4486,YPR002W,329.2
4487,YPR003C,205.666666667
4488,YPR004C,550.0
4489,YPR005C,282.666666667
4490,YPR006C,110.5
4491,YPR007C,160.142857143
4492,YPR008W,26.0
4493,YPR010C-A,9.0
4494,YPR011C,420.0
4495,YPR013C,226.0
4496,YPR015C,116.0
4497,YPR016C,319.0
4498,YPR017C,105.0
4499,YPR018W,459.0
4500,YPR019W,401.2
4501,YPR020W,463.0
4502,YPR021C,443.0
4503,YPR022C,51.0
4504,YPR027C,550.5
4505,YPR029C,508.5
4506,YPR030W,270.857142857
4507,YPR031W,226.666666667
4508,YPR032W,67.0
4509,YPR033C,236.0
4510,YPR034W,278.25
4511,YPR035W,151.0
4512,YPR036W,182.5
4513,YPR036W-A,119.5
4514,YPR037C,184.0
4515,YPR038W,480.833333333
4516,YPR040W,68.0
4517,YPR041W,301.5
4518,YPR042C,436.0
4519,YPR043W,73.0
4520,YPR044C,219.666666667
4521,YPR047W,179.0
4522,YPR048W,201.0
4523,YPR049C,352.333333333
4524,YPR050C,216.0
4525,YPR051W,220.5
4526,YPR052C,24.0
4527,YPR054W,570.0
4528,YPR055W,212.333333333
4529,YPR056W,522.0
4530,YPR058W,464.0
4531,YPR059C,101.25
4532,YPR060C,302.333333333
4533,YPR061C,538.0
4534,YPR062W,369.0
4535,YPR066W,232.6
4536,YPR068C,193.0
4537,YPR069C,160.5
4538,YPR071W,275.142857143
4539,YPR072W,400.0
4540,YPR073C,244.5
4541,YPR074C,216.0
4542,YPR075C,267.0
4543,YPR078C,201.2
4544,YPR079W,435.5
4545,YPR080W,584.0
4546,YPR081C,338.0
4547,YPR084W,210.5
4548,YPR085C,83.0
4549,YPR086W,92.0
4550,YPR092W,426.5
4551,YPR093C,432.75
4552,YPR094W,407.0
4553,YPR096C,510.0
4554,YPR097W,103.0
4555,YPR099C,146.8
4556,YPR101W,204.4
4557,YPR102C,315.0
4558,YPR103W,289.0
4559,YPR104C,264.5
4560,YPR105C,362.333333333
4561,YPR106W,81.0
4562,YPR107C,131.0
4563,YPR108W,264.0
4564,YPR108W-A,388.0
4565,YPR109W,232.0
4566,YPR110C,267.0
4567,YPR111W,243.8
4568,YPR112C,184.0
4569,YPR113W,158.0
4570,YPR115W,589.0
4571,YPR117W,172.0
4572,YPR118W,210.0
4573,YPR119W,108.0
4574,YPR122W,169.666666667
4575,YPR123C,392.0
4576,YPR125W,364.333333333
4577,YPR126C,282.5
4578,YPR127W,148.0
4579,YPR131C,129.0
4580,YPR132W,391.0
4581,YPR133C,50.3333333333
4582,YPR133W-A,303.0
4583,YPR134W,296.333333333
4584,YPR135W,300.0
4585,YPR136C,184.0
4586,YPR137W,225.6
4587,YPR138C,331.0
4588,YPR141C,149.0
4589,YPR143W,256.0
4590,YPR144C,507.5
4591,YPR145C-A,257.333333333
4592,YPR145W,104.666666667
4593,YPR147C,224.0
4594,YPR149W,305.666666667
4595,YPR151C,38.0
4596,YPR152C,185.0
4597,YPR154W,100.0
4598,YPR155C,248.0
4599,YPR156C,365.666666667
4600,YPR159C-A,251.0
4601,YPR159W,268.333333333
4602,YPR160C-A,384.0
4603,YPR160W,193.5
4604,YPR160W-A,381.0
4605,YPR162C,140.5
4606,YPR164W,474.0
4607,YPR165W,214.0
4608,YPR166C,244.333333333
4609,YPR167C,315.0
4610,YPR168W,23.3333333333
4611,YPR169W,186.0
4612,YPR169W-A,548.0
4613,YPR170C,351.777777778
4614,YPR170W-B,548.0
4615,YPR171W,97.5
4616,YPR172W,93.0
4617,YPR176C,66.6666666667
4618,YPR177C,487.0
4619,YPR178W,193.666666667
4620,YPR179C,52.0
4621,YPR184W,84.0
4622,YPR185W,486.285714286
4623,YPR187W,535.0
4624,YPR190C,206.666666667
4625,YPR191W,139.0
4626,YPR193C,79.0
4627,YPR194C,237.0
4628,YPR195C,48.0
4629,YPR196W,129.666666667
4630,YPR197C,73.0
4631,YPR198W,253.0
4632,YPR199C,82.0
4633,YPR200C,60.0
4634,YPR201W,66.0
4635,YPR202W,468.333333333
