locus,start,max(frecuency)
YAL002W,143292,1
YAL003W,142153,9
YAL005C,141493,11
YAL007C,138422,1
YAL008W,136866,1
YAL012W,130742,3
YAL013W,129236,1
YAL025C,101163,1
YAL034W-A,79700,1
YAL035W,76414,1
YAL036C,76178,1
YAL038W,71759,2
YAL039C,69581,2
YAL042W,61287,2
YAL044C,58471,2
YAL044W-A,57517,1
YAL047C,56864,1
YAL049C,52617,1
YAL053W,45753,1
YAL056W,39234,1
YAL058W,37383,1
YAL060W,35097,2
YAL061W,33359,5
YAR002C-A,154744,1
YAR002W,152215,2
YAR003W,154927,1
YAR007C,158698,2
YAR015W,169273,1
YAR023C,180051,1
YAR027W,183688,1
YAR028W,184603,1
YAR033W,188052,1
YAR073W,227636,3
YBL001C,237487,4
YBL002W,236458,1
YBL003C,235819,6
YBL004W,227550,1
YBL007C,216420,2
YBL011W,203437,1
YBL015W,194033,1
YBL016W,192423,1
YBL018C,186506,1
YBL022C,181408,1
YBL024W,172525,1
YBL025W,171471,1
YBL026W,170576,1
YBL027W,168404,8
YBL028C,167890,1
YBL029C-A,164837,1
YBL030C,164137,6
YBL038W,146101,1
YBL040C,142900,2
YBL041W,141238,1
YBL042C,140315,5
YBL045C,135636,1
YBL050W,125049,2
YBL051C,124817,1
YBL054W,117474,1
YBL056W,113661,1
YBL058W,111409,1
YBL059C-A,110556,2
YBL061C,107461,1
YBL064C,101176,1
YBL069W,90712,1
YBL081W,71555,1
YBL082C,71159,1
YBL086C,62716,1
YBL087C,60762,4
YBL089W,49359,1
YBL090W,48818,2
YBL091C-A,47185,1
YBL092W,45609,7
YBL093C,45017,3
YBL099W,36757,4
YBL102W,23992,3
YBL105C,17970,1
YBL107C,10570,1
YBR006W,246970,2
YBR009C,255720,3
YBR010W,256303,24
YBR011C,258006,1
YBR015C,269630,1
YBR022W,283717,2
YBR024W,289413,1
YBR025C,291886,2
YBR031W,300150,2
YBR034C,305998,1
YBR035C,306968,1
YBR036C,310334,2
YBR039W,315552,2
YBR040W,316617,1
YBR042C,321615,1
YBR044C,326150,1
YBR047W,331772,1
YBR048W,332755,1
YBR052C,339412,1
YBR053C,340754,1
YBR054W,342787,7
YBR056W,347820,1
YBR056W-A,351228,1
YBR057C,353383,1
YBR058C-A,356586,1
YBR062C,366903,1
YBR065C,369737,1
YBR066C,370736,1
YBR067C,372786,5
YBR068C,375729,2
YBR071W,380339,2
YBR072W,381956,22
YBR073W,382815,2
YBR076C-A,391650,1
YBR078W,392947,12
YBR079C,398614,1
YBR082C,407195,3
YBR084C-A,415282,1
YBR084W,410980,1
YBR085C-A,419193,16
YBR087W,423735,1
YBR092C,429132,2
YBR093C,430986,3
YBR097W,436920,1
YBR101C,444765,2
YBR103W,447543,2
YBR104W,449580,1
YBR105C,451992,1
YBR106W,452625,5
YBR109C,458409,2
YBR111C,461881,1
YBR111W-A,462096,1
YBR118W,477649,16
YBR121C,483503,1
YBR122C,484510,1
YBR126C,490453,1
YBR127C,492886,2
YBR136W,505412,1
YBR137W,512991,2
YBR138C,515366,1
YBR143C,532212,3
YBR145W,533721,2
YBR146W,535188,1
YBR147W,536441,1
YBR149W,539928,1
YBR151W,544920,2
YBR152W,546343,1
YBR153W,547405,1
YBR154C,549092,2
YBR157C,554344,1
YBR158W,556286,2
YBR159W,558651,1
YBR162W-A,565221,4
YBR164C,568507,2
YBR166C,571242,3
YBR169C,576025,1
YBR171W,578338,1
YBR172C,581620,1
YBR173C,582200,3
YBR175W,582408,1
YBR176W,583634,1
YBR177C,586182,1
YBR181C,592793,3
YBR182C,594975,2
YBR185C,599978,1
YBR187W,602550,1
YBR189W,604485,4
YBR194W,609899,1
YBR197C,615861,1
YBR199W,618834,1
YBR200W,620407,1
YBR203W,629017,1
YBR205W,633601,3
YBR208C,642376,1
YBR212W,647480,1
YBR214W,651336,1
YBR218C,662392,1
YBR220C,664744,1
YBR230C,680073,1
YBR230W-A,680305,1
YBR233W-A,684948,1
YBR239C,700189,1
YBR244W,707349,1
YBR247C,714462,1
YBR248C,716578,1
YBR249C,718080,1
YBR251W,721356,1
YBR252W,722594,1
YBR253W,723223,1
YBR254C,724276,1
YBR256C,728110,7
YBR257W,728854,2
YBR258C,730185,1
YBR262C,736075,1
YBR265W,738559,1
YBR268W,741269,1
YBR279W,761219,1
YBR282W,768198,1
YBR283C,770568,1
YBR284W,770907,1
YBR285W,773739,1
YBR287W,776538,2
YBR290W,782561,1
YBR296C,798602,1
YCL001W,111856,1
YCL002C,111695,1
YCL005W-A,106998,2
YCL007C,107712,2
YCL009C,105581,2
YCL010C,104362,1
YCL011C,103402,1
YCL016C,95783,1
YCL017C,94371,1
YCL025C,77942,1
YCL026C-A,75304,1
YCL029C,69955,1
YCL030C,68393,6
YCL031C,65601,2
YCL034W,61643,1
YCL046W,46526,1
YCL049C,40774,1
YCL050C,38871,1
YCL052C,35409,1
YCL054W,31429,2
YCL055W,27893,1
YCL056C,27776,1
YCL059C,23402,1
YCR002C,118393,1
YCR003W,118595,2
YCR004C,120491,1
YCR005C,122388,4
YCR009C,131549,1
YCR012W,137706,53
YCR015C,142540,1
YCR017C,147667,1
YCR020C,155096,1
YCR021C,157207,10
YCR028C-A,173466,2
YCR030C,176914,1
YCR031C,178241,4
YCR032W,179420,1
YCR034W,190567,1
YCR035C,193038,1
YCR036W,193286,1
YCR042C,205420,1
YCR043C,206677,1
YCR053W,216597,1
YCR068W,236746,1
YCR076C,250062,1
YCR079W,252839,1
YCR082W,258847,1
YCR090C,272872,1
YCR095C,289296,1
YCR097W,293823,4
YCR098C,298664,4
YDL004W,442986,3
YDL007W,438009,4
YDL008W,433464,1
YDL012C,431522,1
YDL013W,428931,1
YDL014W,427215,3
YDL015C,426987,4
YDL020C,416803,1
YDL021W,413918,1
YDL022W,411751,1
YDL025C,407270,1
YDL029W,399320,1
YDL030W,397492,1
YDL033C,393950,1
YDL035C,392511,1
YDL040C,381468,1
YDL043C,376536,1
YDL044C,375407,1
YDL045C,373769,1
YDL046W,371194,3
YDL047W,369545,1
YDL048C,368249,1
YDL052C,363595,1
YDL053C,362429,1
YDL054C,361315,1
YDL055C,356907,8
YDL057W,351426,1
YDL061C,341238,7
YDL065C,337294,1
YDL066W,334818,2
YDL067C,334442,9
YDL069C,334089,1
YDL070W,331002,1
YDL072C,330500,2
YDL074C,326221,2
YDL075W,322202,2
YDL076C,321665,1
YDL077C,320231,1
YDL078C,316460,1
YDL081C,310188,8
YDL082W,308395,5
YDL083C,307807,3
YDL084W,305053,1
YDL085C-A,302717,1
YDL086W,301408,1
YDL092W,292770,1
YDL095W,287040,1
YDL097C,286736,1
YDL099W,283366,2
YDL103C,276600,1
YDL107W,268900,1
YDL111C,264141,1
YDL115C,255142,1
YDL116W,251525,1
YDL119C,247616,1
YDL120W,245885,1
YDL121C,245593,1
YDL124W,240243,2
YDL125C,239727,2
YDL126C,238708,2
YDL127W,234889,1
YDL128W,232596,1
YDL130W,229884,2
YDL130W-A,229152,2
YDL133C-A,221819,107
YDL134C,221255,1
YDL135C,219332,1
YDL136W,217568,5
YDL137W,216113,11
YDL144C,199766,1
YDL146W,192598,1
YDL147W,190890,1
YDL148C,190598,1
YDL153C,183042,1
YDL155W,176644,1
YDL159W-A,171847,1
YDL160C-A,169630,1
YDL165W,164259,1
YDL168W,159571,2
YDL174C,147627,2
YDL181W,135094,2
YDL182W,133399,1
YDL184C,130506,70
YDL185W,126766,1
YDL191W,117642,22
YDL192W,116275,2
YDL193W,114591,1
YDL198C,104642,1
YDL202W,98465,1
YDL203C,98122,1
YDL204W,94107,1
YDL205C,93888,1
YDL207W,88247,2
YDL212W,78405,2
YDL213C,77975,1
YDL217C,68770,1
YDL218W,66477,1
YDL219W,65216,1
YDL222C,61903,1
YDL224C,56709,1
YDL229W,44035,3
YDL232W,38458,1
YDL235C,34050,1
YDL237W,30625,1
YDR001C,452544,1
YDR002W,452968,3
YDR004W,455040,1
YDR005C,458225,2
YDR007W,461808,1
YDR011W,465582,1
YDR012W,471821,2
YDR016C,478768,1
YDR019C,485400,1
YDR020C,486532,1
YDR021W,486724,1
YDR028C,501368,1
YDR031W,503465,2
YDR032C,504745,2
YDR033W,507902,13
YDR034W-B,521305,2
YDR035W,521795,2
YDR037W,525391,3
YDR041W,539795,3
YDR044W,546599,1
YDR045C,548431,1
YDR047W,551565,1
YDR050C,556502,24
YDR052C,560994,1
YDR054C,562431,1
YDR055W,563466,41
YDR056C,565687,1
YDR059C,569810,1
YDR064W,579437,7
YDR065W,580606,1
YDR067C,583495,1
YDR068W,583660,1
YDR071C,589423,2
YDR075W,597015,1
YDR076W,598413,1
YDR077W,600750,22
YDR083W,612043,1
YDR084C,614029,1
YDR086C,617205,1
YDR089W,622069,1
YDR090C,626112,1
YDR091C,628591,3
YDR092W,629842,3
YDR096W,636707,1
YDR100W,654973,1
YDR101C,657493,1
YDR110W,676047,1
YDR115W,682161,2
YDR116C,683591,1
YDR117C,685649,1
YDR119W,688151,1
YDR126W,703125,1
YDR128W,709362,1
YDR129C,715410,2
YDR131C,718525,1
YDR135C,727593,2
YDR139C,733955,1
YDR145W,746583,1
YDR148C,755097,1
YDR159W,771769,1
YDR164C,784254,1
YDR165W,784829,1
YDR166C,789224,1
YDR167W,789417,2
YDR168W,790271,1
YDR171W,806544,1
YDR174W,812087,1
YDR175C,814210,1
YDR177W,816770,2
YDR179C,819204,1
YDR184C,831542,2
YDR188W,836372,1
YDR189W,838350,1
YDR190C,842054,1
YDR194C,847969,5
YDR196C,851010,5
YDR197W,851198,1
YDR200C,856110,1
YDR201W,856270,1
YDR202C,857966,1
YDR206W,861742,1
YDR210W,871027,1
YDR212W,887148,2
YDR214W,892760,1
YDR216W,894702,1
YDR224C,914746,8
YDR225W,915452,12
YDR226W,916463,4
YDR231C,926926,1
YDR232W,927192,1
YDR233C,930367,1
YDR236C,935917,3
YDR237W,936547,1
YDR238C,940845,1
YDR239C,943429,1
YDR242W,946792,1
YDR245W,952723,1
YDR248C,958390,1
YDR251W,960308,1
YDR254W,965032,1
YDR258C,974279,1
YDR265W,998727,1
YDR266C,1002237,1
YDR267C,1003562,1
YDR272W,1008953,2
YDR275W,1012174,1
YDR276C,1013680,8
YDR284C,1031684,1
YDR289C,1039543,1
YDR294C,1052238,1
YDR295C,1054910,1
YDR296W,1055158,1
YDR297W,1056518,1
YDR298C,1058915,1
YDR299W,1059313,1
YDR308C,1078508,1
YDR309C,1080249,1
YDR311W,1085020,1
YDR315C,1093807,1
YDR322C-A,1112302,2
YDR322W,1110563,1
YDR323C,1114054,1
YDR328C,1126041,1
YDR329C,1127617,1
YDR331W,1129490,1
YDR332W,1130991,1
YDR334W,1135791,1
YDR335W,1140811,1
YDR339C,1150544,1
YDR341C,1153662,1
YDR342C,1156014,8
YDR345C,1164692,1
YDR347W,1169110,1
YDR348C,1172007,1
YDR349C,1174245,1
YDR350C,1178213,1
YDR353W,1183253,2
YDR354W,1184691,1
YDR358W,1190007,1
YDR361C,1196289,1
YDR362C,1198781,1
YDR363W-A,1202106,7
YDR365C,1206458,1
YDR367W,1212790,1
YDR368W,1213887,1
YDR371W,1219349,1
YDR372C,1222409,1
YDR373W,1222715,1
YDR376W,1226751,1
YDR377W,1228516,7
YDR379C-A,1233523,1
YDR380W,1234113,1
YDR381C-A,1238851,1
YDR381W,1236485,1
YDR382W,1239411,7
YDR383C,1240682,1
YDR386W,1245867,1
YDR394W,1261593,1
YDR397C,1266940,1
YDR398W,1267357,1
YDR399W,1270000,4
YDR403W,1274165,1
YDR408C,1288905,1
YDR412W,1294628,1
YDR418W,1301582,3
YDR420W,1306067,1
YDR424C,1319882,1
YDR427W,1322173,1
YDR429C,1325308,1
YDR434W,1331142,1
YDR437W,1337268,2
YDR447C,1355587,3
YDR449C,1358923,1
YDR450W,1359902,15
YDR452W,1362740,1
YDR456W,1367449,1
YDR459C,1383479,1
YDR461W,1385153,10
YDR462W,1386035,1
YDR463W,1386771,1
YDR465C,1394597,1
YDR468C,1398756,1
YDR469W,1399014,1
YDR471W,1401746,5
YDR473C,1405894,1
YDR475C,1410199,1
YDR477W,1412308,1
YDR478W,1414539,1
YDR481C,1420283,2
YDR482C,1420849,1
YDR483W,1420983,1
YDR485C,1427249,1
YDR486C,1428129,2
YDR487C,1429038,2
YDR488C,1430799,1
YDR492W,1434779,1
YDR493W,1436097,1
YDR494W,1436922,1
YDR495C,1441207,1
YDR496C,1443439,1
YDR497C,1445515,1
YDR500C,1450865,1
YDR502C,1454520,1
YDR503C,1455907,1
YDR510W,1469315,1
YDR511W,1470005,2
YDR513W,1470961,1
YDR517W,1477151,1
YDR519W,1480418,4
YDR524C,1489393,2
YDR525W-A,1490565,2
YDR527W,1491085,1
YDR529C,1496579,3
YDR531W,1498179,1
YDR533C,1502199,7
YDR539W,1511774,1
YDR540C,1517736,1
YEL002C,150064,2
YEL003W,148148,1
YEL006W,144021,1
YEL007W,141625,1
YEL009C,139891,1
YEL012W,131677,1
YEL013W,128576,1
YEL016C,126393,1
YEL017C-A,122968,17
YEL017W,123627,1
YEL018C-A,122348,1
YEL018W,121467,1
YEL020W-A,117185,4
YEL024W,107178,2
YEL026W,101850,1
YEL027W,100707,10
YEL029C,97860,1
YEL034W,85623,13
YEL036C,84678,1
YEL037C,82762,1
YEL039C,80066,1
YEL040W,78028,1
YEL041W,75633,1
YEL044W,69752,1
YEL050C,60904,1
YEL051W,58323,1
YEL054C,53244,2
YEL060C,42008,3
YEL061C,39623,1
YEL071W,16342,1
YER001W,153471,2
YER002W,156755,2
YER003C,159156,1
YER004W,159572,1
YER006C-A,164844,1
YER006W,162672,1
YER007C-A,166894,1
YER007W,164527,1
YER009W,172081,9
YER012W,177749,1
YER016W,188252,1
YER019C-A,194576,1
YER019W,192388,1
YER020W,194972,1
YER021W,196891,1
YER026C,208563,1
YER030W,213437,3
YER031C,214769,1
YER035W,222564,1
YER037W,225694,1
YER043C,237202,1
YER044C,238055,5
YER046W,243170,1
YER048W-A,250637,2
YER049W,251602,1
YER053C,259737,7
YER053C-A,261085,3
YER055C,265818,1
YER056C,268200,4
YER056C-A,270193,2
YER057C,271168,2
YER058W,271736,4
YER060W,274476,1
YER061C,279659,1
YER062C,280742,1
YER063W,281670,1
YER064C,284292,1
YER067W,291990,1
YER069W,295404,1
YER070W,298856,1
YER072W,302704,1
YER073W,303946,1
YER074W,306297,11
YER074W-A,307608,5
YER080W,319675,1
YER081W,322213,6
YER086W,328438,2
YER087C-B,332877,1
YER087W,330312,1
YER089C,337667,1
YER094C,349456,2
YER096W,351601,1
YER100W,359481,1
YER102W,362715,3
YER103W,364535,2
YER107C,374720,3
YER112W,387144,1
YER115C,395054,1
YER117W,396749,17
YER120W,401108,1
YER121W,402304,1
YER122C,404384,1
YER124C,409098,1
YER125W,409698,1
YER126C,414214,1
YER130C,422541,2
YER131W,423570,12
YER133W,432426,4
YER136W,439481,1
YER137C,441910,1
YER138W-A,449317,1
YER139C,451346,1
YER141W,453414,2
YER142C,456056,1
YER146W,462545,1
YER147C,464889,1
YER148W,465114,3
YER150W,468335,3
YER158C,490732,1
YER159C,492150,2
YER162C,502919,1
YER163C,503821,2
YER165W,510236,1
YER167W,517878,1
YER170W,525913,1
YER173W,535867,1
YER174C,539301,1
YER177W,545585,5
YER178W,546551,1
YER182W,552490,2
YER183C,553980,1
YFL002C,147145,1
YFL004W,131791,1
YFL005W,130197,2
YFL013C,109956,1
YFL013W-A,107586,1
YFL014W,107197,16
YFL016C,106247,1
YFL018C,103197,1
YFL023W,90986,1
YFL028C,80235,1
YFL030W,76356,1
YFL033C,74667,1
YFL034C-A,64973,5
YFL034C-B,64021,1
YFL037W,56272,3
YFL038C,56038,1
YFL039C,54810,1
YFL042C,47804,1
YFL045C,44466,7
YFL055W,16698,1
YFL056C,15496,19
YFR001W,149072,1
YFR002W,150016,1
YFR003C,153171,3
YFR004W,153354,1
YFR011C,167282,1
YFR014C,173927,1
YFR020W,192606,1
YFR021W,194718,1
YFR025C,204790,1
YFR028C,210129,1
YFR031C-A,221447,1
YFR033C,224875,4
YFR034W-A,225882,1
YFR044C,241450,1
YFR045W,241962,1
YFR049W,248374,1
YFR050C,249919,3
YFR051C,251820,1
YFR052W,252478,1
YFR053C,255145,2
YFR055W,264166,1
YGL001C,496506,1
YGL005C,490561,1
YGL009C,478697,1
YGL010W,475500,1
YGL012W,472839,2
YGL017W,459844,1
YGL020C,457877,1
YGL022W,452339,2
YGL025C,449981,1
YGL026C,448553,1
YGL028C,443205,1
YGL029W,440042,1
YGL030W,439033,4
YGL031C,438415,15
YGL032C,436887,1
YGL037C,428010,5
YGL041W-A,418766,1
YGL047W,411465,1
YGL048C,411334,1
YGL054C,401343,3
YGL055W,398566,18
YGL058W,393904,1
YGL059W,392200,2
YGL065C,381348,1
YGL068W,375040,1
YGL070C,374852,1
YGL076C,366018,8
YGL077C,364056,1
YGL078C,361882,1
YGL080W,358602,1
YGL082W,355748,1
YGL085W,349561,1
YGL087C,346912,1
YGL091C,343063,2
YGL092W,337823,1
YGL096W,325309,1
YGL097W,321703,1
YGL101W,312181,1
YGL103W,310931,1
YGL105W,307380,1
YGL106W,306549,1
YGL111W,299926,1
YGL121C,281230,2
YGL123W,277510,7
YGL127C,270782,1
YGL135W,254577,13
YGL136C,253974,1
YGL147C,228345,3
YGL148W,226368,1
YGL150C,225683,1
YGL153W,216248,1
YGL166W,191111,1
YGL169W,185992,2
YGL187C,150572,3
YGL190C,147670,1
YGL191W,144788,4
YGL198W,123569,1
YGL200C,123315,2
YGL202W,115938,1
YGL206C,107576,1
YGL207W,98909,1
YGL208W,97338,1
YGL209W,95817,2
YGL210W,93772,1
YGL213C,91264,1
YGL215W,87513,1
YGL220W,82055,1
YGL221C,82303,2
YGL224C,78870,1
YGL225W,76853,2
YGL226C-A,73174,1
YGL226W,73335,1
YGL228W,67569,1
YGL231C,63631,1
YGL238W,49549,1
YGL242C,45252,2
YGL244W,41452,1
YGL245W,38999,1
YGL252C,27544,1
YGL253W,23889,5
YGL255W,20933,3
YGL256W,14657,1
YGR008C,508450,5
YGR013W,514512,1
YGR014W,516624,1
YGR017W,523629,1
YGR019W,524921,1
YGR020C,527393,4
YGR027C,534804,24
YGR028W,542178,2
YGR030C,546160,1
YGR033C,555088,1
YGR034W,555674,8
YGR035C,557615,1
YGR036C,558973,1
YGR037C,560042,1
YGR042W,579426,1
YGR043C,581478,1
YGR048W,589773,1
YGR049W,591265,2
YGR053C,595845,1
YGR055W,599384,1
YGR057C,605564,1
YGR058W,606128,1
YGR060W,610526,4
YGR063C,617840,2
YGR064W,617274,1
YGR065C,619984,1
YGR067C,624978,1
YGR072W,634265,2
YGR076C,637640,1
YGR078C,640402,1
YGR081C,643794,2
YGR083C,646846,1
YGR085C,648930,4
YGR086C,650652,1
YGR089W,656680,1
YGR093W,670322,1
YGR097W,678662,1
YGR101W,693325,1
YGR103W,695378,1
YGR105W,698550,2
YGR106C,699846,5
YGR111W,715797,1
YGR113W,718849,1
YGR116W,720358,1
YGR118W,726951,5
YGR121W-A,733022,1
YGR122W,733793,1
YGR123C,738212,1
YGR124W,739911,1
YGR128C,750122,1
YGR130C,753887,1
YGR132C,756465,1
YGR135W,761340,1
YGR138C,765850,1
YGR141W,770545,1
YGR142W,772400,1
YGR148C,788199,4
YGR149W,788661,1
YGR152C,795605,1
YGR153W,796071,2
YGR155W,798507,2
YGR157W,802187,1
YGR159C,807711,2
YGR169C-A,836704,1
YGR172C,843621,2
YGR175C,848450,3
YGR178C,853428,1
YGR179C,855264,1
YGR180C,856510,3
YGR181W,858256,2
YGR183C,859495,5
YGR186W,867764,1
YGR187C,871432,1
YGR189C,878282,2
YGR191W,880387,1
YGR192C,883849,28
YGR193C,885830,2
YGR201C,903219,1
YGR202C,904835,1
YGR208W,911824,1
YGR209C,913276,17
YGR211W,915162,2
YGR213C,919915,1
YGR214W,920556,8
YGR215W,922135,3
YGR220C,936889,1
YGR222W,939914,1
YGR227W,947352,1
YGR229C,951174,2
YGR230W,951725,1
YGR231C,953528,2
YGR234W,959884,22
YGR235C,962087,1
YGR243W,977290,1
YGR244C,979386,1
YGR245C,982166,1
YGR250C,993737,2
YGR251W,995404,1
YGR252W,996576,1
YGR253C,999182,1
YGR254W,1000890,22
YGR257C,1007399,1
YGR260W,1012298,1
YGR262C,1017782,1
YGR267C,1025851,1
YGR272C,1038523,1
YGR275W,1043257,2
YGR279C,1050065,1
YGR281W,1052643,1
YGR282C,1058752,7
YGR283C,1060048,1
YGR284C,1061614,1
YHL002W,102220,1
YHL011C,81705,1
YHL013C,78360,1
YHL015W,75382,2
YHL020C,67535,1
YHL023C,62564,1
YHL025W,54850,1
YHL027W,51033,1
YHL031C,39488,1
YHL034C,34196,2
YHL039W,21731,1
YHL044W,13549,1
YHR001W-A,107773,3
YHR003C,111328,1
YHR005C-A,115935,12
YHR006W,117760,1
YHR007C,121843,3
YHR007C-A,122766,1
YHR008C,123619,1
YHR009C,125915,2
YHR010W,126511,7
YHR012W,129328,1
YHR013C,131479,1
YHR017W,138686,1
YHR018C,141457,3
YHR019C,143600,2
YHR020W,143851,1
YHR021C,148704,21
YHR024C,159203,1
YHR025W,159400,1
YHR026W,160729,1
YHR027C,164744,1
YHR028C,167482,1
YHR030C,170360,1
YHR034C,178004,2
YHR038W,183841,1
YHR039C-A,187696,4
YHR042W,190503,1
YHR043C,193604,1
YHR046C,198325,2
YHR049W,206427,2
YHR052W,210418,1
YHR057C,218881,1
YHR058C,219902,1
YHR059W,220002,1
YHR064C,227174,1
YHR065C,229082,2
YHR068W,232069,3
YHR069C,234672,1
YHR071W,236642,2
YHR072W,239013,1
YHR072W-A,241637,4
YHR077C,255817,1
YHR081W,267513,1
YHR087W,280745,2
YHR088W,281312,1
YHR089C,283330,6
YHR092C,288886,6
YHR099W,302716,2
YHR102W,316416,1
YHR104W,323371,3
YHR110W,332256,1
YHR117W,342317,1
YHR121W,352702,3
YHR127W,360868,1
YHR132C,369836,1
YHR132W-A,370007,1
YHR135C,374400,1
YHR137W,375429,1
YHR138C,377710,6
YHR141C,382774,31
YHR143W,385246,1
YHR143W-A,387203,5
YHR144C,388747,1
YHR146W,390262,1
YHR147C,393318,1
YHR148W,393514,1
YHR151C,401016,1
YHR162W,422905,3
YHR171W,445704,1
YHR174W,451297,6
YHR175W,452778,1
YHR179W,462456,1
YHR180W-A,466635,1
YHR183W,470873,1
YHR187W,480955,2
YHR193C,488260,4
YHR196W,491887,1
YHR199C,498432,1
YHR203C,505568,3
YHR208W,517507,1
YHR210C,521818,1
YHR216W,554290,10
YIL002W-A,350274,3
YIL003W,348696,1
YIL008W,342490,3
YIL014C-A,325566,1
YIL014W,325929,1
YIL018W,316744,16
YIL021W,312871,1
YIL022W,311047,1
YIL023C,310578,1
YIL027C,304116,1
YIL031W,292463,1
YIL033C,291749,1
YIL034C,290102,2
YIL035C,289017,1
YIL038C,282892,1
YIL040W,277714,3
YIL041W,276503,1
YIL047C,267841,1
YIL048W,261179,1
YIL051C,258334,2
YIL052C,257093,11
YIL059C,246921,1
YIL062C,244500,1
YIL065C,241814,3
YIL069C,232402,2
YIL075C,220737,1
YIL078W,212456,5
YIL083C,204758,1
YIL088C,199476,1
YIL093C,188859,1
YIL094C,187697,2
YIL098C,180247,1
YIL105C,169778,1
YIL106W,166391,1
YIL107C,165939,1
YIL108W,160865,1
YIL109C,160196,1
YIL113W,150525,1
YIL117C,141698,1
YIL118W,139634,1
YIL120W,134007,1
YIL122W,130348,1
YIL124W,126167,1
YIL125W,122540,1
YIL127C,117676,1
YIL128W,113722,1
YIL133C,99425,1
YIL136W,93561,1
YIL138C,89733,2
YIL143C,83075,1
YIL144W,77994,1
YIL145C,77327,1
YIL146C,76058,1
YIL148W,68697,14
YIL154C,55046,1
YIL157C,47546,2
YIL158W,46190,1
YIL160C,41540,1
YIL161W,39408,1
YIL164C,34716,1
YIR001C,356951,1
YIR009W,374459,1
YIR011C,378268,1
YIR012W,378461,1
YIR025W,403620,1
YIR032C,415679,1
YIR035C,421813,1
YIR038C,424524,1
YJL001W,435195,5
YJL002C,434756,2
YJL006C,424254,1
YJL016W,405500,1
YJL026W,392432,2
YJL030W,387663,1
YJL033W,383638,1
YJL034W,381367,2
YJL044C,359758,1
YJL048C,348739,2
YJL049W,346028,1
YJL052W,338275,68
YJL053W,335937,1
YJL054W,334338,1
YJL055W,333397,1
YJL060W,323420,1
YJL062W-A,316773,1
YJL063C,316554,1
YJL065C,315646,1
YJL066C,314985,1
YJL068C,314028,1
YJL069C,312789,1
YJL072C,305960,2
YJL076W,295301,1
YJL078C,294142,1
YJL079C,291016,2
YJL081C,285353,1
YJL082W,281183,1
YJL088W,268851,1
YJL097W,245625,1
YJL098W,242033,1
YJL099W,239415,1
YJL100W,236896,1
YJL104W,227364,1
YJL107C,220189,1
YJL110C,211744,1
YJL112W,205378,1
YJL115W,196324,1
YJL116C,195150,2
YJL117W,192527,1
YJL119C,192313,1
YJL122W,189777,1
YJL123C,189526,3
YJL125C,186795,1
YJL127C-B,181851,4
YJL131C,165461,2
YJL133C-A,159930,1
YJL133W,160633,1
YJL136C,157409,2
YJL138C,154817,2
YJL140W,150946,1
YJL143W,147150,4
YJL145W,145203,1
YJL148W,140459,1
YJL151C,136884,2
YJL155C,130840,1
YJL158C,123063,8
YJL159W,120395,11
YJL164C,111235,1
YJL165C,109613,1
YJL166W,106380,6
YJL167W,104958,5
YJL171C,100920,1
YJL172W,97701,1
YJL173C,96537,3
YJL174W,94977,2
YJL176C,94539,1
YJL177W,90706,1
YJL178C,90113,1
YJL179W,88676,1
YJL180C,88577,2
YJL184W,83407,1
YJL186W,80134,1
YJL189W,75907,19
YJL190C,75315,9
YJL191W,73703,1
YJL192C,73441,1
YJL194W,69301,1
YJL200C,58836,1
YJL201W,54375,1
YJL205C,50452,2
YJL208C,41198,1
YJL209W,37909,1
YJL217W,23082,1
YJR001W,436859,1
YJR008W,452122,1
YJR009C,454807,7
YJR010C-A,458454,1
YJR013W,460430,1
YJR016C,466301,4
YJR017C,467133,2
YJR021C,469701,2
YJR024C,471053,3
YJR025C,471759,1
YJR031C,490961,1
YJR044C,519326,1
YJR045C,521819,2
YJR048W,526367,2
YJR050W,528752,1
YJR055W,538840,1
YJR056C,542733,1
YJR057W,544130,2
YJR058C,545323,1
YJR063W,555250,1
YJR066W,559462,1
YJR069C,569508,1
YJR070C,570757,1
YJR073C,573042,1
YJR075W,574010,2
YJR076C,576708,1
YJR077C,578276,1
YJR080C,581717,1
YJR082C,582401,1
YJR085C,585552,4
YJR088C,587473,1
YJR090C,594691,1
YJR094C,606190,1
YJR094W-A,608351,5
YJR097W,612428,1
YJR099W,615561,1
YJR100C,617457,1
YJR101W,618216,1
YJR102C,619852,1
YJR104C,623135,4
YJR105W,623636,1
YJR106W,624908,1
YJR111C,636880,1
YJR113C,639073,1
YJR116W,640713,1
YJR118C,644217,1
YJR122W,649358,1
YJR123W,651943,6
YJR130C,667243,1
YJR133W,673032,1
YJR135C,676908,1
YJR135W-A,677029,1
YJR139C,690708,3
YJR143C,700724,1
YJR144W,700928,1
YJR145C,703156,2
YJR154W,725736,1
YKL002W,437702,1
YKL004W,435326,1
YKL006W,431866,1
YKL007W,429295,1
YKL009W,426200,1
YKL013C,418059,1
YKL016C,408060,1
YKL018C-A,403932,1
YKL028W,385737,1
YKL032C,381877,1
YKL033W-A,374429,1
YKL038W,365381,1
YKL040C,361844,1
YKL046C,352803,1
YKL049C,346808,1
YKL050C,345690,1
YKL052C,340553,1
YKL054C,338853,1
YKL056C,334937,7
YKL057C,334027,1
YKL058W,330136,2
YKL060C,327511,20
YKL062W,323225,1
YKL063C,321647,1
YKL064W,317625,1
YKL065C,317070,1
YKL067W,314742,2
YKL068W,310079,1
YKL068W-A,309161,1
YKL071W,305081,3
YKL074C,296216,1
YKL075C,294403,1
YKL077W,291401,1
YKL078W,288824,1
YKL080W,284935,2
YKL081W,282847,1
YKL082C,282358,1
YKL084W,280250,1
YKL085W,279029,3
YKL094W,263326,2
YKL096W-A,259205,41
YKL099C,256483,1
YKL101W,248665,1
YKL103C,247710,2
YKL104C,245501,1
YKL106W,237441,1
YKL109W,231810,1
YKL110C,230112,1
YKL113C,225898,1
YKL114C,224491,1
YKL117W,220285,4
YKL120W,217254,2
YKL121W,213918,1
YKL122C,213020,2
YKL126W,205499,2
YKL127W,203516,1
YKL128C,201789,1
YKL130C,196073,1
YKL138C,185780,3
YKL140W,180557,1
YKL141W,179640,6
YKL143W,176728,1
YKL145W,174190,5
YKL149C,168998,1
YKL150W,166473,1
YKL151C,165954,1
YKL152C,164408,15
YKL156W,158595,4
YKL159C,154479,1
YKL160W,153248,1
YKL163W,144321,3
YKL164C,142894,2
YKL167C,134140,1
YKL170W,130555,3
YKL171W,127444,1
YKL174C,122264,1
YKL180W,109248,1
YKL182W,100267,1
YKL185W,94142,1
YKL186C,93556,2
YKL190W,82913,1
YKL193C,80043,1
YKL194C,78695,2
YKL195W,75791,2
YKL196C,75576,4
YKL208W,46965,1
YKL213C,34133,1
YKL216W,25173,2
YKL218C,18379,1
YKL220C,11357,1
YKR001C,442744,1
YKR006C,451228,1
YKR007W,451411,1
YKR008W,452193,1
YKR013W,463919,1
YKR014C,466164,1
YKR017C,473591,1
YKR019C,478145,1
YKR022C,483197,1
YKR023W,483386,1
YKR025W,487764,1
YKR029C,499854,1
YKR035W-A,507901,1
YKR039W,514991,2
YKR043C,521732,1
YKR046C,525083,5
YKR048C,526659,3
YKR049C,527237,1
YKR052C,533535,1
YKR055W,548183,1
YKR057W,551627,7
YKR059W,554950,2
YKR060W,556486,1
YKR065C,565917,1
YKR066C,567220,1
YKR068C,570960,1
YKR069W,571549,1
YKR071C,575984,1
YKR073C,578665,1
YKR074W,579170,2
YKR077W,583625,1
YKR080W,590332,1
YKR082W,592805,1
YKR085C,599687,2
YKR094C,618761,2
YKR100C,640328,1
YLL003W,143144,1
YLL008W,131698,3
YLL009C,131466,5
YLL011W,127512,2
YLL014W,121304,5
YLL019C,108138,2
YLL024C,97515,2
YLL026W,88571,1
YLL027W,87192,1
YLL029W,81334,1
YLL034C,73165,1
YLL039C,65318,7
YLL041C,53974,3
YLL045C,48651,6
YLL050C,40439,6
YLL051C,39697,1
YLL052C,36506,1
YLL054C,35211,1
YLL055W,30073,2
YLR005W,160029,1
YLR009W,166360,1
YLR010C,167815,2
YLR011W,169028,1
YLR024C,193465,1
YLR025W,194381,1
YLR028C,201458,1
YLR029C,202613,19
YLR036C,222133,1
YLR038C,225253,3
YLR044C,234111,13
YLR048W,242200,1
YLR051C,246997,1
YLR056W,253765,1
YLR058C,259485,1
YLR059C,260568,1
YLR060W,260950,1
YLR061W,263165,1
YLR065C,266952,2
YLR068W,270943,1
YLR069C,273921,1
YLR074C,282477,1
YLR075W,282906,36
YLR078C,286578,1
YLR083C,296206,1
YLR085C,302004,1
YLR089C,320214,1
YLR093C,327462,1
YLR099W-A,341294,1
YLR108C,368180,1
YLR109W,368744,8
YLR110C,370141,90
YLR118C,385436,1
YLR120C,388323,1
YLR126C,395599,1
YLR130C,404256,1
YLR137W,416997,1
YLR142W,425158,1
YLR147C,434481,1
YLR150W,440430,1
YLR153C,447596,1
YLR163C,493278,1
YLR165C,495266,1
YLR167W,498890,22
YLR170C,501065,1
YLR175W,506081,1
YLR178C,513846,2
YLR180W,515206,2
YLR185W,522642,25
YLR186W,523550,1
YLR189C,534452,1
YLR190W,534836,2
YLR191W,537241,1
YLR192C,539632,2
YLR193C,540546,1
YLR194C,541580,2
YLR195C,543309,1
YLR196W,543896,3
YLR197W,546061,2
YLR204W,552241,2
YLR205C,553722,1
YLR206W,554439,1
YLR208W,559435,2
YLR216C,573242,3
YLR220W,576688,1
YLR221C,579069,1
YLR223C,585777,1
YLR226W,589299,1
YLR227C,592227,1
YLR229C,604957,1
YLR241W,620455,1
YLR242C,623960,1
YLR243W,624173,1
YLR249W,636741,6
YLR250W,640273,3
YLR251W,641133,1
YLR254C,645059,1
YLR257W,658643,2
YLR259C,665026,1
YLR260W,665722,1
YLR262C-A,669684,5
YLR264W,673092,1
YLR265C,675457,2
YLR268W,680178,1
YLR270W,681080,1
YLR275W,694326,1
YLR276C,696893,1
YLR283W,705110,1
YLR285W,707351,1
YLR286C,710367,1
YLR287C,712376,1
YLR287C-A,713177,48
YLR288C,714921,1
YLR291C,719489,1
YLR292C,720384,1
YLR293C,721453,1
YLR297W,723891,2
YLR300W,728857,5
YLR301W,730795,3
YLR303W,732504,3
YLR304C,737586,2
YLR307C-A,747324,1
YLR309C,751990,1
YLR325C,781400,70
YLR326W,782146,1
YLR327C,783475,4
YLR330W,787653,1
YLR333C,796367,3
YLR336C,802461,1
YLR340W,805827,2
YLR342W,809740,1
YLR344W,819291,3
YLR350W,828683,2
YLR354C,837403,4
YLR355C,839332,10
YLR356W,840265,1
YLR359W,844243,1
YLR360W,846070,1
YLR361C-A,849719,1
YLR362W,849836,1
YLR363W-A,853449,2
YLR364W,854027,1
YLR367W,856393,1
YLR370C,862294,3
YLR372W,867139,1
YLR375W,871670,1
YLR378C,877383,1
YLR383W,885207,1
YLR387C,897758,1
YLR390W-A,903676,2
YLR395C,910008,3
YLR406C,931773,4
YLR409C,937295,1
YLR413W,951107,1
YLR420W,963706,1
YLR421C,965601,2
YLR432W,1002449,4
YLR438C-A,1014245,2
YLR438W,1012463,1
YLR441C,1018936,22
YLR442C,1022289,1
YLR447C,1027924,1
YLR452C,1041442,1
YLR453C,1043034,1
YLR455W,1053417,1
YML001W,267081,2
YML004C,262700,2
YML007W,253699,1
YML008C,253024,1
YML009C,251550,3
YML014W,243193,1
YML016C,241803,1
YML017W,236504,1
YML019W,233412,1
YML022W,228915,2
YML024W,225863,12
YML025C,225407,1
YML026C,223850,8
YML028W,220109,9
YML030W,216385,1
YML031W,214167,1
YML036W,205607,1
YML038C,204244,1
YML043C,191931,1
YML046W,181387,1
YML048W,178417,2
YML050W,173125,1
YML052W,170394,1
YML053C,169822,1
YML054C,167405,1
YML055W,164787,1
YML056C,164230,2
YML057W,159902,1
YML058W,159350,2
YML062C,148719,1
YML063W,146456,13
YML064C,145928,1
YML065W,142116,1
YML067C,140215,1
YML069W,135454,2
YML072C,129460,1
YML073C,124217,1
YML074C,121330,1
YML077W,111865,1
YML078W,110977,1
YML079W,110238,3
YML081C-A,104198,7
YML086C,97527,1
YML087C,95379,1
YML088W,92166,1
YML092C,86760,3
YML093W,83076,1
YML094W,82258,2
YML098W,77254,1
YML104C,62360,1
YML106W,56465,2
YML108W,54772,2
YML110C,50978,2
YML116W,38113,1
YML120C,29842,1
YML121W,26861,1
YML123C,25839,12
YML125C,21709,1
YML127W,17038,1
YML128C,16709,2
YML129C,14762,2
YML131W,10164,1
YMR002W,272106,1
YMR004W,273963,1
YMR005W,275974,1
YMR006C,279739,1
YMR009W,283655,2
YMR010W,284891,1
YMR012W,291011,1
YMR015C,302530,1
YMR028W,327459,1
YMR029C,330260,1
YMR033W,337745,1
YMR035W,341141,1
YMR037C,346946,1
YMR038C,348269,1
YMR039C,349618,1
YMR040W,350224,2
YMR043W,353428,1
YMR049C,370999,1
YMR052W,379566,1
YMR054W,383097,1
YMR071C,411296,1
YMR072W,411526,1
YMR074C,413480,3
YMR077C,422158,1
YMR081C,431224,1
YMR088C,445198,1
YMR089C,448285,1
YMR090W,449199,4
YMR091C,451403,1
YMR096W,458358,1
YMR097C,460577,1
YMR099C,464847,1
YMR102C,472682,1
YMR104C,475478,1
YMR105C,477665,3
YMR108W,483888,1
YMR110C,492001,1
YMR111C,493841,1
YMR112C,494607,1
YMR113W,494929,1
YMR116C,500717,4
YMR122W-A,511271,20
YMR130W,532047,2
YMR131C,534743,1
YMR132C,535614,1
YMR136W,541098,1
YMR142C,551219,2
YMR143W,551907,19
YMR145C,556514,1
YMR146C,558531,1
YMR149W,560919,1
YMR153W,564388,1
YMR155W,568498,1
YMR158W,572192,1
YMR161W,577666,1
YMR169C,600910,1
YMR174C,610399,3
YMR178W,618440,1
YMR181C,624234,1
YMR183C,627848,2
YMR184W,628138,1
YMR186W,632320,3
YMR188C,637078,2
YMR189W,637443,1
YMR192W,647090,1
YMR193W,650036,1
YMR194W,651119,1
YMR195W,653982,1
YMR197C,659216,1
YMR200W,664668,1
YMR201C,667171,1
YMR202W,667507,1
YMR203W,668472,1
YMR204C,671781,1
YMR205C,674821,1
YMR214W,695344,1
YMR217W,701697,1
YMR221C,715455,1
YMR222C,716337,1
YMR226C,722416,1
YMR228W,724597,2
YMR229C,731166,1
YMR230W,732382,9
YMR233W,739183,1
YMR236W,742961,1
YMR239C,749726,1
YMR242C,754241,9
YMR243C,756192,1
YMR246W,759563,1
YMR251W-A,774711,57
YMR255W,777973,1
YMR256C,779138,6
YMR260C,789864,4
YMR263W,794908,1
YMR264W,795759,1
YMR265C,798365,1
YMR267W,801698,1
YMR270C,806535,1
YMR271C,807698,1
YMR272C,810820,1
YMR273C,814143,1
YMR276W,818799,1
YMR278W,822723,1
YMR282C,835145,1
YMR284W,838141,1
YMR286W,841920,1
YMR293C,856827,1
YMR295C,858945,5
YMR297W,861845,4
YMR299C,865369,1
YMR303C,874383,3
YMR305C,880240,1
YMR307W,886906,4
YMR309C,895482,1
YMR311C,897625,2
YMR314W,901657,3
YMR316W,904761,13
YMR318C,912170,1
YMR319C,914614,1
YNL002C,627154,1
YNL004W,622895,1
YNL005C,622460,1
YNL006W,620063,1
YNL007C,619692,2
YNL010W,613596,3
YNL011C,613195,1
YNL015W,605332,2
YNL016W,602883,1
YNL024C,587867,1
YNL024C-A,586830,1
YNL027W,579420,1
YNL030W,576697,2
YNL031C,576066,2
YNL036W,559763,1
YNL037C,559115,8
YNL038W,557020,1
YNL042W,547929,1
YNL044W,545234,1
YNL052W,531706,4
YNL055C,518884,9
YNL056W,517165,1
YNL061W,510522,2
YNL064C,507272,2
YNL067W,499674,1
YNL068C,498467,1
YNL069C,495012,3
YNL070W,493313,3
YNL079C,479205,3
YNL081C,476653,1
YNL082W,473346,1
YNL084C,471156,1
YNL093W,449738,1
YNL096C,444347,7
YNL099C,439350,2
YNL100W,437563,1
YNL102W,430003,1
YNL104C,426912,1
YNL106C,424571,1
YNL110C,418526,1
YNL111C,417333,1
YNL112W,413600,2
YNL121C,400566,1
YNL123W,394635,1
YNL129W,381355,1
YNL130C,380850,1
YNL131W,378716,1
YNL134C,373647,3
YNL135C,372243,5
YNL137C,370152,1
YNL138W,366715,2
YNL139C,365768,1
YNL141W,359532,2
YNL142W,357377,1
YNL145W,352352,3
YNL146C-A,351814,1
YNL147W,350858,1
YNL149C,349773,2
YNL151C,348563,1
YNL153C,346090,2
YNL154C,345390,1
YNL155W,342408,2
YNL156C,342119,1
YNL157W,340329,1
YNL158W,339571,1
YNL160W,336490,11
YNL162W,331300,4
YNL162W-A,330319,1
YNL164C,326496,1
YNL168C,318865,3
YNL172W,310535,1
YNL175C,308644,2
YNL176C,307029,1
YNL177C,304654,1
YNL178W,302652,3
YNL181W,298268,1
YNL182C,297687,2
YNL186W,289345,1
YNL188W,286273,1
YNL189W,284063,1
YNL190W,282178,3
YNL192W,276359,1
YNL197C,269947,1
YNL200C,264517,2
YNL201C,263415,1
YNL202W,259542,1
YNL207W,255231,1
YNL208W,254399,3
YNL209W,252036,1
YNL211C,250347,1
YNL217W,240304,4
YNL220W,234384,1
YNL223W,227366,1
YNL224C,227194,1
YNL229C,220312,1
YNL231C,217132,1
YNL232W,214896,2
YNL239W,200518,1
YNL244C,187529,2
YNL246W,185457,1
YNL248C,182652,2
YNL254C,169296,1
YNL255C,167830,1
YNL261W,155026,1
YNL267W,140551,1
YNL271C,135644,1
YNL276C,119121,1
YNL281W,108411,1
YNL283C,106708,1
YNL293W,80584,1
YNL294C,80426,1
YNL295W,76809,1
YNL300W,65630,1
YNL302C,62964,6
YNL306W,58129,1
YNL312W,48252,1
YNL327W,24017,1
YNL330C,19341,1
YNL334C,12920,1
YNR001C,631099,1
YNR003C,635316,1
YNR010W,643725,1
YNR014W,652405,1
YNR015W,653380,1
YNR017W,662661,1
YNR021W,668345,1
YNR022C,670203,1
YNR023W,670373,1
YNR027W,674903,1
YNR030W,678738,1
YNR032C-A,687467,2
YNR034W-A,692489,42
YNR036C,694832,1
YNR037C,695339,1
YNR038W,695587,1
YNR039C,699450,1
YNR040W,699690,1
YNR041C,701664,1
YNR043W,701874,1
YNR052C,720703,1
YNR054C,724332,1
YNR058W,734255,1
YNR061C,743626,1
YNR067C,759502,1
YNR069C,762700,4
YNR070W,765156,1
YOL001W,324871,1
YOL002C,324375,1
YOL004W,316740,1
YOL006C,315543,1
YOL007C,312455,1
YOL012C,304348,1
YOL016C,296142,4
YOL017W,292462,1
YOL022C,281521,3
YOL026C,274364,1
YOL028C,271591,1
YOL030W,268138,1
YOL031C,267538,2
YOL036W,256348,1
YOL038W,255330,2
YOL039W,254267,3
YOL040C,253629,5
YOL042W,249791,2
YOL043C,249560,1
YOL049W,238569,1
YOL051W,234750,1
YOL052C,233670,1
YOL052C-A,231788,4
YOL057W,220589,1
YOL058W,219139,4
YOL062C,212015,1
YOL064C,207194,1
YOL071W,196503,1
YOL073C,194821,1
YOL077C,186791,3
YOL077W-A,185426,5
YOL080C,181471,1
YOL086C,160632,5
YOL093W,142789,1
YOL096C,139074,1
YOL102C,126692,1
YOL103W,123845,2
YOL109W,110268,19
YOL113W,104264,1
YOL115W,101421,1
YOL120C,94422,2
YOL121C,92869,6
YOL122C,91526,1
YOL123W,87460,2
YOL124C,86760,1
YOL125W,83516,1
YOL127W,80327,4
YOL136C,68976,1
YOL139C,61072,2
YOL145C,52840,1
YOL147C,48652,1
YOL149W,44891,1
YOL159C,18026,1
YOL164W-A,4085,1
YOR001W,326792,1
YOR002W,329361,1
YOR006C,338661,1
YOR007C,339997,6
YOR008C,342592,1
YOR014W,357399,1
YOR016C,361137,1
YOR020C,370882,21
YOR020W-A,371639,3
YOR021C,373469,1
YOR023C,377813,1
YOR031W,389189,2
YOR032C,391151,1
YOR038C,405439,1
YOR040W,406791,1
YOR042W,408425,1
YOR044W,412762,1
YOR045W,413832,11
YOR046C,415927,1
YOR047C,417815,1
YOR051C,426543,2
YOR052C,427349,7
YOR053W,427590,1
YOR054C,429898,1
YOR057W,432119,1
YOR059C,440281,1
YOR063W,444664,8
YOR065W,447162,4
YOR067C,453503,1
YOR074C,467849,1
YOR077W,471862,1
YOR079C,474429,2
YOR083W,479437,1
YOR087W,487636,2
YOR089C,490873,1
YOR092W,494920,1
YOR094W,502699,2
YOR095C,504388,1
YOR096W,505767,5
YOR097C,507539,1
YOR099W,511764,1
YOR103C,516862,1
YOR106W,519076,1
YOR114W,537481,1
YOR115C,539516,1
YOR117W,544784,1
YOR120W,550722,1
YOR122C,552915,2
YOR123C,554616,1
YOR124C,558749,1
YOR125C,559759,1
YOR130C,570810,1
YOR131C,572901,1
YOR132W,573095,2
YOR133W,575060,1
YOR136W,580140,1
YOR137C,584012,1
YOR141C,592608,1
YOR142W,592829,1
YOR143C,602391,2
YOR145C,606191,1
YOR150W,611946,1
YOR151C,616957,1
YOR153W,619674,1
YOR155C,627981,1
YOR157C,631786,1
YOR158W,632140,1
YOR163W,642720,1
YOR164C,644369,1
YOR165W,644536,1
YOR167C,649019,39
YOR168W,649275,1
YOR169C,651850,1
YOR172W,654166,1
YOR174W,658649,1
YOR175C,661756,1
YOR176W,662334,1
YOR182C,678813,5
YOR187W,684022,1
YOR198C,720106,1
YOR206W,727483,1
YOR209C,737876,1
YOR210W,738264,2
YOR212W,742885,1
YOR213C,745398,1
YOR215C,747300,4
YOR220W,755324,1
YOR222W,758302,3
YOR224C,761275,2
YOR225W,761125,1
YOR226C,762105,1
YOR230W,770749,1
YOR232W,774456,1
YOR234C,779414,10
YOR236W,780896,1
YOR243C,792258,1
YOR244W,792502,1
YOR245C,795361,1
YOR247W,797443,1
YOR253W,804348,1
YOR257W,810970,1
YOR258W,811663,1
YOR259C,813728,2
YOR261C,817024,3
YOR265W,820420,2
YOR270C,830709,1
YOR271C,832082,1
YOR272W,832766,2
YOR274W,837304,1
YOR276W,841273,4
YOR277C,842181,1
YOR280C,845804,1
YOR281C,847167,1
YOR285W,849629,8
YOR286W,850244,1
YOR290C,860381,1
YOR293W,867071,21
YOR298C-A,877747,3
YOR305W,888954,1
YOR307C,894240,1
YOR308C,896595,1
YOR311C,899975,2
YOR312C,901218,10
YOR317W,909248,1
YOR319W,912818,1
YOR320C,915164,2
YOR329W-A,939081,1
YOR332W,943625,2
YOR336W,949740,1
YOR340C,960211,1
YOR342C,967692,1
YOR344C,978204,1
YOR357C,1009729,1
YOR358W,1009963,1
YOR362C,1018799,3
YOR369C,1028693,26
YOR370C,1031286,1
YOR374W,1039780,1
YOR375C,1043089,7
YOR381W-A,1057963,1
YOR385W,1065035,6
YPL002C,554331,2
YPL004C,551717,2
YPL010W,534953,3
YPL013C,529354,1
YPL014W,527513,1
YPL015C,526939,1
YPL024W,503339,1
YPL026C,502251,2
YPL028W,498042,3
YPL030W,493487,1
YPL031C,493073,2
YPL034W,486376,1
YPL037C,481932,6
YPL043W,469923,2
YPL048W,464378,1
YPL052W,458438,1
YPL053C,458530,2
YPL059W,444519,1
YPL060W,434269,1
YPL063W,429815,1
YPL064C,429651,1
YPL067C,425892,1
YPL070W,420728,1
YPL071C,420548,1
YPL074W,415757,1
YPL078C,408782,5
YPL079W,406611,17
YPL081W,404909,2
YPL083C,398138,1
YPL087W,383333,1
YPL090C,378423,22
YPL091W,375470,1
YPL092W,373654,1
YPL093W,370873,1
YPL094C,370677,1
YPL097W,364932,1
YPL098C,364784,2
YPL101W,360202,1
YPL105C,355435,2
YPL106C,352314,2
YPL107W,349078,1
YPL111W,339904,1
YPL112C,338683,1
YPL117C,328766,2
YPL118W,326542,2
YPL127C,309631,1
YPL128C,308545,1
YPL131W,303099,7
YPL133C,301357,1
YPL134C,299506,1
YPL135W,297405,1
YPL143W,282101,11
YPL145C,279720,1
YPL146C,277565,1
YPL149W,271290,1
YPL154C,261199,1
YPL157W,254739,1
YPL158C,254380,1
YPL160W,246932,1
YPL162C,244062,1
YPL163C,242729,1
YPL170W,228257,1
YPL171C,227394,1
YPL173W,223097,1
YPL179W,207988,2
YPL181W,203337,1
YPL186C,195477,1
YPL189C-A,188604,3
YPL191C,184716,1
YPL198W,173124,1
YPL199C,172766,1
YPL202C,169386,1
YPL204W,164093,2
YPL206C,163620,4
YPL207W,159832,1
YPL208W,157822,1
YPL210C,156343,1
YPL211W,153466,3
YPL212C,153153,2
YPL214C,150232,1
YPL215W,147408,1
YPL216W,143736,1
YPL217C,143218,1
YPL218W,138674,1
YPL220W,135731,1
YPL221W,132843,1
YPL223C,129187,1
YPL225W,125984,3
YPL226W,121738,1
YPL227C,121371,1
YPL229W,117037,1
YPL232W,107117,1
YPL234C,105485,1
YPL235W,103137,1
YPL237W,100449,2
YPL239W,99406,1
YPL240C,98681,3
YPL243W,88227,1
YPL244C,88077,1
YPL246C,85337,1
YPL249C,79359,1
YPL249C-A,76271,2
YPL253C,73016,1
YPL259C,52692,1
YPL266W,39074,1
YPL268W,35191,1
YPL269W,33013,1
YPL273W,25010,1
YPL274W,22880,1
YPR004C,565064,1
YPR010C,581228,1
YPR016C,593125,1
YPR018W,594387,1
YPR020W,599821,5
YPR023C,610070,1
YPR024W,610312,1
YPR028W,623500,5
YPR030W,627805,1
YPR034W,639460,1
YPR035W,642091,21
YPR036W-A,645875,7
YPR041W,648610,3
YPR043W,654148,3
YPR045C,656610,1
YPR051W,664932,1
YPR056W,671084,2
YPR058W,673697,1
YPR061C,676910,1
YPR062W,677158,1
YPR063C,678350,2
YPR065W,679595,1
YPR066W,681066,1
YPR069C,685470,1
YPR070W,685816,1
YPR074C,694898,3
YPR079W,698794,1
YPR080W,700563,31
YPR086W,710058,1
YPR088C,713053,1
YPR091C,718807,1
YPR093C,720539,1
YPR094W,720607,1
YPR098C,729536,1
YPR100W,729771,6
YPR101W,730474,1
YPR102C,731772,7
YPR103W,732281,1
YPR108W,742356,2
YPR109W,744523,1
YPR110C,746844,1
YPR112C,751971,1
YPR113W,752209,1
YPR118W,767733,1
YPR124W,786023,2
YPR131C,794538,2
YPR132W,794941,8
YPR133C,797285,1
YPR133W-A,797528,2
YPR137W,802277,1
YPR138C,812677,1
YPR145W,822566,3
YPR147C,826605,1
YPR149W,829754,8
YPR150W,830795,1
YPR151C,831732,1
YPR156C,840063,1
YPR157W,841215,1
YPR159W,857332,1
YPR160W,861145,1
YPR161C,866515,1
YPR163C,870049,1
YPR165W,875157,6
YPR166C,876666,1
YPR171W,883704,1
YPR172W,885758,1
YPR174C,888721,1
YPR175W,888965,1
YPR178W,892294,1
YPR182W,900129,1
YPR183W,900718,1
YPR187W,911213,1
YPR188C,912483,1
YPR191W,919320,1
YPR194C,927258,1
YPR199C,939085,1
YPR200C,939714,1
YPR202W,942807,1
